model,case_index,true_class,predicted_class,correct,feature_count,num_samples,repeat,runtime_seconds,local_fidelity_score
LogisticRegression,3090,3,2,False,18,500,1,0.008491332999255974,0.4967384087271399
LogisticRegression,3090,3,2,False,18,500,2,0.00728250000247499,0.5101722325577487
LogisticRegression,3090,3,2,False,18,500,3,0.006791541003622115,0.37132401827810546
LogisticRegression,3090,3,2,False,18,500,4,0.006672582996543497,0.43629160055327465
LogisticRegression,3090,3,2,False,18,500,5,0.00704799999948591,0.4367840917617719
LogisticRegression,3090,3,2,False,18,1000,1,0.008978584002761636,0.3954093424535853
LogisticRegression,3090,3,2,False,18,1000,2,0.008637625003757421,0.43256237517867335
LogisticRegression,3090,3,2,False,18,1000,3,0.00826854100159835,0.45221015240752893
LogisticRegression,3090,3,2,False,18,1000,4,0.008212084001570474,0.4049023271334613
LogisticRegression,3090,3,2,False,18,1000,5,0.01080283299961593,0.4331436899985469
LogisticRegression,3090,3,2,False,18,2500,1,0.013833458004228305,0.4388247559880455
LogisticRegression,3090,3,2,False,18,2500,2,0.01355495799361961,0.45464177150025586
LogisticRegression,3090,3,2,False,18,2500,3,0.013299124999321066,0.43799767034821213
LogisticRegression,3090,3,2,False,18,2500,4,0.013673791996552609,0.40885329077668076
LogisticRegression,3090,3,2,False,18,2500,5,0.013238375002401881,0.4365377503878155
LogisticRegression,3090,3,2,False,18,5000,1,0.022285957995336503,0.419266105792897
LogisticRegression,3090,3,2,False,18,5000,2,0.022027040999091696,0.44630177475249744
LogisticRegression,3090,3,2,False,18,5000,3,0.021499958995264024,0.4406698453690421
LogisticRegression,3090,3,2,False,18,5000,4,0.021260375004203524,0.4387536783024554
LogisticRegression,3090,3,2,False,18,5000,5,0.020445041998755187,0.423526916190092
LogisticRegression,3090,3,2,False,18,10000,1,0.035698041996511165,0.4224989921291571
LogisticRegression,3090,3,2,False,18,10000,2,0.03492537499550963,0.4420970306227432
LogisticRegression,3090,3,2,False,18,10000,3,0.034757000001263805,0.4345811375744688
LogisticRegression,3090,3,2,False,18,10000,4,0.03482304199860664,0.4360030276073751
LogisticRegression,3090,3,2,False,18,10000,5,0.03673858299589483,0.43839276002615946
LogisticRegression,3090,3,2,False,36,500,1,0.007085041004756931,0.3536948175911936
LogisticRegression,3090,3,2,False,36,500,2,0.0068621250029536895,0.37245987824863613
LogisticRegression,3090,3,2,False,36,500,3,0.007179250002081972,0.344450043653345
LogisticRegression,3090,3,2,False,36,500,4,0.007613000001583714,0.31210084624055356
LogisticRegression,3090,3,2,False,36,500,5,0.007191374999820255,0.37800421301016807
LogisticRegression,3090,3,2,False,36,1000,1,0.009956292000424583,0.31734095474443524
LogisticRegression,3090,3,2,False,36,1000,2,0.009647040998970624,0.34999370020659115
LogisticRegression,3090,3,2,False,36,1000,3,0.009480709006311372,0.38703393977462164
LogisticRegression,3090,3,2,False,36,1000,4,0.009920999997120816,0.3762351429831782
LogisticRegression,3090,3,2,False,36,1000,5,0.009419292000529822,0.34210265363366876
LogisticRegression,3090,3,2,False,36,2500,1,0.014936667001165915,0.3481870679812077
LogisticRegression,3090,3,2,False,36,2500,2,0.014886750002915505,0.36951553243106583
LogisticRegression,3090,3,2,False,36,2500,3,0.015095875001861714,0.33640621293696926
LogisticRegression,3090,3,2,False,36,2500,4,0.014745000000402797,0.3541807241427172
LogisticRegression,3090,3,2,False,36,2500,5,0.014949583004636224,0.33490134639865143
LogisticRegression,3090,3,2,False,36,5000,1,0.026123124996956903,0.3320109730649441
LogisticRegression,3090,3,2,False,36,5000,2,0.02428812499420019,0.353365750832649
LogisticRegression,3090,3,2,False,36,5000,3,0.023983792001672555,0.3500478380363373
LogisticRegression,3090,3,2,False,36,5000,4,0.02364829200087115,0.358161565580958
LogisticRegression,3090,3,2,False,36,5000,5,0.023403457998938393,0.3361256574879199
LogisticRegression,3090,3,2,False,36,10000,1,0.041836167001747526,0.32885417230245517
LogisticRegression,3090,3,2,False,36,10000,2,0.0454879580065608,0.3490177675582803
LogisticRegression,3090,3,2,False,36,10000,3,0.046857165994879324,0.3468109631678238
LogisticRegression,3090,3,2,False,36,10000,4,0.047410583996679634,0.3456200182443384
LogisticRegression,3090,3,2,False,36,10000,5,0.0444037080014823,0.34089853075094567
LogisticRegression,3090,3,2,False,54,500,1,0.007928916995297186,0.30352926977671246
LogisticRegression,3090,3,2,False,54,500,2,0.007558875004178844,0.325685137876332
LogisticRegression,3090,3,2,False,54,500,3,0.007512666998081841,0.3808842281972329
LogisticRegression,3090,3,2,False,54,500,4,0.0075310000029276125,0.33106122110081737
LogisticRegression,3090,3,2,False,54,500,5,0.00791649999882793,0.21834404342181002
LogisticRegression,3090,3,2,False,54,1000,1,0.010360207998019177,0.25230785145677226
LogisticRegression,3090,3,2,False,54,1000,2,0.00991495800553821,0.3028047147827494
LogisticRegression,3090,3,2,False,54,1000,3,0.009498583000095095,0.31707861606413756
LogisticRegression,3090,3,2,False,54,1000,4,0.009641750002629124,0.28190579460888454
LogisticRegression,3090,3,2,False,54,1000,5,0.009355166999739595,0.292931829232681
LogisticRegression,3090,3,2,False,54,2500,1,0.01565504100290127,0.300212868247938
LogisticRegression,3090,3,2,False,54,2500,2,0.015538625004410278,0.27510776140981064
LogisticRegression,3090,3,2,False,54,2500,3,0.015783249997184612,0.28416759220249455
LogisticRegression,3090,3,2,False,54,2500,4,0.015641957994375844,0.29284187011256824
LogisticRegression,3090,3,2,False,54,2500,5,0.015613875002600253,0.23571665441164535
LogisticRegression,3090,3,2,False,54,5000,1,0.02719487499416573,0.2315448324344317
LogisticRegression,3090,3,2,False,54,5000,2,0.026094540997291915,0.2659011160041622
LogisticRegression,3090,3,2,False,54,5000,3,0.028066999999282416,0.28142286235620295
LogisticRegression,3090,3,2,False,54,5000,4,0.02767479199974332,0.2594792286758151
LogisticRegression,3090,3,2,False,54,5000,5,0.027061624998168554,0.275018545103337
LogisticRegression,3090,3,2,False,54,10000,1,0.046075042002485134,0.29013754779685996
LogisticRegression,3090,3,2,False,54,10000,2,0.046150041998771485,0.27084701294763125
LogisticRegression,3090,3,2,False,54,10000,3,0.046033250000618864,0.28746710086166494
LogisticRegression,3090,3,2,False,54,10000,4,0.04573050000180956,0.2718567679205196
LogisticRegression,3090,3,2,False,54,10000,5,0.04556462499749614,0.26980131966196685
LogisticRegression,3723,3,2,False,18,500,1,0.006469250001828186,0.4332931914052133
LogisticRegression,3723,3,2,False,18,500,2,0.006281542002398055,0.4737115354181818
LogisticRegression,3723,3,2,False,18,500,3,0.006204750003234949,0.3726123203091495
LogisticRegression,3723,3,2,False,18,500,4,0.009762042005604599,0.4382475878006833
LogisticRegression,3723,3,2,False,18,500,5,0.007232957999804057,0.4009092184115455
LogisticRegression,3723,3,2,False,18,1000,1,0.008763874997384846,0.3746412467131497
LogisticRegression,3723,3,2,False,18,1000,2,0.010936415994365234,0.38882943679315174
LogisticRegression,3723,3,2,False,18,1000,3,0.010005709002143703,0.42804445083457043
LogisticRegression,3723,3,2,False,18,1000,4,0.009934540998074226,0.36990102478040754
LogisticRegression,3723,3,2,False,18,1000,5,0.014818040996033233,0.40802646554990296
LogisticRegression,3723,3,2,False,18,2500,1,0.015165249998972286,0.41386457056115944
LogisticRegression,3723,3,2,False,18,2500,2,0.017783375005819835,0.42541950301107423
LogisticRegression,3723,3,2,False,18,2500,3,0.012970000003406312,0.40121982161857006
LogisticRegression,3723,3,2,False,18,2500,4,0.01275129200075753,0.37968379062641167
LogisticRegression,3723,3,2,False,18,2500,5,0.013162957999156788,0.4008894352880936
LogisticRegression,3723,3,2,False,18,5000,1,0.020650333004596177,0.39749609624082294
LogisticRegression,3723,3,2,False,18,5000,2,0.021067624998977408,0.4093508380167018
LogisticRegression,3723,3,2,False,18,5000,3,0.020517082994047087,0.4021070915616457
LogisticRegression,3723,3,2,False,18,5000,4,0.02026345799822593,0.40145538381092105
LogisticRegression,3723,3,2,False,18,5000,5,0.022942959003557917,0.4016470761809623
LogisticRegression,3723,3,2,False,18,10000,1,0.03623929199966369,0.38537682408303664
LogisticRegression,3723,3,2,False,18,10000,2,0.035381459005293436,0.40615868225528773
LogisticRegression,3723,3,2,False,18,10000,3,0.03539183300017612,0.40191927177055475
LogisticRegression,3723,3,2,False,18,10000,4,0.034366375002718996,0.40990029673469275
LogisticRegression,3723,3,2,False,18,10000,5,0.03520758300146554,0.41613187638546045
LogisticRegression,3723,3,2,False,36,500,1,0.007044500001939014,0.30545942387787783
LogisticRegression,3723,3,2,False,36,500,2,0.006733665999490768,0.35776857386651795
LogisticRegression,3723,3,2,False,36,500,3,0.006945874993107282,0.3358839666437794
LogisticRegression,3723,3,2,False,36,500,4,0.007007833999523427,0.3166208804166063
LogisticRegression,3723,3,2,False,36,500,5,0.006617582999751903,0.34250311614677553
LogisticRegression,3723,3,2,False,36,1000,1,0.008701374994416256,0.29474981548724366
LogisticRegression,3723,3,2,False,36,1000,2,0.008561374997952953,0.32214111222710684
LogisticRegression,3723,3,2,False,36,1000,3,0.008681667000928428,0.3675468481372067
LogisticRegression,3723,3,2,False,36,1000,4,0.008571458005462773,0.33345033858541095
LogisticRegression,3723,3,2,False,36,1000,5,0.008697541001311038,0.3372125211510826
LogisticRegression,3723,3,2,False,36,2500,1,0.014228166000975762,0.3175264037174268
LogisticRegression,3723,3,2,False,36,2500,2,0.01412466700276127,0.3353540210407663
LogisticRegression,3723,3,2,False,36,2500,3,0.013979082999867387,0.3039371489899916
LogisticRegression,3723,3,2,False,36,2500,4,0.013969750005344395,0.3241472778040113
LogisticRegression,3723,3,2,False,36,2500,5,0.014039291003427934,0.3084639569807147
LogisticRegression,3723,3,2,False,36,5000,1,0.02280337499541929,0.30866837051013973
LogisticRegression,3723,3,2,False,36,5000,2,0.022816208002041094,0.3145576499204624
LogisticRegression,3723,3,2,False,36,5000,3,0.022744957997929305,0.31865690236183053
LogisticRegression,3723,3,2,False,36,5000,4,0.022664959004032426,0.31971382606405874
LogisticRegression,3723,3,2,False,36,5000,5,0.022856875002617016,0.3091025924103351
LogisticRegression,3723,3,2,False,36,10000,1,0.040974707997520454,0.3023562842151669
LogisticRegression,3723,3,2,False,36,10000,2,0.042009249998955056,0.3139767233420998
LogisticRegression,3723,3,2,False,36,10000,3,0.04909666700405069,0.30981955419249907
LogisticRegression,3723,3,2,False,36,10000,4,0.11215720800100826,0.3099844520368593
LogisticRegression,3723,3,2,False,36,10000,5,0.6642936659991392,0.31483962773432805
LogisticRegression,3723,3,2,False,54,500,1,0.017840624997916166,0.3311068606455243
LogisticRegression,3723,3,2,False,54,500,2,0.012810207997972611,0.3041539797095266
LogisticRegression,3723,3,2,False,54,500,3,0.012309834004554432,0.3659476196022682
LogisticRegression,3723,3,2,False,54,500,4,0.01281991699943319,0.29153213925371524
LogisticRegression,3723,3,2,False,54,500,5,0.011877083001309074,0.21315677883688222
LogisticRegression,3723,3,2,False,54,1000,1,0.017566625007020775,0.2718009496181675
LogisticRegression,3723,3,2,False,54,1000,2,0.013171874998079147,0.28828490151756825
LogisticRegression,3723,3,2,False,54,1000,3,0.012876875000074506,0.3149364499270173
LogisticRegression,3723,3,2,False,54,1000,4,0.012561625000671484,0.24384662517850453
LogisticRegression,3723,3,2,False,54,1000,5,0.014035207997949328,0.29182970106125505
LogisticRegression,3723,3,2,False,54,2500,1,0.01899250000133179,0.2897026657007514
LogisticRegression,3723,3,2,False,54,2500,2,0.02085079100652365,0.27386723850496186
LogisticRegression,3723,3,2,False,54,2500,3,0.01781108399882214,0.2725038965374019
LogisticRegression,3723,3,2,False,54,2500,4,0.017877375001262408,0.2831771075860433
LogisticRegression,3723,3,2,False,54,2500,5,0.017816583000239916,0.23403639563054035
LogisticRegression,3723,3,2,False,54,5000,1,0.03612450000218814,0.2309441856840534
LogisticRegression,3723,3,2,False,54,5000,2,0.055610333001823165,0.2570831897728795
LogisticRegression,3723,3,2,False,54,5000,3,0.030642499994428363,0.2568216506303964
LogisticRegression,3723,3,2,False,54,5000,4,0.027193207999516744,0.25478429124012036
LogisticRegression,3723,3,2,False,54,5000,5,0.027642707995255478,0.2581752470896572
LogisticRegression,3723,3,2,False,54,10000,1,0.04993212499539368,0.27920126785004584
LogisticRegression,3723,3,2,False,54,10000,2,0.05605916600325145,0.2627256022529687
LogisticRegression,3723,3,2,False,54,10000,3,0.055494209002063144,0.2819537963996275
LogisticRegression,3723,3,2,False,54,10000,4,0.05363424999814015,0.25749396005611447
LogisticRegression,3723,3,2,False,54,10000,5,0.06451641699823085,0.25949809568312354
LogisticRegression,4607,3,2,False,18,500,1,0.010781207995023578,0.6509316979939508
LogisticRegression,4607,3,2,False,18,500,2,0.010474583999894094,0.6825014134708052
LogisticRegression,4607,3,2,False,18,500,3,0.007815625001967419,0.5678990830388613
LogisticRegression,4607,3,2,False,18,500,4,0.0076512920059030876,0.6190769248413475
LogisticRegression,4607,3,2,False,18,500,5,0.007111375001841225,0.6135930201404407
LogisticRegression,4607,3,2,False,18,1000,1,0.009145916999841575,0.6262953651577134
LogisticRegression,4607,3,2,False,18,1000,2,0.010751166002592072,0.606767499775882
LogisticRegression,4607,3,2,False,18,1000,3,0.00910525000654161,0.6786839164521219
LogisticRegression,4607,3,2,False,18,1000,4,0.008665499997732695,0.5910325052958536
LogisticRegression,4607,3,2,False,18,1000,5,0.00929924999945797,0.6164781233431956
LogisticRegression,4607,3,2,False,18,2500,1,0.014225999999325722,0.6313114229014947
LogisticRegression,4607,3,2,False,18,2500,2,0.014082166002481245,0.6421106706173642
LogisticRegression,4607,3,2,False,18,2500,3,0.012493125002947636,0.6149836580585797
LogisticRegression,4607,3,2,False,18,2500,4,0.01233141699776752,0.5935359309100432
LogisticRegression,4607,3,2,False,18,2500,5,0.012409165996359661,0.6144286654818563
LogisticRegression,4607,3,2,False,18,5000,1,0.020187458001601044,0.6031475066835098
LogisticRegression,4607,3,2,False,18,5000,2,0.020168041002762038,0.6294605972335359
LogisticRegression,4607,3,2,False,18,5000,3,0.02171266700315755,0.618411774684618
LogisticRegression,4607,3,2,False,18,5000,4,0.02225641699624248,0.6146937261298289
LogisticRegression,4607,3,2,False,18,5000,5,0.02158691600197926,0.6245687925218772
LogisticRegression,4607,3,2,False,18,10000,1,0.035322707997693215,0.598952504039534
LogisticRegression,4607,3,2,False,18,10000,2,0.035094124999886844,0.6162037403590008
LogisticRegression,4607,3,2,False,18,10000,3,0.03779112499614712,0.6130315187235744
LogisticRegression,4607,3,2,False,18,10000,4,0.038278125000942964,0.6218654668397348
LogisticRegression,4607,3,2,False,18,10000,5,0.03622616700158687,0.6298779827795066
LogisticRegression,4607,3,2,False,36,500,1,0.007374000000709202,0.2970844240021604
LogisticRegression,4607,3,2,False,36,500,2,0.007230665993120056,0.3558184301858852
LogisticRegression,4607,3,2,False,36,500,3,0.007028665997495409,0.33356240939356796
LogisticRegression,4607,3,2,False,36,500,4,0.0067997080041095614,0.3081253221928544
LogisticRegression,4607,3,2,False,36,500,5,0.006685374995868187,0.32878431990971846
LogisticRegression,4607,3,2,False,36,1000,1,0.008547916993848048,0.2987021182279237
LogisticRegression,4607,3,2,False,36,1000,2,0.008610916003817692,0.3197689954596826
LogisticRegression,4607,3,2,False,36,1000,3,0.008540792005078401,0.3487366835820107
LogisticRegression,4607,3,2,False,36,1000,4,0.008661625004606321,0.34882027922238235
LogisticRegression,4607,3,2,False,36,1000,5,0.008793499997409526,0.2940343208706103
LogisticRegression,4607,3,2,False,36,2500,1,0.014821083001152147,0.2958222312730183
LogisticRegression,4607,3,2,False,36,2500,2,0.014511332999973092,0.32417900782292386
LogisticRegression,4607,3,2,False,36,2500,3,0.014657250001619104,0.2950383450378119
LogisticRegression,4607,3,2,False,36,2500,4,0.016578374998061918,0.30810529560804234
LogisticRegression,4607,3,2,False,36,2500,5,0.014512500005366746,0.2930614959635357
LogisticRegression,4607,3,2,False,36,5000,1,0.023496209003496915,0.2909856766181167
LogisticRegression,4607,3,2,False,36,5000,2,0.023089292000804562,0.30019032158746717
LogisticRegression,4607,3,2,False,36,5000,3,0.023888374998932704,0.3005548776794328
LogisticRegression,4607,3,2,False,36,5000,4,0.022917082998901606,0.29969919783511634
LogisticRegression,4607,3,2,False,36,5000,5,0.022721665998687968,0.2971573138360297
LogisticRegression,4607,3,2,False,36,10000,1,0.0407615000003716,0.2863368692515065
LogisticRegression,4607,3,2,False,36,10000,2,0.045078041999659035,0.29514449917704033
LogisticRegression,4607,3,2,False,36,10000,3,0.04249412499484606,0.29286395324672243
LogisticRegression,4607,3,2,False,36,10000,4,0.04245999999693595,0.2971569385548648
LogisticRegression,4607,3,2,False,36,10000,5,0.043395917004090734,0.2953498739787239
LogisticRegression,4607,3,2,False,54,500,1,0.012297291003051214,0.30424256405421424
LogisticRegression,4607,3,2,False,54,500,2,0.008315749997564126,0.28891556677208075
LogisticRegression,4607,3,2,False,54,500,3,0.00838941700203577,0.3836600260023124
LogisticRegression,4607,3,2,False,54,500,4,0.00833470900397515,0.30725539362453835
LogisticRegression,4607,3,2,False,54,500,5,0.007959292001032736,0.21861923694726726
LogisticRegression,4607,3,2,False,54,1000,1,0.01720920799562009,0.28297332339396364
LogisticRegression,4607,3,2,False,54,1000,2,0.016947000003710855,0.2871411278766548
LogisticRegression,4607,3,2,False,54,1000,3,0.00978604099509539,0.32024356841664736
LogisticRegression,4607,3,2,False,54,1000,4,0.009753458005434368,0.24165887490880156
LogisticRegression,4607,3,2,False,54,1000,5,0.009595832998456899,0.2979005254357745
LogisticRegression,4607,3,2,False,54,2500,1,0.015926207997836173,0.28152664466609834
LogisticRegression,4607,3,2,False,54,2500,2,0.01625649999914458,0.2760717090338123
LogisticRegression,4607,3,2,False,54,2500,3,0.017012209005770274,0.28355220789006164
LogisticRegression,4607,3,2,False,54,2500,4,0.01679191600123886,0.2731570682509016
LogisticRegression,4607,3,2,False,54,2500,5,0.01583933300571516,0.23602452867100565
LogisticRegression,4607,3,2,False,54,5000,1,0.02819900000031339,0.23608176699883177
LogisticRegression,4607,3,2,False,54,5000,2,0.02719999999681022,0.24793058823006497
LogisticRegression,4607,3,2,False,54,5000,3,0.02785874999972293,0.2582679548078407
LogisticRegression,4607,3,2,False,54,5000,4,0.028961750002054032,0.2577990819924231
LogisticRegression,4607,3,2,False,54,5000,5,0.029730707996350247,0.25926318151030936
LogisticRegression,4607,3,2,False,54,10000,1,0.04975504100002581,0.26564192824689503
LogisticRegression,4607,3,2,False,54,10000,2,0.04902345799928298,0.25431357482325256
LogisticRegression,4607,3,2,False,54,10000,3,0.05409195800166344,0.2661412300108563
LogisticRegression,4607,3,2,False,54,10000,4,0.04679500000202097,0.25463462252462166
LogisticRegression,4607,3,2,False,54,10000,5,0.048215458999038674,0.249373791685511
LogisticRegression,6031,2,2,True,18,500,1,0.006972625000344124,0.4598484730552801
LogisticRegression,6031,2,2,True,18,500,2,0.006577083993761335,0.48982482509795033
LogisticRegression,6031,2,2,True,18,500,3,0.0064107910002348945,0.39121952196922416
LogisticRegression,6031,2,2,True,18,500,4,0.006662457999482285,0.4385660487112657
LogisticRegression,6031,2,2,True,18,500,5,0.007045749996905215,0.4167685804582465
LogisticRegression,6031,2,2,True,18,1000,1,0.007945917001052294,0.40065021926511335
LogisticRegression,6031,2,2,True,18,1000,2,0.008211624997784384,0.42607683576696176
LogisticRegression,6031,2,2,True,18,1000,3,0.00796624999929918,0.4566612476035131
LogisticRegression,6031,2,2,True,18,1000,4,0.008103582993499003,0.4000694930844775
LogisticRegression,6031,2,2,True,18,1000,5,0.008420541998930275,0.4265701917863073
LogisticRegression,6031,2,2,True,18,2500,1,0.013030916998104658,0.42979106726136784
LogisticRegression,6031,2,2,True,18,2500,2,0.01401383399934275,0.44728203316705895
LogisticRegression,6031,2,2,True,18,2500,3,0.013082834004308097,0.4241014765289358
LogisticRegression,6031,2,2,True,18,2500,4,0.013570915994932875,0.40006392807763835
LogisticRegression,6031,2,2,True,18,2500,5,0.01668170799530344,0.4122556973138427
LogisticRegression,6031,2,2,True,18,5000,1,0.02068212500307709,0.41156834467630643
LogisticRegression,6031,2,2,True,18,5000,2,0.020197875004669186,0.4340911297984308
LogisticRegression,6031,2,2,True,18,5000,3,0.019866291993821505,0.42332465267771224
LogisticRegression,6031,2,2,True,18,5000,4,0.019957958000304643,0.42172447634185173
LogisticRegression,6031,2,2,True,18,5000,5,0.019717666997166816,0.4162850154706562
LogisticRegression,6031,2,2,True,18,10000,1,0.03439499999512918,0.4074982665521061
LogisticRegression,6031,2,2,True,18,10000,2,0.03453470800013747,0.4251160712751849
LogisticRegression,6031,2,2,True,18,10000,3,0.03422566699737217,0.42322905666350763
LogisticRegression,6031,2,2,True,18,10000,4,0.034236375002365094,0.42340581333409877
LogisticRegression,6031,2,2,True,18,10000,5,0.03467041599651566,0.4345530484856521
LogisticRegression,6031,2,2,True,36,500,1,0.006990000001678709,0.34566381639757293
LogisticRegression,6031,2,2,True,36,500,2,0.006687792003504001,0.36339860275079416
LogisticRegression,6031,2,2,True,36,500,3,0.006830999998783227,0.3486480209813483
LogisticRegression,6031,2,2,True,36,500,4,0.007577707998279948,0.3283267886676555
LogisticRegression,6031,2,2,True,36,500,5,0.006735290997312404,0.3536143585523258
LogisticRegression,6031,2,2,True,36,1000,1,0.008944291999796405,0.31612927171265115
LogisticRegression,6031,2,2,True,36,1000,2,0.00864637500490062,0.34410443494202225
LogisticRegression,6031,2,2,True,36,1000,3,0.009075959002075251,0.3798699377175765
LogisticRegression,6031,2,2,True,36,1000,4,0.009273333998862654,0.3595454457447571
LogisticRegression,6031,2,2,True,36,1000,5,0.00987929200346116,0.32128497274530654
LogisticRegression,6031,2,2,True,36,2500,1,0.014804457998252474,0.32523748535114694
LogisticRegression,6031,2,2,True,36,2500,2,0.015362666999862995,0.35625199114036776
LogisticRegression,6031,2,2,True,36,2500,3,0.015458791996934451,0.321846183898884
LogisticRegression,6031,2,2,True,36,2500,4,0.015038458004710265,0.33543163326592573
LogisticRegression,6031,2,2,True,36,2500,5,0.015048165994812734,0.3236420592502478
LogisticRegression,6031,2,2,True,36,5000,1,0.023483541001041885,0.31668880801918853
LogisticRegression,6031,2,2,True,36,5000,2,0.02308541700040223,0.32888467891933615
LogisticRegression,6031,2,2,True,36,5000,3,0.023311917000683025,0.33066601801265727
LogisticRegression,6031,2,2,True,36,5000,4,0.022895709000295028,0.33142840492889336
LogisticRegression,6031,2,2,True,36,5000,5,0.022828708002634812,0.32859861994818695
LogisticRegression,6031,2,2,True,36,10000,1,0.04086820800148416,0.31818191906521487
LogisticRegression,6031,2,2,True,36,10000,2,0.04392566699971212,0.3256150278250507
LogisticRegression,6031,2,2,True,36,10000,3,0.04173416699632071,0.3232683247148831
LogisticRegression,6031,2,2,True,36,10000,4,0.04589095900155371,0.32181831947875805
LogisticRegression,6031,2,2,True,36,10000,5,0.0423083330024383,0.3254970339443731
LogisticRegression,6031,2,2,True,54,500,1,0.008060166997893248,0.2955539446304213
LogisticRegression,6031,2,2,True,54,500,2,0.007574667004519142,0.2899946193644444
LogisticRegression,6031,2,2,True,54,500,3,0.0077152090016170405,0.3610356308185465
LogisticRegression,6031,2,2,True,54,500,4,0.007757207997201476,0.2880013393175459
LogisticRegression,6031,2,2,True,54,500,5,0.007870041001297068,0.21190640796102733
LogisticRegression,6031,2,2,True,54,1000,1,0.009654540997871663,0.2585131468500357
LogisticRegression,6031,2,2,True,54,1000,2,0.00959204100217903,0.2899204613610108
LogisticRegression,6031,2,2,True,54,1000,3,0.009659707997343503,0.3186802695074966
LogisticRegression,6031,2,2,True,54,1000,4,0.010226500002318062,0.2417471296394199
LogisticRegression,6031,2,2,True,54,1000,5,0.01033725000161212,0.29536724055432373
LogisticRegression,6031,2,2,True,54,2500,1,0.01655604199913796,0.27840299734803053
LogisticRegression,6031,2,2,True,54,2500,2,0.01611804199637845,0.2755369085204362
LogisticRegression,6031,2,2,True,54,2500,3,0.01583550000214018,0.2816518914866186
LogisticRegression,6031,2,2,True,54,2500,4,0.01606375000119442,0.27171281013138304
LogisticRegression,6031,2,2,True,54,2500,5,0.016513458998815622,0.23419900146712325
LogisticRegression,6031,2,2,True,54,5000,1,0.026904708000074606,0.23142428470280374
LogisticRegression,6031,2,2,True,54,5000,2,0.027100708000943996,0.24661922301079808
LogisticRegression,6031,2,2,True,54,5000,3,0.026843167004699353,0.2573803486943509
LogisticRegression,6031,2,2,True,54,5000,4,0.026659207993361633,0.2604438479198452
LogisticRegression,6031,2,2,True,54,5000,5,0.02581116699730046,0.259264284361189
LogisticRegression,6031,2,2,True,54,10000,1,0.046005458003492095,0.2659361015091335
LogisticRegression,6031,2,2,True,54,10000,2,0.04540804099815432,0.25431083534113275
LogisticRegression,6031,2,2,True,54,10000,3,0.04546587500226451,0.26584710874204664
LogisticRegression,6031,2,2,True,54,10000,4,0.04552295799658168,0.25429343528805215
LogisticRegression,6031,2,2,True,54,10000,5,0.04641583400371019,0.26080939900014866
LogisticRegression,7875,5,1,False,18,500,1,0.006411540998669807,0.11745279322037205
LogisticRegression,7875,5,1,False,18,500,2,0.006127416992967483,0.14237754269583192
LogisticRegression,7875,5,1,False,18,500,3,0.006059291001292877,0.10323432622496476
LogisticRegression,7875,5,1,False,18,500,4,0.006132624999736436,0.12506146660101702
LogisticRegression,7875,5,1,False,18,500,5,0.006235208005819004,0.11886848302329733
LogisticRegression,7875,5,1,False,18,1000,1,0.0079606250001234,0.07818570341950493
LogisticRegression,7875,5,1,False,18,1000,2,0.0076793749976786785,0.09492790078682811
LogisticRegression,7875,5,1,False,18,1000,3,0.007716667001659516,0.11878446987932567
LogisticRegression,7875,5,1,False,18,1000,4,0.007595999995828606,0.12784812659413025
LogisticRegression,7875,5,1,False,18,1000,5,0.007625749996805098,0.12265189848921398
LogisticRegression,7875,5,1,False,18,2500,1,0.01252595900587039,0.10592044479178897
LogisticRegression,7875,5,1,False,18,2500,2,0.012330041994573548,0.10846312098750055
LogisticRegression,7875,5,1,False,18,2500,3,0.01223720900452463,0.10232543426739149
LogisticRegression,7875,5,1,False,18,2500,4,0.012352791003650054,0.11266865829499706
LogisticRegression,7875,5,1,False,18,2500,5,0.01229991699801758,0.08641392792237312
LogisticRegression,7875,5,1,False,18,5000,1,0.019793499996012542,0.09105850712618169
LogisticRegression,7875,5,1,False,18,5000,2,0.019846124996547587,0.1042097229918062
LogisticRegression,7875,5,1,False,18,5000,3,0.019886791000317317,0.09437828346142318
LogisticRegression,7875,5,1,False,18,5000,4,0.02005170800111955,0.10885540757018519
LogisticRegression,7875,5,1,False,18,5000,5,0.020040166993567254,0.09476090021106998
LogisticRegression,7875,5,1,False,18,10000,1,0.03457233299559448,0.1117621270467325
LogisticRegression,7875,5,1,False,18,10000,2,0.034658459000638686,0.10449683066353233
LogisticRegression,7875,5,1,False,18,10000,3,0.03452520800055936,0.09364174319221219
LogisticRegression,7875,5,1,False,18,10000,4,0.034507666001445614,0.10343678911050957
LogisticRegression,7875,5,1,False,18,10000,5,0.03465795899683144,0.09283067464995653
LogisticRegression,7875,5,1,False,36,500,1,0.007158625005104113,0.06425841346166461
LogisticRegression,7875,5,1,False,36,500,2,0.006856250001874287,0.08353225260564523
LogisticRegression,7875,5,1,False,36,500,3,0.006740625001839362,0.13476246668286884
LogisticRegression,7875,5,1,False,36,500,4,0.006708667002385482,0.1341826428986015
LogisticRegression,7875,5,1,False,36,500,5,0.0066582500003278255,0.09854490021839812
LogisticRegression,7875,5,1,False,36,1000,1,0.008635250000224914,0.0990957121454884
LogisticRegression,7875,5,1,False,36,1000,2,0.008475750000798143,0.10864456848888127
LogisticRegression,7875,5,1,False,36,1000,3,0.009219457999279257,0.15263509918236506
LogisticRegression,7875,5,1,False,36,1000,4,0.008597374995588325,0.12130307924909944
LogisticRegression,7875,5,1,False,36,1000,5,0.008824584001558833,0.10951155289021308
LogisticRegression,7875,5,1,False,36,2500,1,0.014696541999001056,0.11160675301233902
LogisticRegression,7875,5,1,False,36,2500,2,0.014205542000127025,0.10467171217978266
LogisticRegression,7875,5,1,False,36,2500,3,0.01402020800014725,0.07917397547527483
LogisticRegression,7875,5,1,False,36,2500,4,0.014065915995161049,0.10772778045125642
LogisticRegression,7875,5,1,False,36,2500,5,0.014054082996153738,0.07712462467872205
LogisticRegression,7875,5,1,False,36,5000,1,0.022837917000288144,0.0925926670139181
LogisticRegression,7875,5,1,False,36,5000,2,0.0227759170011268,0.08800164146327405
LogisticRegression,7875,5,1,False,36,5000,3,0.022758291001082398,0.0947632962208218
LogisticRegression,7875,5,1,False,36,5000,4,0.022786082998209167,0.09992647382678843
LogisticRegression,7875,5,1,False,36,5000,5,0.02275154100061627,0.09665332141521554
LogisticRegression,7875,5,1,False,36,10000,1,0.03986858400458004,0.10822309683036224
LogisticRegression,7875,5,1,False,36,10000,2,0.03973775000486057,0.08948097547875022
LogisticRegression,7875,5,1,False,36,10000,3,0.03982470799383009,0.1003924984907072
LogisticRegression,7875,5,1,False,36,10000,4,0.03984024999954272,0.10065126860336637
LogisticRegression,7875,5,1,False,36,10000,5,0.03981983300036518,0.0916810440005853
LogisticRegression,7875,5,1,False,54,500,1,0.0075207080008112825,0.12421373378515632
LogisticRegression,7875,5,1,False,54,500,2,0.007441208996169735,0.11278948048803761
LogisticRegression,7875,5,1,False,54,500,3,0.0074394170005689375,0.14205040927221824
LogisticRegression,7875,5,1,False,54,500,4,0.007508041999244597,0.11009745959440331
LogisticRegression,7875,5,1,False,54,500,5,0.007381333001831081,0.11836279604460276
LogisticRegression,7875,5,1,False,54,1000,1,0.00954679100686917,0.14960258463873055
LogisticRegression,7875,5,1,False,54,1000,2,0.009535416997096036,0.0652360625698647
LogisticRegression,7875,5,1,False,54,1000,3,0.00975924999511335,0.04402470200117703
LogisticRegression,7875,5,1,False,54,1000,4,0.009399582995683886,0.1463720648823046
LogisticRegression,7875,5,1,False,54,1000,5,0.00940358400112018,0.15649562397914585
LogisticRegression,7875,5,1,False,54,2500,1,0.01555012500466546,0.09683823256722046
LogisticRegression,7875,5,1,False,54,2500,2,0.015449457998329308,0.1521887004241318
LogisticRegression,7875,5,1,False,54,2500,3,0.01551366700005019,0.07452030586238734
LogisticRegression,7875,5,1,False,54,2500,4,0.015453250001883134,0.1210772679399208
LogisticRegression,7875,5,1,False,54,2500,5,0.015366749998065643,0.12924749085274456
LogisticRegression,7875,5,1,False,54,5000,1,0.025416290998691693,0.10907854595123578
LogisticRegression,7875,5,1,False,54,5000,2,0.025316541999927722,0.06215459393189471
LogisticRegression,7875,5,1,False,54,5000,3,0.02532670799701009,0.13195037535595644
LogisticRegression,7875,5,1,False,54,5000,4,0.025282209004217293,0.14924430189274607
LogisticRegression,7875,5,1,False,54,5000,5,0.02536245899682399,0.11412210886743557
LogisticRegression,7875,5,1,False,54,10000,1,0.045306791995244566,0.10870284576505185
LogisticRegression,7875,5,1,False,54,10000,2,0.04528095800196752,0.10320260818769522
LogisticRegression,7875,5,1,False,54,10000,3,0.045156624997616746,0.1050057987767713
LogisticRegression,7875,5,1,False,54,10000,4,0.04526212500059046,0.11507523059116653
LogisticRegression,7875,5,1,False,54,10000,5,0.04504291699413443,0.10070984096638103
LogisticRegression,181720,0,0,True,18,500,1,0.00630687500233762,0.42320422414532943
LogisticRegression,181720,0,0,True,18,500,2,0.006142707999970298,0.4301131846195886
LogisticRegression,181720,0,0,True,18,500,3,0.006062708001991268,0.41141039675397983
LogisticRegression,181720,0,0,True,18,500,4,0.006040167005266994,0.4697954215439324
LogisticRegression,181720,0,0,True,18,500,5,0.006039665997377597,0.4372064820410776
LogisticRegression,181720,0,0,True,18,1000,1,0.008630374999484047,0.3915417642887302
LogisticRegression,181720,0,0,True,18,1000,2,0.007750042001134716,0.41009706962982895
LogisticRegression,181720,0,0,True,18,1000,3,0.00766858400311321,0.4037550488059186
LogisticRegression,181720,0,0,True,18,1000,4,0.0077021250035613775,0.42364575563473605
LogisticRegression,181720,0,0,True,18,1000,5,0.00767641699349042,0.45729863335682297
LogisticRegression,181720,0,0,True,18,2500,1,0.012367208000796381,0.42345764844907363
LogisticRegression,181720,0,0,True,18,2500,2,0.012577790999785066,0.43116001242961177
LogisticRegression,181720,0,0,True,18,2500,3,0.012716707999061327,0.4151520477306855
LogisticRegression,181720,0,0,True,18,2500,4,0.01234916700195754,0.43145424091433027
LogisticRegression,181720,0,0,True,18,2500,5,0.012258916001883335,0.4301928288211474
LogisticRegression,181720,0,0,True,18,5000,1,0.019932041002903134,0.4138621952725129
LogisticRegression,181720,0,0,True,18,5000,2,0.019782709001447074,0.42395309296209305
LogisticRegression,181720,0,0,True,18,5000,3,0.019986459003121126,0.4094194258415027
LogisticRegression,181720,0,0,True,18,5000,4,0.02020500000071479,0.4348930563206981
LogisticRegression,181720,0,0,True,18,5000,5,0.020011125001474284,0.4199959735852521
LogisticRegression,181720,0,0,True,18,10000,1,0.034341166996455286,0.4123028089785361
LogisticRegression,181720,0,0,True,18,10000,2,0.03463499999634223,0.43364822608807563
LogisticRegression,181720,0,0,True,18,10000,3,0.03450120799971046,0.4194067693360459
LogisticRegression,181720,0,0,True,18,10000,4,0.03420570800517453,0.42143143956017626
LogisticRegression,181720,0,0,True,18,10000,5,0.03447404100006679,0.4113668365943799
LogisticRegression,181720,0,0,True,36,500,1,0.007100957998773083,0.4035425822695413
LogisticRegression,181720,0,0,True,36,500,2,0.006794708999223076,0.45420545367939025
LogisticRegression,181720,0,0,True,36,500,3,0.006641457999648992,0.4064885057469402
LogisticRegression,181720,0,0,True,36,500,4,0.006649334005487617,0.4454313451313505
LogisticRegression,181720,0,0,True,36,500,5,0.0066832920056185685,0.4145465064991254
LogisticRegression,181720,0,0,True,36,1000,1,0.008542333001969382,0.3811482897169527
LogisticRegression,181720,0,0,True,36,1000,2,0.008531624996976461,0.40867452471345656
LogisticRegression,181720,0,0,True,36,1000,3,0.008506749996740837,0.3591492007647745
LogisticRegression,181720,0,0,True,36,1000,4,0.008510332998412196,0.4316956497966321
LogisticRegression,181720,0,0,True,36,1000,5,0.008650165997096337,0.4647952879345343
LogisticRegression,181720,0,0,True,36,2500,1,0.01455116699798964,0.40465270215782745
LogisticRegression,181720,0,0,True,36,2500,2,0.013996665999002289,0.399557316351118
LogisticRegression,181720,0,0,True,36,2500,3,0.013893790994188748,0.40282264189524375
LogisticRegression,181720,0,0,True,36,2500,4,0.013790500001050532,0.4083517559598179
LogisticRegression,181720,0,0,True,36,2500,5,0.013824333000229672,0.42348589813479776
LogisticRegression,181720,0,0,True,36,5000,1,0.02247212500515161,0.3989348096511601
LogisticRegression,181720,0,0,True,36,5000,2,0.02254204200289678,0.41792359749173724
LogisticRegression,181720,0,0,True,36,5000,3,0.022579000004043337,0.39415983326725246
LogisticRegression,181720,0,0,True,36,5000,4,0.02260591599770123,0.418871506427149
LogisticRegression,181720,0,0,True,36,5000,5,0.02247275000263471,0.40618788018753216
LogisticRegression,181720,0,0,True,36,10000,1,0.03948187500645872,0.40164423979485253
LogisticRegression,181720,0,0,True,36,10000,2,0.03931479199673049,0.41179975537204594
LogisticRegression,181720,0,0,True,36,10000,3,0.04234516600263305,0.4136904009996928
LogisticRegression,181720,0,0,True,36,10000,4,0.04236487500020303,0.40797386409758707
LogisticRegression,181720,0,0,True,36,10000,5,0.04133087499940302,0.39365327226880453
LogisticRegression,181720,0,0,True,54,500,1,0.00832270899991272,0.3105259770603902
LogisticRegression,181720,0,0,True,54,500,2,0.0078096669967635535,0.33853584430845984
LogisticRegression,181720,0,0,True,54,500,3,0.007912083994597197,0.30773410778632815
LogisticRegression,181720,0,0,True,54,500,4,0.00787549999949988,0.3772812795334245
LogisticRegression,181720,0,0,True,54,500,5,0.007606457998917904,0.3334510740261596
LogisticRegression,181720,0,0,True,54,1000,1,0.009661750002123881,0.2721566028000493
LogisticRegression,181720,0,0,True,54,1000,2,0.009473292004258838,0.2984003247251703
LogisticRegression,181720,0,0,True,54,1000,3,0.009646457998314872,0.2930202554971182
LogisticRegression,181720,0,0,True,54,1000,4,0.009445292002055794,0.3345374604974649
LogisticRegression,181720,0,0,True,54,1000,5,0.009412125000380911,0.3703757221180536
LogisticRegression,181720,0,0,True,54,2500,1,0.015662375000829343,0.31565716869484595
LogisticRegression,181720,0,0,True,54,2500,2,0.015702875003626104,0.3196719629226408
LogisticRegression,181720,0,0,True,54,2500,3,0.015817999999853782,0.32274153912581904
LogisticRegression,181720,0,0,True,54,2500,4,0.015950125001836568,0.31704300008517483
LogisticRegression,181720,0,0,True,54,2500,5,0.01645120800094446,0.31303685551272586
LogisticRegression,181720,0,0,True,54,5000,1,0.027142666003783233,0.3083689898295916
LogisticRegression,181720,0,0,True,54,5000,2,0.02642316700075753,0.32125747527079973
LogisticRegression,181720,0,0,True,54,5000,3,0.026765541995700914,0.3031497390797927
LogisticRegression,181720,0,0,True,54,5000,4,0.026093416003277525,0.3237603636696301
LogisticRegression,181720,0,0,True,54,5000,5,0.027031709003495052,0.3313105023685714
LogisticRegression,181720,0,0,True,54,10000,1,0.04786245799914468,0.30983897441846364
LogisticRegression,181720,0,0,True,54,10000,2,0.0469211660019937,0.31535279066567024
LogisticRegression,181720,0,0,True,54,10000,3,0.050468542001908645,0.31043412873467047
LogisticRegression,181720,0,0,True,54,10000,4,0.04722162499820115,0.3176983862050885
LogisticRegression,181720,0,0,True,54,10000,5,0.04690291700535454,0.31019134106618473
LogisticRegression,217040,1,0,False,18,500,1,0.006405666994396597,0.1128980643121168
LogisticRegression,217040,1,0,False,18,500,2,0.006331333999696653,0.08836748964909857
LogisticRegression,217040,1,0,False,18,500,3,0.006179707997944206,0.09712957005337719
LogisticRegression,217040,1,0,False,18,500,4,0.006041458000254352,0.09387110937867826
LogisticRegression,217040,1,0,False,18,500,5,0.006302791000052821,0.12188935860042971
LogisticRegression,217040,1,0,False,18,1000,1,0.007869916000345256,0.10237489546561718
LogisticRegression,217040,1,0,False,18,1000,2,0.007861083002353553,0.07637449177078759
LogisticRegression,217040,1,0,False,18,1000,3,0.007671958002902102,0.08677839757279537
LogisticRegression,217040,1,0,False,18,1000,4,0.008852541002852377,0.0813790452992117
LogisticRegression,217040,1,0,False,18,1000,5,0.00838783300423529,0.09137078983429792
LogisticRegression,217040,1,0,False,18,2500,1,0.01259366700105602,0.0851568863613682
LogisticRegression,217040,1,0,False,18,2500,2,0.012918417000037152,0.07932591308126158
LogisticRegression,217040,1,0,False,18,2500,3,0.012416916993970517,0.09053902494605481
LogisticRegression,217040,1,0,False,18,2500,4,0.012332582999079023,0.07376743539562836
LogisticRegression,217040,1,0,False,18,2500,5,0.012227250001160428,0.08770649827572252
LogisticRegression,217040,1,0,False,18,5000,1,0.01998158400238026,0.08585154578559362
LogisticRegression,217040,1,0,False,18,5000,2,0.020201541999995243,0.06495271764391763
LogisticRegression,217040,1,0,False,18,5000,3,0.019946207998145837,0.0768295133650766
LogisticRegression,217040,1,0,False,18,5000,4,0.02003425000293646,0.08156492680723915
LogisticRegression,217040,1,0,False,18,5000,5,0.0198034999993979,0.07153990833857216
LogisticRegression,217040,1,0,False,18,10000,1,0.034599999999045394,0.07567700873172234
LogisticRegression,217040,1,0,False,18,10000,2,0.03471058300056029,0.07020394822281173
LogisticRegression,217040,1,0,False,18,10000,3,0.03454395900189411,0.07783301484819782
LogisticRegression,217040,1,0,False,18,10000,4,0.03457729100045981,0.08187263458049931
LogisticRegression,217040,1,0,False,18,10000,5,0.03462341600243235,0.08282689688222022
LogisticRegression,217040,1,0,False,36,500,1,0.007117749999451917,0.11862339419792667
LogisticRegression,217040,1,0,False,36,500,2,0.006777916998544242,0.09209772650347114
LogisticRegression,217040,1,0,False,36,500,3,0.006674709002254531,0.1070910558795728
LogisticRegression,217040,1,0,False,36,500,4,0.0067102080065524206,0.07303998715865234
LogisticRegression,217040,1,0,False,36,500,5,0.006777665999834426,0.1022622808114132
LogisticRegression,217040,1,0,False,36,1000,1,0.008551792001526337,0.1104528789276592
LogisticRegression,217040,1,0,False,36,1000,2,0.008512915999745019,0.12254257367998822
LogisticRegression,217040,1,0,False,36,1000,3,0.008437749995209742,0.12372574502793365
LogisticRegression,217040,1,0,False,36,1000,4,0.00853412500146078,0.077156772080471
LogisticRegression,217040,1,0,False,36,1000,5,0.009044291997270193,0.08061362392270355
LogisticRegression,217040,1,0,False,36,2500,1,0.014096500002779067,0.0907485497341125
LogisticRegression,217040,1,0,False,36,2500,2,0.01399200000014389,0.0727900431327474
LogisticRegression,217040,1,0,False,36,2500,3,0.013929667002230417,0.07908926201260591
LogisticRegression,217040,1,0,False,36,2500,4,0.014371540994034149,0.07443974378908302
LogisticRegression,217040,1,0,False,36,2500,5,0.01395904100354528,0.08273226026847025
LogisticRegression,217040,1,0,False,36,5000,1,0.022782415995607153,0.08663394936769853
LogisticRegression,217040,1,0,False,36,5000,2,0.022914125001989305,0.07126156843727582
LogisticRegression,217040,1,0,False,36,5000,3,0.022728457995981444,0.08276376334618463
LogisticRegression,217040,1,0,False,36,5000,4,0.02304487500077812,0.07531676404779653
LogisticRegression,217040,1,0,False,36,5000,5,0.02360983399557881,0.07785921467698775
LogisticRegression,217040,1,0,False,36,10000,1,0.0408499999975902,0.08120648365533434
LogisticRegression,217040,1,0,False,36,10000,2,0.039849209002568386,0.06906662529084628
LogisticRegression,217040,1,0,False,36,10000,3,0.039973041995835956,0.07733178804034002
LogisticRegression,217040,1,0,False,36,10000,4,0.03983858299761778,0.07462289183226367
LogisticRegression,217040,1,0,False,36,10000,5,0.04136679200018989,0.08305078926592191
LogisticRegression,217040,1,0,False,54,500,1,0.007724875002168119,0.14171712303871253
LogisticRegression,217040,1,0,False,54,500,2,0.007686249999096617,0.12048063158639943
LogisticRegression,217040,1,0,False,54,500,3,0.007464041998900939,0.13792960092203366
LogisticRegression,217040,1,0,False,54,500,4,0.007334791996981949,0.12382804208526055
LogisticRegression,217040,1,0,False,54,500,5,0.007284291001269594,0.13185168087816124
LogisticRegression,217040,1,0,False,54,1000,1,0.009555832999467384,0.12201789527055207
LogisticRegression,217040,1,0,False,54,1000,2,0.009444374998565763,0.11321033384264823
LogisticRegression,217040,1,0,False,54,1000,3,0.009491750002780464,0.11324939386238775
LogisticRegression,217040,1,0,False,54,1000,4,0.00956870799564058,0.1100034592805752
LogisticRegression,217040,1,0,False,54,1000,5,0.009451666999666486,0.1033786636905153
LogisticRegression,217040,1,0,False,54,2500,1,0.015924457999062724,0.09712664215568156
LogisticRegression,217040,1,0,False,54,2500,2,0.01569300000119256,0.08295074853091178
LogisticRegression,217040,1,0,False,54,2500,3,0.017148792001535185,0.10240460183262212
LogisticRegression,217040,1,0,False,54,2500,4,0.018280709002283402,0.08733629481058003
LogisticRegression,217040,1,0,False,54,2500,5,0.020100166999327485,0.09255709215561547
LogisticRegression,217040,1,0,False,54,5000,1,0.030129124999803025,0.11024581238043096
LogisticRegression,217040,1,0,False,54,5000,2,0.027210958003706764,0.079213959672508
LogisticRegression,217040,1,0,False,54,5000,3,0.02577937499881955,0.08973732682757396
LogisticRegression,217040,1,0,False,54,5000,4,0.025673500000266358,0.099463465515229
LogisticRegression,217040,1,0,False,54,5000,5,0.025805291996221058,0.0985164484858847
LogisticRegression,217040,1,0,False,54,10000,1,0.046367667004233226,0.09449706866805585
LogisticRegression,217040,1,0,False,54,10000,2,0.047754792001796886,0.08608687631677969
LogisticRegression,217040,1,0,False,54,10000,3,0.04870145799941383,0.0976746979948695
LogisticRegression,217040,1,0,False,54,10000,4,0.04821658400032902,0.09519796196462293
LogisticRegression,217040,1,0,False,54,10000,5,0.04807241699745646,0.10142069011696764
LogisticRegression,218570,1,1,True,18,500,1,0.006728542000928428,0.35646755795224716
LogisticRegression,218570,1,1,True,18,500,2,0.006691125003271736,0.4014467471456099
LogisticRegression,218570,1,1,True,18,500,3,0.006436666000809055,0.42847541586735227
LogisticRegression,218570,1,1,True,18,500,4,0.006231833998754155,0.4031611541687421
LogisticRegression,218570,1,1,True,18,500,5,0.006542209004692268,0.35500606827800374
LogisticRegression,218570,1,1,True,18,1000,1,0.008126916996843647,0.3195703964928647
LogisticRegression,218570,1,1,True,18,1000,2,0.00796779099619016,0.3715305872734852
LogisticRegression,218570,1,1,True,18,1000,3,0.008871999998518731,0.3550228991152813
LogisticRegression,218570,1,1,True,18,1000,4,0.008795999994617887,0.34280412611037625
LogisticRegression,218570,1,1,True,18,1000,5,0.008912333003536332,0.352285667190645
LogisticRegression,218570,1,1,True,18,2500,1,0.013442582996503916,0.37621164071476343
LogisticRegression,218570,1,1,True,18,2500,2,0.013039041994488798,0.36526583452307715
LogisticRegression,218570,1,1,True,18,2500,3,0.012535416004539002,0.40352645669901643
LogisticRegression,218570,1,1,True,18,2500,4,0.012427208996086847,0.3601444138560528
LogisticRegression,218570,1,1,True,18,2500,5,0.012391000003844965,0.3798868157433305
LogisticRegression,218570,1,1,True,18,5000,1,0.020168666997051332,0.37911186641213646
LogisticRegression,218570,1,1,True,18,5000,2,0.020156292004685383,0.37269788468873144
LogisticRegression,218570,1,1,True,18,5000,3,0.01984950000041863,0.3576791693068724
LogisticRegression,218570,1,1,True,18,5000,4,0.020143332993029617,0.3796845564049395
LogisticRegression,218570,1,1,True,18,5000,5,0.019906749999790918,0.35879696532373917
LogisticRegression,218570,1,1,True,18,10000,1,0.0347944169989205,0.36089405618118964
LogisticRegression,218570,1,1,True,18,10000,2,0.03475895900191972,0.3712048043981955
LogisticRegression,218570,1,1,True,18,10000,3,0.03462454200052889,0.3810864908827919
LogisticRegression,218570,1,1,True,18,10000,4,0.03464504199655494,0.37531127262975217
LogisticRegression,218570,1,1,True,18,10000,5,0.03473516600206494,0.35548958091949845
LogisticRegression,218570,1,1,True,36,500,1,0.007128082994313445,0.30710874352790274
LogisticRegression,218570,1,1,True,36,500,2,0.006700375000946224,0.2829782502127891
LogisticRegression,218570,1,1,True,36,500,3,0.006841499998699874,0.3622530046845136
LogisticRegression,218570,1,1,True,36,500,4,0.006689499998174142,0.31458222205699926
LogisticRegression,218570,1,1,True,36,500,5,0.006618583996896632,0.282830248036788
LogisticRegression,218570,1,1,True,36,1000,1,0.008579291999922134,0.30887153464724326
LogisticRegression,218570,1,1,True,36,1000,2,0.008466749997751322,0.34738933998041
LogisticRegression,218570,1,1,True,36,1000,3,0.008416500000748783,0.3591867645575184
LogisticRegression,218570,1,1,True,36,1000,4,0.008830916995066218,0.3416825308265863
LogisticRegression,218570,1,1,True,36,1000,5,0.009463875001529232,0.24841671166709833
LogisticRegression,218570,1,1,True,36,2500,1,0.01415850000194041,0.36922605809975384
LogisticRegression,218570,1,1,True,36,2500,2,0.014186374995915685,0.2822825979713718
LogisticRegression,218570,1,1,True,36,2500,3,0.014024500000232365,0.3262646023829635
LogisticRegression,218570,1,1,True,36,2500,4,0.01407241600099951,0.32358203560225063
LogisticRegression,218570,1,1,True,36,2500,5,0.013870708004105836,0.33080764202288737
LogisticRegression,218570,1,1,True,36,5000,1,0.022867500003485475,0.3429799424797796
LogisticRegression,218570,1,1,True,36,5000,2,0.022752917000616435,0.33129386843010444
LogisticRegression,218570,1,1,True,36,5000,3,0.022617665999860037,0.3493706104925408
LogisticRegression,218570,1,1,True,36,5000,4,0.02279416699457215,0.3282342745964222
LogisticRegression,218570,1,1,True,36,5000,5,0.022609666993957944,0.3086146256854091
LogisticRegression,218570,1,1,True,36,10000,1,0.039955749998625834,0.3284324003063209
LogisticRegression,218570,1,1,True,36,10000,2,0.0398071660019923,0.32666657227199014
LogisticRegression,218570,1,1,True,36,10000,3,0.039728834002744406,0.3542820024567094
LogisticRegression,218570,1,1,True,36,10000,4,0.03972733300179243,0.3559957086168949
LogisticRegression,218570,1,1,True,36,10000,5,0.03997216699644923,0.31576743374034744
LogisticRegression,218570,1,1,True,54,500,1,0.007715332998486701,0.23277289342956542
LogisticRegression,218570,1,1,True,54,500,2,0.007491625001421198,0.28492386477694387
LogisticRegression,218570,1,1,True,54,500,3,0.007758749998174608,0.1871148691126019
LogisticRegression,218570,1,1,True,54,500,4,0.007478542000171728,0.24500848639233164
LogisticRegression,218570,1,1,True,54,500,5,0.007395207998342812,0.18913095130607338
LogisticRegression,218570,1,1,True,54,1000,1,0.00968233300227439,0.15819193416891497
LogisticRegression,218570,1,1,True,54,1000,2,0.009490374999586493,0.2682570940057091
LogisticRegression,218570,1,1,True,54,1000,3,0.009599625002010725,0.23571228903063624
LogisticRegression,218570,1,1,True,54,1000,4,0.009675832996435929,0.22215489710840264
LogisticRegression,218570,1,1,True,54,1000,5,0.00943974999972852,0.21560766848755875
LogisticRegression,218570,1,1,True,54,2500,1,0.01575441699969815,0.23920643079373038
LogisticRegression,218570,1,1,True,54,2500,2,0.015689459003624506,0.27458993289627087
LogisticRegression,218570,1,1,True,54,2500,3,0.017445707999286242,0.25891608651459497
LogisticRegression,218570,1,1,True,54,2500,4,0.015670957996917423,0.24641553005138306
LogisticRegression,218570,1,1,True,54,2500,5,0.01571262500510784,0.21786209659146105
LogisticRegression,218570,1,1,True,54,5000,1,0.025657500002125744,0.22832986086180074
LogisticRegression,218570,1,1,True,54,5000,2,0.025732125002832618,0.23902666847353482
LogisticRegression,218570,1,1,True,54,5000,3,0.025592666999727953,0.23060085101957728
LogisticRegression,218570,1,1,True,54,5000,4,0.026277624994690996,0.24306958122435884
LogisticRegression,218570,1,1,True,54,5000,5,0.027506334001373034,0.24690185141665222
LogisticRegression,218570,1,1,True,54,10000,1,0.0490915410046,0.2539164282741335
LogisticRegression,218570,1,1,True,54,10000,2,0.046789167005044874,0.2283222100861111
LogisticRegression,218570,1,1,True,54,10000,3,0.046010457997908816,0.24337292833822288
LogisticRegression,218570,1,1,True,54,10000,4,0.045711708000453655,0.25078017128333796
LogisticRegression,218570,1,1,True,54,10000,5,0.046042250003665686,0.20914610905538167
LogisticRegression,261275,6,0,False,18,500,1,0.006314375001238659,0.43480028099015866
LogisticRegression,261275,6,0,False,18,500,2,0.006295332997979131,0.420827868584704
LogisticRegression,261275,6,0,False,18,500,3,0.006143082995549776,0.40659297670569805
LogisticRegression,261275,6,0,False,18,500,4,0.006115791002230253,0.44943002268115806
LogisticRegression,261275,6,0,False,18,500,5,0.006390458998794202,0.42227034939484775
LogisticRegression,261275,6,0,False,18,1000,1,0.008320833003381267,0.3920754524603286
LogisticRegression,261275,6,0,False,18,1000,2,0.04266866699617822,0.4080139489261233
LogisticRegression,261275,6,0,False,18,1000,3,0.013451917002385017,0.40903824240374254
LogisticRegression,261275,6,0,False,18,1000,4,0.03150145800464088,0.4202683006730801
LogisticRegression,261275,6,0,False,18,1000,5,0.008857458000420593,0.4350296734957648
LogisticRegression,261275,6,0,False,18,2500,1,0.013107334001688287,0.4172056891172711
LogisticRegression,261275,6,0,False,18,2500,2,0.013319207995664328,0.4198034612372429
LogisticRegression,261275,6,0,False,18,2500,3,0.012980499996047001,0.4149279147509106
LogisticRegression,261275,6,0,False,18,2500,4,0.016028124999138527,0.42543811134158505
LogisticRegression,261275,6,0,False,18,2500,5,0.014177042001392692,0.4201968029354445
LogisticRegression,261275,6,0,False,18,5000,1,0.022122290996776428,0.41708478167778973
LogisticRegression,261275,6,0,False,18,5000,2,0.02301320800324902,0.4152416353302846
LogisticRegression,261275,6,0,False,18,5000,3,0.03325020799820777,0.4097850851938518
LogisticRegression,261275,6,0,False,18,5000,4,0.02359641699877102,0.42712990815532925
LogisticRegression,261275,6,0,False,18,5000,5,0.023264666000613943,0.4109554064721619
LogisticRegression,261275,6,0,False,18,10000,1,0.039826791995437816,0.40407353559200476
LogisticRegression,261275,6,0,False,18,10000,2,0.03683512499992503,0.4226992211569488
LogisticRegression,261275,6,0,False,18,10000,3,0.03489154199633049,0.4102616894515231
LogisticRegression,261275,6,0,False,18,10000,4,0.034877833000791725,0.42127859695846714
LogisticRegression,261275,6,0,False,18,10000,5,0.03710008400230436,0.40080421438528746
LogisticRegression,261275,6,0,False,36,500,1,0.008815291002974845,0.4506836065640235
LogisticRegression,261275,6,0,False,36,500,2,0.007513541997468565,0.4749504392160451
LogisticRegression,261275,6,0,False,36,500,3,0.007609291998960543,0.4397010852755673
LogisticRegression,261275,6,0,False,36,500,4,0.007431625002936926,0.47858410967073695
LogisticRegression,261275,6,0,False,36,500,5,0.00761070800217567,0.4461633736163313
LogisticRegression,261275,6,0,False,36,1000,1,0.009329583001090214,0.4156385045736395
LogisticRegression,261275,6,0,False,36,1000,2,0.009646708997024689,0.43598141437821114
LogisticRegression,261275,6,0,False,36,1000,3,0.00936204100435134,0.39344864391166745
LogisticRegression,261275,6,0,False,36,1000,4,0.009650457999669015,0.4496350312327849
LogisticRegression,261275,6,0,False,36,1000,5,0.009716207998280879,0.48241536619098846
LogisticRegression,261275,6,0,False,36,2500,1,0.015608583998982795,0.42102330749304784
LogisticRegression,261275,6,0,False,36,2500,2,0.030283832995337434,0.430371359625241
LogisticRegression,261275,6,0,False,36,2500,3,0.016640750000078697,0.4362094554552788
LogisticRegression,261275,6,0,False,36,2500,4,0.03174508400115883,0.4405894762502628
LogisticRegression,261275,6,0,False,36,2500,5,0.01759529199625831,0.4521753762262293
LogisticRegression,261275,6,0,False,36,5000,1,0.027491957996971905,0.42619658155385765
LogisticRegression,261275,6,0,False,36,5000,2,0.02669383300235495,0.447941643382357
LogisticRegression,261275,6,0,False,36,5000,3,0.11138908399880165,0.42293964965740594
LogisticRegression,261275,6,0,False,36,5000,4,0.05499050000071293,0.44682139137797705
LogisticRegression,261275,6,0,False,36,5000,5,0.04844720799883362,0.4315138395819891
LogisticRegression,261275,6,0,False,36,10000,1,0.06447354100237135,0.4284069608058033
LogisticRegression,261275,6,0,False,36,10000,2,0.048697416998038534,0.43816497338758587
LogisticRegression,261275,6,0,False,36,10000,3,0.04838066700176569,0.4362921445826281
LogisticRegression,261275,6,0,False,36,10000,4,0.050286541001696605,0.43742264680536547
LogisticRegression,261275,6,0,False,36,10000,5,0.04839920799713582,0.4214042510114644
LogisticRegression,261275,6,0,False,54,500,1,0.00973337499453919,0.3097529028823194
LogisticRegression,261275,6,0,False,54,500,2,0.009172166995995212,0.338797854423883
LogisticRegression,261275,6,0,False,54,500,3,0.009125333002884872,0.3460590164259467
LogisticRegression,261275,6,0,False,54,500,4,0.007802584004821256,0.3795211536043067
LogisticRegression,261275,6,0,False,54,500,5,0.007882625002821442,0.33430541052526075
LogisticRegression,261275,6,0,False,54,1000,1,0.0096748750002007,0.3048957015460292
LogisticRegression,261275,6,0,False,54,1000,2,0.009544583997922018,0.29755643876388493
LogisticRegression,261275,6,0,False,54,1000,3,0.009386792000441346,0.3198247057612843
LogisticRegression,261275,6,0,False,54,1000,4,0.009572000002663117,0.3295569983680898
LogisticRegression,261275,6,0,False,54,1000,5,0.009545875000185333,0.39151805882781276
LogisticRegression,261275,6,0,False,54,2500,1,0.015517749998252839,0.3089088333621409
LogisticRegression,261275,6,0,False,54,2500,2,0.016218709002714604,0.34475662975167665
LogisticRegression,261275,6,0,False,54,2500,3,0.015608625006279908,0.3433768906910438
LogisticRegression,261275,6,0,False,54,2500,4,0.015563041000859812,0.33765027835182704
LogisticRegression,261275,6,0,False,54,2500,5,0.015517125000769738,0.34239365371683184
LogisticRegression,261275,6,0,False,54,5000,1,0.02590220799902454,0.3410608554815826
LogisticRegression,261275,6,0,False,54,5000,2,0.025536625005770475,0.3513673695002636
LogisticRegression,261275,6,0,False,54,5000,3,0.025522624993755016,0.3317140609750614
LogisticRegression,261275,6,0,False,54,5000,4,0.025487708000582643,0.3457018842173366
LogisticRegression,261275,6,0,False,54,5000,5,0.025578499997209292,0.35397507092757874
LogisticRegression,261275,6,0,False,54,10000,1,0.04550629199366085,0.3375287963422404
LogisticRegression,261275,6,0,False,54,10000,2,0.045610708999447525,0.3430851456451921
LogisticRegression,261275,6,0,False,54,10000,3,0.05008170800283551,0.3359726381106515
LogisticRegression,261275,6,0,False,54,10000,4,0.047449666999455076,0.3425733503578795
LogisticRegression,261275,6,0,False,54,10000,5,0.04609424999944167,0.33103645594599096
LogisticRegression,278541,5,2,False,18,500,1,0.006334208999760449,0.5179234220551305
LogisticRegression,278541,5,2,False,18,500,2,0.006154875001811888,0.5109445052101024
LogisticRegression,278541,5,2,False,18,500,3,0.006241499999305233,0.3965814518509504
LogisticRegression,278541,5,2,False,18,500,4,0.006359416998748202,0.4635792042344099
LogisticRegression,278541,5,2,False,18,500,5,0.006246917000680696,0.4625045718225995
LogisticRegression,278541,5,2,False,18,1000,1,0.008004374998563435,0.41965684830023076
LogisticRegression,278541,5,2,False,18,1000,2,0.007833290997950826,0.44694271645102057
LogisticRegression,278541,5,2,False,18,1000,3,0.007767333998344839,0.47332787340656635
LogisticRegression,278541,5,2,False,18,1000,4,0.007872833004512358,0.4189634177067708
LogisticRegression,278541,5,2,False,18,1000,5,0.0077527920002467,0.45009221313169423
LogisticRegression,278541,5,2,False,18,2500,1,0.012755709001794457,0.4593709449292145
LogisticRegression,278541,5,2,False,18,2500,2,0.013320291000127327,0.47452157665839323
LogisticRegression,278541,5,2,False,18,2500,3,0.013305041997227818,0.4508184172509623
LogisticRegression,278541,5,2,False,18,2500,4,0.01322329200047534,0.4270478409040701
LogisticRegression,278541,5,2,False,18,2500,5,0.01274691599974176,0.4487598842566002
LogisticRegression,278541,5,2,False,18,5000,1,0.02038412500405684,0.44009935143961676
LogisticRegression,278541,5,2,False,18,5000,2,0.02111900000454625,0.4670328848498244
LogisticRegression,278541,5,2,False,18,5000,3,0.022004042002663482,0.45642779581600146
LogisticRegression,278541,5,2,False,18,5000,4,0.021370292000938207,0.45386246372221095
LogisticRegression,278541,5,2,False,18,5000,5,0.02113729200209491,0.4425761244685117
LogisticRegression,278541,5,2,False,18,10000,1,0.03653662500437349,0.4430751664766567
LogisticRegression,278541,5,2,False,18,10000,2,0.043476832994201686,0.4591770590295223
LogisticRegression,278541,5,2,False,18,10000,3,0.08223904100304935,0.4507348598046633
LogisticRegression,278541,5,2,False,18,10000,4,0.05505533399991691,0.4536029386858843
LogisticRegression,278541,5,2,False,18,10000,5,0.036635417003708426,0.4572811362334922
LogisticRegression,278541,5,2,False,36,500,1,0.007535874996392522,0.3482873135586082
LogisticRegression,278541,5,2,False,36,500,2,0.007296834002772812,0.35485149297175356
LogisticRegression,278541,5,2,False,36,500,3,0.007652959000552073,0.3471438900262812
LogisticRegression,278541,5,2,False,36,500,4,0.008846125005220529,0.3104897430564403
LogisticRegression,278541,5,2,False,36,500,5,0.008113417003187351,0.3544108936395788
LogisticRegression,278541,5,2,False,36,1000,1,0.01001604200428119,0.3240535880847084
LogisticRegression,278541,5,2,False,36,1000,2,0.009130584003287368,0.34630519572104135
LogisticRegression,278541,5,2,False,36,1000,3,0.009411584003828466,0.38360885438408565
LogisticRegression,278541,5,2,False,36,1000,4,0.009704415999294724,0.3749295171720961
LogisticRegression,278541,5,2,False,36,1000,5,0.009251374998711981,0.33694712723274534
LogisticRegression,278541,5,2,False,36,2500,1,0.014823749996139668,0.34380924657731127
LogisticRegression,278541,5,2,False,36,2500,2,0.01525220899929991,0.3644890425189977
LogisticRegression,278541,5,2,False,36,2500,3,0.014614332998462487,0.3322949279424289
LogisticRegression,278541,5,2,False,36,2500,4,0.014526459002809133,0.34933674370122236
LogisticRegression,278541,5,2,False,36,2500,5,0.014110666001215577,0.32628608754407484
LogisticRegression,278541,5,2,False,36,5000,1,0.022835540999949444,0.334211986775533
LogisticRegression,278541,5,2,False,36,5000,2,0.022799040998506825,0.34789740131809843
LogisticRegression,278541,5,2,False,36,5000,3,0.022615374997258186,0.3449509476786369
LogisticRegression,278541,5,2,False,36,5000,4,0.023051666998071596,0.35257797206651365
LogisticRegression,278541,5,2,False,36,5000,5,0.024783415996353142,0.33314071635763565
LogisticRegression,278541,5,2,False,36,10000,1,0.0437632079992909,0.32548455435361046
LogisticRegression,278541,5,2,False,36,10000,2,0.044754458001989406,0.34091802830751394
LogisticRegression,278541,5,2,False,36,10000,3,0.04613533299561823,0.34281353456072994
LogisticRegression,278541,5,2,False,36,10000,4,0.04404470900044544,0.33861655506516164
LogisticRegression,278541,5,2,False,36,10000,5,0.04314587500266498,0.3373315898704353
LogisticRegression,278541,5,2,False,54,500,1,0.00885408299654955,0.29371510218448316
LogisticRegression,278541,5,2,False,54,500,2,0.008386124995013233,0.3246494309175001
LogisticRegression,278541,5,2,False,54,500,3,0.008958082995377481,0.3668935581314935
LogisticRegression,278541,5,2,False,54,500,4,0.008403250001720153,0.3160625182254563
LogisticRegression,278541,5,2,False,54,500,5,0.00817458399978932,0.21799183253043963
LogisticRegression,278541,5,2,False,54,1000,1,0.010066958006063942,0.286830365851239
LogisticRegression,278541,5,2,False,54,1000,2,0.009960750001482666,0.29445572363654804
LogisticRegression,278541,5,2,False,54,1000,3,0.010277583998686168,0.3161830959939377
LogisticRegression,278541,5,2,False,54,1000,4,0.009822792002523784,0.284455790638398
LogisticRegression,278541,5,2,False,54,1000,5,0.009799375002330635,0.28999889573532966
LogisticRegression,278541,5,2,False,54,2500,1,0.015953791997162625,0.30047314042348794
LogisticRegression,278541,5,2,False,54,2500,2,0.015885665998212062,0.2941842131314846
LogisticRegression,278541,5,2,False,54,2500,3,0.015574083001411054,0.2916434775291932
LogisticRegression,278541,5,2,False,54,2500,4,0.015542084001936018,0.29185718114532033
LogisticRegression,278541,5,2,False,54,2500,5,0.01591312500386266,0.23356021070223298
LogisticRegression,278541,5,2,False,54,5000,1,0.025577540996891912,0.23060230503493007
LogisticRegression,278541,5,2,False,54,5000,2,0.025439249999180902,0.26502747581316244
LogisticRegression,278541,5,2,False,54,5000,3,0.025525750002998393,0.2807305814606966
LogisticRegression,278541,5,2,False,54,5000,4,0.025632707998738624,0.27304984212507444
LogisticRegression,278541,5,2,False,54,5000,5,0.02647762499691453,0.2750441658612153
LogisticRegression,278541,5,2,False,54,10000,1,0.051679917000001296,0.2900741519117309
LogisticRegression,278541,5,2,False,54,10000,2,0.05120229099702556,0.2705429273695408
LogisticRegression,278541,5,2,False,54,10000,3,0.04884183400281472,0.2924191177229598
LogisticRegression,278541,5,2,False,54,10000,4,0.046173417002137285,0.2724697314214687
LogisticRegression,278541,5,2,False,54,10000,5,0.04618566699355142,0.2697940164717445
LogisticRegression,335219,4,1,False,18,500,1,0.006314625003142282,0.24986934159499796
LogisticRegression,335219,4,1,False,18,500,2,0.006181791999551933,0.25856788673785713
LogisticRegression,335219,4,1,False,18,500,3,0.006076707999454811,0.25724732850265486
LogisticRegression,335219,4,1,False,18,500,4,0.006139207995147444,0.30291477021739033
LogisticRegression,335219,4,1,False,18,500,5,0.006207500002346933,0.27800464208904263
LogisticRegression,335219,4,1,False,18,1000,1,0.008043249996262603,0.23247221561524123
LogisticRegression,335219,4,1,False,18,1000,2,0.00774604100297438,0.24801192225317703
LogisticRegression,335219,4,1,False,18,1000,3,0.007786750000377651,0.23024046341739912
LogisticRegression,335219,4,1,False,18,1000,4,0.00815024999610614,0.2796789779976271
LogisticRegression,335219,4,1,False,18,1000,5,0.008175625000149012,0.2794059328038525
LogisticRegression,335219,4,1,False,18,2500,1,0.012514207999629434,0.28131328087338203
LogisticRegression,335219,4,1,False,18,2500,2,0.012485874998674262,0.2639017715596992
LogisticRegression,335219,4,1,False,18,2500,3,0.012420125000062399,0.26168341519569716
LogisticRegression,335219,4,1,False,18,2500,4,0.012524917001428548,0.24659035205335478
LogisticRegression,335219,4,1,False,18,2500,5,0.012785041995812207,0.24755110373676725
LogisticRegression,335219,4,1,False,18,5000,1,0.02024054200592218,0.2877969192245261
LogisticRegression,335219,4,1,False,18,5000,2,0.020020957999804523,0.27919207426611115
LogisticRegression,335219,4,1,False,18,5000,3,0.020423207999556325,0.25074260480847244
LogisticRegression,335219,4,1,False,18,5000,4,0.02013466700009303,0.28314013435155205
LogisticRegression,335219,4,1,False,18,5000,5,0.020807624998269603,0.27635923423433073
LogisticRegression,335219,4,1,False,18,10000,1,0.036349959002109244,0.27392500576191625
LogisticRegression,335219,4,1,False,18,10000,2,0.035586042002250906,0.25711135234499793
LogisticRegression,335219,4,1,False,18,10000,3,0.035471292001602706,0.26309403585141666
LogisticRegression,335219,4,1,False,18,10000,4,0.035394917002122384,0.264981833409331
LogisticRegression,335219,4,1,False,18,10000,5,0.035430791998805944,0.26707822109113033
LogisticRegression,335219,4,1,False,36,500,1,0.007375249995675404,0.08956725477120553
LogisticRegression,335219,4,1,False,36,500,2,0.006935541998245753,0.15034374113023496
LogisticRegression,335219,4,1,False,36,500,3,0.006795708002755418,0.18620375582118898
LogisticRegression,335219,4,1,False,36,500,4,0.006758249997801613,0.157654952625765
LogisticRegression,335219,4,1,False,36,500,5,0.006820666996645741,0.17854093316743735
LogisticRegression,335219,4,1,False,36,1000,1,0.008664875000249594,0.1190833995992836
LogisticRegression,335219,4,1,False,36,1000,2,0.008632915996713564,0.14181971923701897
LogisticRegression,335219,4,1,False,36,1000,3,0.008649875002447516,0.17737585948175483
LogisticRegression,335219,4,1,False,36,1000,4,0.009635166003135964,0.13798578962158892
LogisticRegression,335219,4,1,False,36,1000,5,0.00916187500115484,0.15808042894187124
LogisticRegression,335219,4,1,False,36,2500,1,0.014073500002268702,0.14747020176008618
LogisticRegression,335219,4,1,False,36,2500,2,0.014048041004571132,0.1402561418014575
LogisticRegression,335219,4,1,False,36,2500,3,0.014070249999349471,0.1198241889661581
LogisticRegression,335219,4,1,False,36,2500,4,0.014690208998217713,0.10918007870770874
LogisticRegression,335219,4,1,False,36,2500,5,0.01408737500605639,0.11754794794323264
LogisticRegression,335219,4,1,False,36,5000,1,0.02281487500295043,0.14362547583856067
LogisticRegression,335219,4,1,False,36,5000,2,0.02347324999573175,0.13133778871038537
LogisticRegression,335219,4,1,False,36,5000,3,0.022822499995527323,0.11371267593371592
LogisticRegression,335219,4,1,False,36,5000,4,0.02489083300315542,0.13639660239597595
LogisticRegression,335219,4,1,False,36,5000,5,0.023490125000535045,0.13080288737878043
LogisticRegression,335219,4,1,False,36,10000,1,0.04021079100493807,0.14212056747216717
LogisticRegression,335219,4,1,False,36,10000,2,0.039786249995813705,0.12806985525908132
LogisticRegression,335219,4,1,False,36,10000,3,0.03991337500337977,0.10604165105315355
LogisticRegression,335219,4,1,False,36,10000,4,0.03960391700093169,0.12607082585188856
LogisticRegression,335219,4,1,False,36,10000,5,0.04001470799994422,0.13294946150276354
LogisticRegression,335219,4,1,False,54,500,1,0.007685667005716823,0.19431171778742318
LogisticRegression,335219,4,1,False,54,500,2,0.007470124997780658,0.09411417943595901
LogisticRegression,335219,4,1,False,54,500,3,0.0075406249961815774,0.12612738144463154
LogisticRegression,335219,4,1,False,54,500,4,0.007892833004007116,0.041769196448008694
LogisticRegression,335219,4,1,False,54,500,5,0.007594041999254841,0.1751353864808619
LogisticRegression,335219,4,1,False,54,1000,1,0.009609959000954404,0.0773851832169935
LogisticRegression,335219,4,1,False,54,1000,2,0.009507542003120761,0.10710643199800463
LogisticRegression,335219,4,1,False,54,1000,3,0.00963779199810233,0.03582164997065962
LogisticRegression,335219,4,1,False,54,1000,4,0.009489707998000085,0.07555848832529366
LogisticRegression,335219,4,1,False,54,1000,5,0.009387792000779882,0.1676107473435905
LogisticRegression,335219,4,1,False,54,2500,1,0.015765582997119054,0.07986704627300745
LogisticRegression,335219,4,1,False,54,2500,2,0.01555562499561347,0.1644166810591352
LogisticRegression,335219,4,1,False,54,2500,3,0.01579091700114077,0.07450732723512643
LogisticRegression,335219,4,1,False,54,2500,4,0.015657084004487842,0.11136970528598833
LogisticRegression,335219,4,1,False,54,2500,5,0.015555333993688691,0.13428371397472894
LogisticRegression,335219,4,1,False,54,5000,1,0.025903249996190425,0.14602547204202931
LogisticRegression,335219,4,1,False,54,5000,2,0.025614750004024245,0.08832993369327757
LogisticRegression,335219,4,1,False,54,5000,3,0.025729124994541053,0.14906301909943576
LogisticRegression,335219,4,1,False,54,5000,4,0.025745375001861248,0.15544799264612452
LogisticRegression,335219,4,1,False,54,5000,5,0.02593374999560183,0.11534204630024913
LogisticRegression,335219,4,1,False,54,10000,1,0.04598466699826531,0.14934313786070796
LogisticRegression,335219,4,1,False,54,10000,2,0.04563066599803278,0.1071673375335972
LogisticRegression,335219,4,1,False,54,10000,3,0.04620674999750918,0.1485183686625693
LogisticRegression,335219,4,1,False,54,10000,4,0.0456777500003227,0.15913326999701893
LogisticRegression,335219,4,1,False,54,10000,5,0.045816791003744584,0.14595071747412347
LogisticRegression,364769,6,6,True,18,500,1,0.006672041003184859,0.7530242052471469
LogisticRegression,364769,6,6,True,18,500,2,0.006319666004856117,0.7173592541509223
LogisticRegression,364769,6,6,True,18,500,3,0.00607329099875642,0.709432052917031
LogisticRegression,364769,6,6,True,18,500,4,0.006117791999713518,0.6714372511934573
LogisticRegression,364769,6,6,True,18,500,5,0.006185624995850958,0.7462402541182022
LogisticRegression,364769,6,6,True,18,1000,1,0.007838000004994683,0.7609034614814089
LogisticRegression,364769,6,6,True,18,1000,2,0.007760792002954986,0.7472300736311692
LogisticRegression,364769,6,6,True,18,1000,3,0.007672833002288826,0.7346376338010978
LogisticRegression,364769,6,6,True,18,1000,4,0.00765316699835239,0.7446025397958621
LogisticRegression,364769,6,6,True,18,1000,5,0.007634083995071705,0.7343986209927851
LogisticRegression,364769,6,6,True,18,2500,1,0.01244970800325973,0.7434603537417562
LogisticRegression,364769,6,6,True,18,2500,2,0.012277249996259343,0.737238705221764
LogisticRegression,364769,6,6,True,18,2500,3,0.012185916995804291,0.7494700923468338
LogisticRegression,364769,6,6,True,18,2500,4,0.013861833002010826,0.7465078972787236
LogisticRegression,364769,6,6,True,18,2500,5,0.015989915998943616,0.7308995622305176
LogisticRegression,364769,6,6,True,18,5000,1,0.03925308299949393,0.7033537150363754
LogisticRegression,364769,6,6,True,18,5000,2,0.0269567499999539,0.716555048503396
LogisticRegression,364769,6,6,True,18,5000,3,0.023319042004004586,0.7349921667329461
LogisticRegression,364769,6,6,True,18,5000,4,0.021581875000265427,0.7412493535519865
LogisticRegression,364769,6,6,True,18,5000,5,0.020897875001537614,0.7256342355288712
LogisticRegression,364769,6,6,True,18,10000,1,0.03576354200049536,0.7271310896490515
LogisticRegression,364769,6,6,True,18,10000,2,0.03531745800137287,0.7366104794333492
LogisticRegression,364769,6,6,True,18,10000,3,0.034941457997774705,0.732882903454535
LogisticRegression,364769,6,6,True,18,10000,4,0.04101516600348987,0.7404149266241876
LogisticRegression,364769,6,6,True,18,10000,5,0.0408400000014808,0.7264878956320602
LogisticRegression,364769,6,6,True,36,500,1,0.017319708997092675,0.6865459783649012
LogisticRegression,364769,6,6,True,36,500,2,0.007390332997601945,0.7207653698986165
LogisticRegression,364769,6,6,True,36,500,3,0.06091237500368152,0.6762913976687109
LogisticRegression,364769,6,6,True,36,500,4,0.008397249999688938,0.662940274949169
LogisticRegression,364769,6,6,True,36,500,5,0.009129291000135709,0.65223848950336
LogisticRegression,364769,6,6,True,36,1000,1,0.009420791997399647,0.7087864909812349
LogisticRegression,364769,6,6,True,36,1000,2,0.009346999999252148,0.7066398219812566
LogisticRegression,364769,6,6,True,36,1000,3,0.009115041000768542,0.657534303564538
LogisticRegression,364769,6,6,True,36,1000,4,0.009287624998250976,0.7129276588250406
LogisticRegression,364769,6,6,True,36,1000,5,0.009126875003858004,0.7456103447807578
LogisticRegression,364769,6,6,True,36,2500,1,0.014556666996213607,0.6812875941957449
LogisticRegression,364769,6,6,True,36,2500,2,0.014265208999859169,0.6752881585619247
LogisticRegression,364769,6,6,True,36,2500,3,0.0140945829989505,0.6924444755866287
LogisticRegression,364769,6,6,True,36,2500,4,0.01441454200539738,0.6855697869371971
LogisticRegression,364769,6,6,True,36,2500,5,0.01405358299962245,0.7087906712916412
LogisticRegression,364769,6,6,True,36,5000,1,0.022794374999648426,0.6709117479640279
LogisticRegression,364769,6,6,True,36,5000,2,0.022564291997696273,0.6934329243914197
LogisticRegression,364769,6,6,True,36,5000,3,0.023385459004202858,0.7028023438906591
LogisticRegression,364769,6,6,True,36,5000,4,0.022843792001367547,0.7013882666202386
LogisticRegression,364769,6,6,True,36,5000,5,0.022853957998449914,0.6911241931564585
LogisticRegression,364769,6,6,True,36,10000,1,0.04140120800002478,0.6822461224648528
LogisticRegression,364769,6,6,True,36,10000,2,0.04014491700218059,0.6862642167292624
LogisticRegression,364769,6,6,True,36,10000,3,0.04015683400211856,0.6856090822618347
LogisticRegression,364769,6,6,True,36,10000,4,0.03970037499675527,0.7031198631282328
LogisticRegression,364769,6,6,True,36,10000,5,0.039646833000006154,0.7029438762333626
LogisticRegression,364769,6,6,True,54,500,1,0.007546249995357357,0.3694189438745813
LogisticRegression,364769,6,6,True,54,500,2,0.007557459000963718,0.37694819171744465
LogisticRegression,364769,6,6,True,54,500,3,0.00745062499481719,0.34915413715244903
LogisticRegression,364769,6,6,True,54,500,4,0.007763834000797942,0.3895096421672015
LogisticRegression,364769,6,6,True,54,500,5,0.007407375000184402,0.38347022863839053
LogisticRegression,364769,6,6,True,54,1000,1,0.009477416999288835,0.37086733339943123
LogisticRegression,364769,6,6,True,54,1000,2,0.009364000005007256,0.39808984681036785
LogisticRegression,364769,6,6,True,54,1000,3,0.01203275000443682,0.31288151038518686
LogisticRegression,364769,6,6,True,54,1000,4,0.010942167005850933,0.33370257602559983
LogisticRegression,364769,6,6,True,54,1000,5,0.010697083002014551,0.38403824165601774
LogisticRegression,364769,6,6,True,54,2500,1,0.01736491600604495,0.3626541363934339
LogisticRegression,364769,6,6,True,54,2500,2,0.030341334000695497,0.3160099160157862
LogisticRegression,364769,6,6,True,54,2500,3,0.018828583000868093,0.3333463965653576
LogisticRegression,364769,6,6,True,54,2500,4,0.017988583000260405,0.3287021714220765
LogisticRegression,364769,6,6,True,54,2500,5,0.01732833300047787,0.3702592876412486
LogisticRegression,364769,6,6,True,54,5000,1,0.03875312500167638,0.30873462257703965
LogisticRegression,364769,6,6,True,54,5000,2,0.02642966700659599,0.313273259262951
LogisticRegression,364769,6,6,True,54,5000,3,0.025817916997766588,0.345658724165003
LogisticRegression,364769,6,6,True,54,5000,4,0.02789091699378332,0.33655659732753207
LogisticRegression,364769,6,6,True,54,5000,5,0.02689950000058161,0.35915424022222575
LogisticRegression,364769,6,6,True,54,10000,1,0.04834804099664325,0.3451295258491448
LogisticRegression,364769,6,6,True,54,10000,2,0.04720395799813559,0.3302678600864144
LogisticRegression,364769,6,6,True,54,10000,3,0.04661183300049743,0.3238714953037436
LogisticRegression,364769,6,6,True,54,10000,4,0.0482180420003715,0.3173233161289931
LogisticRegression,364769,6,6,True,54,10000,5,0.047108958002354484,0.3157141971550045
LogisticRegression,368080,6,6,True,18,500,1,0.006328916999336798,0.7737555761933331
LogisticRegression,368080,6,6,True,18,500,2,0.006277084001339972,0.7405896346298693
LogisticRegression,368080,6,6,True,18,500,3,0.006137500000477303,0.7371028460378665
LogisticRegression,368080,6,6,True,18,500,4,0.006118917001003865,0.7114987028341286
LogisticRegression,368080,6,6,True,18,500,5,0.006133290997240692,0.7642808019524798
LogisticRegression,368080,6,6,True,18,1000,1,0.008029415999772027,0.7750077338806718
LogisticRegression,368080,6,6,True,18,1000,2,0.007693790998018812,0.7664049093677119
LogisticRegression,368080,6,6,True,18,1000,3,0.007703749994107056,0.7576330794276757
LogisticRegression,368080,6,6,True,18,1000,4,0.007640417003131006,0.7646566883046035
LogisticRegression,368080,6,6,True,18,1000,5,0.007632458000443876,0.7525431143393755
LogisticRegression,368080,6,6,True,18,2500,1,0.012297708002733998,0.7610720729569987
LogisticRegression,368080,6,6,True,18,2500,2,0.012238166993483901,0.7574385400850236
LogisticRegression,368080,6,6,True,18,2500,3,0.01229083400539821,0.7640225306646514
LogisticRegression,368080,6,6,True,18,2500,4,0.01229033300478477,0.7610738853646601
LogisticRegression,368080,6,6,True,18,2500,5,0.012280125003599096,0.7548692212711661
LogisticRegression,368080,6,6,True,18,5000,1,0.01965758399455808,0.7317257922909299
LogisticRegression,368080,6,6,True,18,5000,2,0.020169208000879735,0.7379784955279025
LogisticRegression,368080,6,6,True,18,5000,3,0.020249417000741232,0.7541533895899646
LogisticRegression,368080,6,6,True,18,5000,4,0.019991832996311132,0.7587392305164097
LogisticRegression,368080,6,6,True,18,5000,5,0.019865333000780083,0.745081141730073
LogisticRegression,368080,6,6,True,18,10000,1,0.0344578329968499,0.749755372235729
LogisticRegression,368080,6,6,True,18,10000,2,0.03453970899863634,0.755951381580821
LogisticRegression,368080,6,6,True,18,10000,3,0.03456300000107149,0.7523602722539894
LogisticRegression,368080,6,6,True,18,10000,4,0.034697791998041794,0.7576491839883877
LogisticRegression,368080,6,6,True,18,10000,5,0.03460695899411803,0.747989870780533
LogisticRegression,368080,6,6,True,36,500,1,0.007087374993716367,0.6974231913710515
LogisticRegression,368080,6,6,True,36,500,2,0.006732624999131076,0.7362213013043453
LogisticRegression,368080,6,6,True,36,500,3,0.006762292003259063,0.6750195641144305
LogisticRegression,368080,6,6,True,36,500,4,0.006684042004053481,0.6749263177084941
LogisticRegression,368080,6,6,True,36,500,5,0.007091542000125628,0.6550669978028231
LogisticRegression,368080,6,6,True,36,1000,1,0.00860991700028535,0.705128886921419
LogisticRegression,368080,6,6,True,36,1000,2,0.008580208996136207,0.6974655980853672
LogisticRegression,368080,6,6,True,36,1000,3,0.008518791997630615,0.6588900844335691
LogisticRegression,368080,6,6,True,36,1000,4,0.008422833001532126,0.7116864233249007
LogisticRegression,368080,6,6,True,36,1000,5,0.008640125000965782,0.7501744946361539
LogisticRegression,368080,6,6,True,36,2500,1,0.014087916999415029,0.6802029006742292
LogisticRegression,368080,6,6,True,36,2500,2,0.014037792003364302,0.6730470968452236
LogisticRegression,368080,6,6,True,36,2500,3,0.013929041000665165,0.6904499405417854
LogisticRegression,368080,6,6,True,36,2500,4,0.013970457999676,0.6837565594068806
LogisticRegression,368080,6,6,True,36,2500,5,0.01391733399941586,0.7074875141052378
LogisticRegression,368080,6,6,True,36,5000,1,0.02270370799669763,0.6694840653776188
LogisticRegression,368080,6,6,True,36,5000,2,0.022752875003789086,0.6971517994510306
LogisticRegression,368080,6,6,True,36,5000,3,0.02274112500163028,0.7081804920198238
LogisticRegression,368080,6,6,True,36,5000,4,0.022876292001456022,0.7138604234273749
LogisticRegression,368080,6,6,True,36,5000,5,0.022913542001333553,0.6896349630133698
LogisticRegression,368080,6,6,True,36,10000,1,0.039815208001527935,0.6901623442421513
LogisticRegression,368080,6,6,True,36,10000,2,0.03969074999622535,0.6839712362129335
LogisticRegression,368080,6,6,True,36,10000,3,0.040239167006802745,0.6895893025605484
LogisticRegression,368080,6,6,True,36,10000,4,0.039706208001007326,0.7071942555777941
LogisticRegression,368080,6,6,True,36,10000,5,0.03970116699929349,0.716690796576476
LogisticRegression,368080,6,6,True,54,500,1,0.007733042002655566,0.3668245465101334
LogisticRegression,368080,6,6,True,54,500,2,0.007497291000618134,0.3674417502923736
LogisticRegression,368080,6,6,True,54,500,3,0.007377082998573314,0.3454197066418939
LogisticRegression,368080,6,6,True,54,500,4,0.007576832998893224,0.39223507967538074
LogisticRegression,368080,6,6,True,54,500,5,0.007363290998910088,0.37172906155424623
LogisticRegression,368080,6,6,True,54,1000,1,0.009410999999090564,0.3557422075539536
LogisticRegression,368080,6,6,True,54,1000,2,0.009611958004825283,0.3959625564894085
LogisticRegression,368080,6,6,True,54,1000,3,0.009867958004178945,0.3187306936281391
LogisticRegression,368080,6,6,True,54,1000,4,0.009483832996920682,0.3336888764161239
LogisticRegression,368080,6,6,True,54,1000,5,0.009372499996970873,0.383179032931524
LogisticRegression,368080,6,6,True,54,2500,1,0.015586250003252644,0.362685553344409
LogisticRegression,368080,6,6,True,54,2500,2,0.01553454100212548,0.31280542993800575
LogisticRegression,368080,6,6,True,54,2500,3,0.015611084003467113,0.3278152778796162
LogisticRegression,368080,6,6,True,54,2500,4,0.015506208001170307,0.3265874197091633
LogisticRegression,368080,6,6,True,54,2500,5,0.015438000002177432,0.3697008449363004
LogisticRegression,368080,6,6,True,54,5000,1,0.025533708998409566,0.30716972240551166
LogisticRegression,368080,6,6,True,54,5000,2,0.02555791700433474,0.31204652805730304
LogisticRegression,368080,6,6,True,54,5000,3,0.025443541002459824,0.34470898045754306
LogisticRegression,368080,6,6,True,54,5000,4,0.025519333998090588,0.3177786785691541
LogisticRegression,368080,6,6,True,54,5000,5,0.025962667001294903,0.3579221264625322
LogisticRegression,368080,6,6,True,54,10000,1,0.04540962500323076,0.34390003158060023
LogisticRegression,368080,6,6,True,54,10000,2,0.0453692079972825,0.32899155028629334
LogisticRegression,368080,6,6,True,54,10000,3,0.04496937500516651,0.32332876041360525
LogisticRegression,368080,6,6,True,54,10000,4,0.04498566599795595,0.31610533548329034
LogisticRegression,368080,6,6,True,54,10000,5,0.044934249999641906,0.3144350305124376
LogisticRegression,370120,4,1,False,18,500,1,0.0062763750029262155,0.3534575481585591
LogisticRegression,370120,4,1,False,18,500,2,0.006098332996771205,0.4198282748263762
LogisticRegression,370120,4,1,False,18,500,3,0.0059997080024913885,0.42862762641163665
LogisticRegression,370120,4,1,False,18,500,4,0.005987790995277464,0.4519506829143738
LogisticRegression,370120,4,1,False,18,500,5,0.00603683299414115,0.35111430501121277
LogisticRegression,370120,4,1,False,18,1000,1,0.007911000000603963,0.3556362427067855
LogisticRegression,370120,4,1,False,18,1000,2,0.007704582996666431,0.35240917155806384
LogisticRegression,370120,4,1,False,18,1000,3,0.007667583005968481,0.36124606307371643
LogisticRegression,370120,4,1,False,18,1000,4,0.0076409580069594085,0.3869120124124763
LogisticRegression,370120,4,1,False,18,1000,5,0.007911916996818036,0.3754375722569333
LogisticRegression,370120,4,1,False,18,2500,1,0.013082541998301167,0.378192582979741
LogisticRegression,370120,4,1,False,18,2500,2,0.014151250004942995,0.3931021389453102
LogisticRegression,370120,4,1,False,18,2500,3,0.013032666000071913,0.40419272462720435
LogisticRegression,370120,4,1,False,18,2500,4,0.013126541998644825,0.3484263695357327
LogisticRegression,370120,4,1,False,18,2500,5,0.01246687499951804,0.3837015592730879
LogisticRegression,370120,4,1,False,18,5000,1,0.020685290997789707,0.3984842294262102
LogisticRegression,370120,4,1,False,18,5000,2,0.0201752499997383,0.3971645357661421
LogisticRegression,370120,4,1,False,18,5000,3,0.02031708300637547,0.39041587240630193
LogisticRegression,370120,4,1,False,18,5000,4,0.02043845899606822,0.3926278316228313
LogisticRegression,370120,4,1,False,18,5000,5,0.020134875005169306,0.37624104620209553
LogisticRegression,370120,4,1,False,18,10000,1,0.03476866699929815,0.38088859013599086
LogisticRegression,370120,4,1,False,18,10000,2,0.035502457998518366,0.3878874369141154
LogisticRegression,370120,4,1,False,18,10000,3,0.03447062499617459,0.39014289671890745
LogisticRegression,370120,4,1,False,18,10000,4,0.034597666999616195,0.3854074402869151
LogisticRegression,370120,4,1,False,18,10000,5,0.03520587499951944,0.3730865068339425
LogisticRegression,370120,4,1,False,36,500,1,0.007600208999065217,0.3259478979521502
LogisticRegression,370120,4,1,False,36,500,2,0.0075382499999250285,0.3572779712601837
LogisticRegression,370120,4,1,False,36,500,3,0.007294666000234429,0.3781085860158353
LogisticRegression,370120,4,1,False,36,500,4,0.00719287499669008,0.36147848223866685
LogisticRegression,370120,4,1,False,36,500,5,0.006821208000474144,0.31534910528024285
LogisticRegression,370120,4,1,False,36,1000,1,0.008730500005185604,0.33659912335020215
LogisticRegression,370120,4,1,False,36,1000,2,0.008547917001124006,0.4183565457541675
LogisticRegression,370120,4,1,False,36,1000,3,0.008557708999433089,0.4328242337231737
LogisticRegression,370120,4,1,False,36,1000,4,0.008554041000024881,0.3799443573727742
LogisticRegression,370120,4,1,False,36,1000,5,0.00899175000085961,0.32162626399256655
LogisticRegression,370120,4,1,False,36,2500,1,0.014162625004246365,0.3703666317492318
LogisticRegression,370120,4,1,False,36,2500,2,0.013957499999378342,0.37693303379515863
LogisticRegression,370120,4,1,False,36,2500,3,0.014028875004441943,0.4020053660700392
LogisticRegression,370120,4,1,False,36,2500,4,0.013947166997240856,0.3494491637039807
LogisticRegression,370120,4,1,False,36,2500,5,0.014086041999689769,0.37161078430040617
LogisticRegression,370120,4,1,False,36,5000,1,0.02308179100509733,0.3832544315332236
LogisticRegression,370120,4,1,False,36,5000,2,0.022901834003278054,0.3756754414098944
LogisticRegression,370120,4,1,False,36,5000,3,0.02324183400196489,0.3817866035549269
LogisticRegression,370120,4,1,False,36,5000,4,0.022982125003181864,0.38638617997921876
LogisticRegression,370120,4,1,False,36,5000,5,0.02278291700349655,0.3747054756509406
LogisticRegression,370120,4,1,False,36,10000,1,0.03985116600233596,0.37586735740747423
LogisticRegression,370120,4,1,False,36,10000,2,0.040055999998003244,0.38221297720961933
LogisticRegression,370120,4,1,False,36,10000,3,0.043389375001424924,0.3885827655214885
LogisticRegression,370120,4,1,False,36,10000,4,0.03993329100194387,0.3637183629229366
LogisticRegression,370120,4,1,False,36,10000,5,0.03987250000500353,0.36108566002580333
LogisticRegression,370120,4,1,False,54,500,1,0.007601582998177037,0.29733854397989945
LogisticRegression,370120,4,1,False,54,500,2,0.007364625002082903,0.27722864759234045
LogisticRegression,370120,4,1,False,54,500,3,0.007399750000331551,0.27558880991197376
LogisticRegression,370120,4,1,False,54,500,4,0.007296417003090028,0.26376386943386165
LogisticRegression,370120,4,1,False,54,500,5,0.007361875002970919,0.12272551367325701
LogisticRegression,370120,4,1,False,54,1000,1,0.009526082998490892,0.25873325323006746
LogisticRegression,370120,4,1,False,54,1000,2,0.009446667005249765,0.26616758351535685
LogisticRegression,370120,4,1,False,54,1000,3,0.009555207994708326,0.2426471280257112
LogisticRegression,370120,4,1,False,54,1000,4,0.009400000002642628,0.25534148476483465
LogisticRegression,370120,4,1,False,54,1000,5,0.009460667002713308,0.2738127537638332
LogisticRegression,370120,4,1,False,54,2500,1,0.015793917002156377,0.18179995672276228
LogisticRegression,370120,4,1,False,54,2500,2,0.015523083995503839,0.31791868125210476
LogisticRegression,370120,4,1,False,54,2500,3,0.015546041999186855,0.3000437284717933
LogisticRegression,370120,4,1,False,54,2500,4,0.015532959005213343,0.2362160392767978
LogisticRegression,370120,4,1,False,54,2500,5,0.015563209002721123,0.2671713665331463
LogisticRegression,370120,4,1,False,54,5000,1,0.025684457999886945,0.27844938772287686
LogisticRegression,370120,4,1,False,54,5000,2,0.025685874999908265,0.25243292356077085
LogisticRegression,370120,4,1,False,54,5000,3,0.02555291599855991,0.27990817343765473
LogisticRegression,370120,4,1,False,54,5000,4,0.025643125001806766,0.2788474507390012
LogisticRegression,370120,4,1,False,54,5000,5,0.02592095900035929,0.29228347012318345
LogisticRegression,370120,4,1,False,54,10000,1,0.04580037499545142,0.28295144412354867
LogisticRegression,370120,4,1,False,54,10000,2,0.0455688329966506,0.27806225113736893
LogisticRegression,370120,4,1,False,54,10000,3,0.045764833004795946,0.28578663455115216
LogisticRegression,370120,4,1,False,54,10000,4,0.045564542000647634,0.2819544426919667
LogisticRegression,370120,4,1,False,54,10000,5,0.04614062500331784,0.2621802384465738
LogisticRegression,398913,0,0,True,18,500,1,0.006359458006045315,0.1412855710292068
LogisticRegression,398913,0,0,True,18,500,2,0.006181917000503745,0.11270251175308954
LogisticRegression,398913,0,0,True,18,500,3,0.006089750000683125,0.13504269541641445
LogisticRegression,398913,0,0,True,18,500,4,0.006070167000871152,0.11423924597523061
LogisticRegression,398913,0,0,True,18,500,5,0.006179541000165045,0.1572899023412816
LogisticRegression,398913,0,0,True,18,1000,1,0.00769212500017602,0.13721001002497912
LogisticRegression,398913,0,0,True,18,1000,2,0.007608665997395292,0.09272546179346686
LogisticRegression,398913,0,0,True,18,1000,3,0.007669999999052379,0.11966995876317155
LogisticRegression,398913,0,0,True,18,1000,4,0.007596916999318637,0.11484557239757276
LogisticRegression,398913,0,0,True,18,1000,5,0.007651125000847969,0.1239910985968441
LogisticRegression,398913,0,0,True,18,2500,1,0.012258250004379079,0.11928999111990313
LogisticRegression,398913,0,0,True,18,2500,2,0.0132901659962954,0.10804746076514171
LogisticRegression,398913,0,0,True,18,2500,3,0.012499042000854388,0.11759876707182504
LogisticRegression,398913,0,0,True,18,2500,4,0.012077832994691562,0.10008523170314443
LogisticRegression,398913,0,0,True,18,2500,5,0.01214658300159499,0.11627210082572892
LogisticRegression,398913,0,0,True,18,5000,1,0.01988258399796905,0.11471338838395007
LogisticRegression,398913,0,0,True,18,5000,2,0.01990141699934611,0.09315123407811987
LogisticRegression,398913,0,0,True,18,5000,3,0.01993241599848261,0.0963870266643243
LogisticRegression,398913,0,0,True,18,5000,4,0.019961208003223874,0.10968028143262809
LogisticRegression,398913,0,0,True,18,5000,5,0.027101790998131037,0.10005513277178912
LogisticRegression,398913,0,0,True,18,10000,1,0.04659904199797893,0.10955893982827125
LogisticRegression,398913,0,0,True,18,10000,2,0.03585912499693222,0.10158543919612772
LogisticRegression,398913,0,0,True,18,10000,3,0.03559374999895226,0.10788723463407712
LogisticRegression,398913,0,0,True,18,10000,4,0.03500604099826887,0.10834646473694731
LogisticRegression,398913,0,0,True,18,10000,5,0.034675750001042616,0.11340286744946548
LogisticRegression,398913,0,0,True,36,500,1,0.008624750000308268,0.1280229406935387
LogisticRegression,398913,0,0,True,36,500,2,0.007281416998011991,0.08332656341564793
LogisticRegression,398913,0,0,True,36,500,3,0.006924957997398451,0.12161990566297531
LogisticRegression,398913,0,0,True,36,500,4,0.006711833004374057,0.08660021610120905
LogisticRegression,398913,0,0,True,36,500,5,0.006917083002917934,0.11629124072705455
LogisticRegression,398913,0,0,True,36,1000,1,0.008750499997404404,0.12066770924811254
LogisticRegression,398913,0,0,True,36,1000,2,0.00878750000265427,0.12286026171498687
LogisticRegression,398913,0,0,True,36,1000,3,0.008701708000444341,0.12297821531369857
LogisticRegression,398913,0,0,True,36,1000,4,0.0089348749970668,0.07873888935349382
LogisticRegression,398913,0,0,True,36,1000,5,0.008964207998360507,0.08000495476524738
LogisticRegression,398913,0,0,True,36,2500,1,0.014080332999583334,0.0932124440436336
LogisticRegression,398913,0,0,True,36,2500,2,0.013971416003187187,0.08442305682621709
LogisticRegression,398913,0,0,True,36,2500,3,0.01397329199971864,0.07843319267097737
LogisticRegression,398913,0,0,True,36,2500,4,0.014430040995648596,0.07344166592349421
LogisticRegression,398913,0,0,True,36,2500,5,0.013961834003566764,0.08314315313914
LogisticRegression,398913,0,0,True,36,5000,1,0.02302254100504797,0.08479936049458536
LogisticRegression,398913,0,0,True,36,5000,2,0.022877750001498498,0.07084820811529557
LogisticRegression,398913,0,0,True,36,5000,3,0.02275858299981337,0.08490793064318947
LogisticRegression,398913,0,0,True,36,5000,4,0.02309416700154543,0.07469186836140873
LogisticRegression,398913,0,0,True,36,5000,5,0.022954874999413732,0.08182724687939369
LogisticRegression,398913,0,0,True,36,10000,1,0.04003945800650399,0.08911907448015999
LogisticRegression,398913,0,0,True,36,10000,2,0.03996554199693492,0.07562250057721409
LogisticRegression,398913,0,0,True,36,10000,3,0.040234832995338365,0.08453013031894085
LogisticRegression,398913,0,0,True,36,10000,4,0.040240292000817135,0.0746336263550118
LogisticRegression,398913,0,0,True,36,10000,5,0.041590917004214134,0.08670607330306956
LogisticRegression,398913,0,0,True,54,500,1,0.00781433300289791,0.13992032454639225
LogisticRegression,398913,0,0,True,54,500,2,0.007468415999028366,0.1078342095270699
LogisticRegression,398913,0,0,True,54,500,3,0.007303083002625499,0.137598234766939
LogisticRegression,398913,0,0,True,54,500,4,0.0075341670017223805,0.1056966760836282
LogisticRegression,398913,0,0,True,54,500,5,0.008125208994897548,0.12402173348400969
LogisticRegression,398913,0,0,True,54,1000,1,0.00987229200109141,0.11597888291267966
LogisticRegression,398913,0,0,True,54,1000,2,0.009436291999008972,0.11308544178580471
LogisticRegression,398913,0,0,True,54,1000,3,0.009490542004641611,0.1128179746284711
LogisticRegression,398913,0,0,True,54,1000,4,0.009440791996894404,0.11046559820748603
LogisticRegression,398913,0,0,True,54,1000,5,0.009495625003182795,0.10081778953496379
LogisticRegression,398913,0,0,True,54,2500,1,0.015719292001449503,0.09249059246071367
LogisticRegression,398913,0,0,True,54,2500,2,0.015620291997038294,0.0802907149583707
LogisticRegression,398913,0,0,True,54,2500,3,0.01571062499715481,0.10212229785613602
LogisticRegression,398913,0,0,True,54,2500,4,0.015563999993901234,0.08655976000456544
LogisticRegression,398913,0,0,True,54,2500,5,0.015518459003942553,0.09804621262947721
LogisticRegression,398913,0,0,True,54,5000,1,0.025736291005159728,0.11004021410798559
LogisticRegression,398913,0,0,True,54,5000,2,0.025638125000114087,0.07874049872273459
LogisticRegression,398913,0,0,True,54,5000,3,0.02551908299938077,0.08791115131084781
LogisticRegression,398913,0,0,True,54,5000,4,0.025582957998267375,0.09541203213783067
LogisticRegression,398913,0,0,True,54,5000,5,0.025985833002778236,0.09445368012346989
LogisticRegression,398913,0,0,True,54,10000,1,0.04545954200148117,0.09480782519457254
LogisticRegression,398913,0,0,True,54,10000,2,0.04577212499862071,0.08058897999073822
LogisticRegression,398913,0,0,True,54,10000,3,0.04586962499888614,0.09396666896542005
LogisticRegression,398913,0,0,True,54,10000,4,0.04561266699602129,0.09504031180352257
LogisticRegression,398913,0,0,True,54,10000,5,0.045554666001407895,0.10122370829101768
LogisticRegression,426277,1,1,True,18,500,1,0.006296915998973418,0.2870813415794098
LogisticRegression,426277,1,1,True,18,500,2,0.006116584001574665,0.33064956462773387
LogisticRegression,426277,1,1,True,18,500,3,0.006027999996149447,0.29954852797863496
LogisticRegression,426277,1,1,True,18,500,4,0.006104125001002103,0.32343399676514795
LogisticRegression,426277,1,1,True,18,500,5,0.0060784999950556085,0.23457018331706736
LogisticRegression,426277,1,1,True,18,1000,1,0.0077956250024726614,0.2329338283876935
LogisticRegression,426277,1,1,True,18,1000,2,0.0076932919982937165,0.29022879712552074
LogisticRegression,426277,1,1,True,18,1000,3,0.0076249999983701855,0.27442187443476285
LogisticRegression,426277,1,1,True,18,1000,4,0.007558499994047452,0.27275766884203534
LogisticRegression,426277,1,1,True,18,1000,5,0.007599625001603272,0.2651705590236474
LogisticRegression,426277,1,1,True,18,2500,1,0.012245624995557591,0.27817906044484475
LogisticRegression,426277,1,1,True,18,2500,2,0.012320582995016593,0.29055461508364944
LogisticRegression,426277,1,1,True,18,2500,3,0.012203584003145806,0.3169010481634629
LogisticRegression,426277,1,1,True,18,2500,4,0.012101832995540462,0.25053437362944575
LogisticRegression,426277,1,1,True,18,2500,5,0.012229832995217294,0.27856756484848455
LogisticRegression,426277,1,1,True,18,5000,1,0.019908458001737017,0.283038929224113
LogisticRegression,426277,1,1,True,18,5000,2,0.02046729199355468,0.2955361221366358
LogisticRegression,426277,1,1,True,18,5000,3,0.019841041998006403,0.2754449938756569
LogisticRegression,426277,1,1,True,18,5000,4,0.019942874998378102,0.286430316541885
LogisticRegression,426277,1,1,True,18,5000,5,0.019802583003183827,0.2692950878551795
LogisticRegression,426277,1,1,True,18,10000,1,0.0343459579962655,0.2678895564126882
LogisticRegression,426277,1,1,True,18,10000,2,0.034567084003356285,0.2780485587522109
LogisticRegression,426277,1,1,True,18,10000,3,0.03407308399619069,0.2842937925689183
LogisticRegression,426277,1,1,True,18,10000,4,0.034275541998795234,0.2877579102110286
LogisticRegression,426277,1,1,True,18,10000,5,0.03442629100027261,0.27248695817080526
LogisticRegression,426277,1,1,True,36,500,1,0.006851833997643553,0.2745677815792855
LogisticRegression,426277,1,1,True,36,500,2,0.006688375004159752,0.23097174270065002
LogisticRegression,426277,1,1,True,36,500,3,0.006657416000962257,0.25917597557856986
LogisticRegression,426277,1,1,True,36,500,4,0.0067350829995120876,0.29153963596747656
LogisticRegression,426277,1,1,True,36,500,5,0.006732165995344985,0.1974366385264329
LogisticRegression,426277,1,1,True,36,1000,1,0.008550040998670738,0.22264446913023417
LogisticRegression,426277,1,1,True,36,1000,2,0.008502750002662651,0.3112253499270319
LogisticRegression,426277,1,1,True,36,1000,3,0.00858620900544338,0.2937961131415304
LogisticRegression,426277,1,1,True,36,1000,4,0.00851324999530334,0.273136929214146
LogisticRegression,426277,1,1,True,36,1000,5,0.008742916994378902,0.22042092035110938
LogisticRegression,426277,1,1,True,36,2500,1,0.01468666699656751,0.2742061286608771
LogisticRegression,426277,1,1,True,36,2500,2,0.013925457998993807,0.268064417237178
LogisticRegression,426277,1,1,True,36,2500,3,0.013818749997881241,0.3031001116009715
LogisticRegression,426277,1,1,True,36,2500,4,0.013825957998051308,0.24128052903875197
LogisticRegression,426277,1,1,True,36,2500,5,0.013875749995349906,0.25284211454091454
LogisticRegression,426277,1,1,True,36,5000,1,0.02475433399376925,0.259745766019436
LogisticRegression,426277,1,1,True,36,5000,2,0.025549917001626454,0.2799008423141135
LogisticRegression,426277,1,1,True,36,5000,3,0.02432179199968232,0.2714218853689907
LogisticRegression,426277,1,1,True,36,5000,4,0.023849874996813014,0.261890949892709
LogisticRegression,426277,1,1,True,36,5000,5,0.02316837500256952,0.2588152315590082
LogisticRegression,426277,1,1,True,36,10000,1,0.0406490829991526,0.25598976582892985
LogisticRegression,426277,1,1,True,36,10000,2,0.03994675000285497,0.2675953577984478
LogisticRegression,426277,1,1,True,36,10000,3,0.042279041997971945,0.27076635518282677
LogisticRegression,426277,1,1,True,36,10000,4,0.039870874999905936,0.27445542620959407
LogisticRegression,426277,1,1,True,36,10000,5,0.040058957994915545,0.24413699483340112
LogisticRegression,426277,1,1,True,54,500,1,0.007694790998357348,0.2084581122265835
LogisticRegression,426277,1,1,True,54,500,2,0.00750316699850373,0.21269567833112069
LogisticRegression,426277,1,1,True,54,500,3,0.007474374993762467,0.20665334734661633
LogisticRegression,426277,1,1,True,54,500,4,0.00756474999798229,0.2626010159259853
LogisticRegression,426277,1,1,True,54,500,5,0.007998749999387655,0.14063027232702818
LogisticRegression,426277,1,1,True,54,1000,1,0.010289124998962507,0.15864329965347768
LogisticRegression,426277,1,1,True,54,1000,2,0.00976145899767289,0.23572900799356944
LogisticRegression,426277,1,1,True,54,1000,3,0.01010833300097147,0.23517467049561347
LogisticRegression,426277,1,1,True,54,1000,4,0.010231332998955622,0.16968450247880063
LogisticRegression,426277,1,1,True,54,1000,5,0.009726124997541774,0.1697556540425158
LogisticRegression,426277,1,1,True,54,2500,1,0.016024416996515356,0.19143908822380973
LogisticRegression,426277,1,1,True,54,2500,2,0.015805957998964004,0.22861426354551462
LogisticRegression,426277,1,1,True,54,2500,3,0.016005584002414253,0.20963567103917724
LogisticRegression,426277,1,1,True,54,2500,4,0.01599637500476092,0.1842399546353054
LogisticRegression,426277,1,1,True,54,2500,5,0.015864290995523334,0.18636306363911492
LogisticRegression,426277,1,1,True,54,5000,1,0.02543816599791171,0.18926691942846763
LogisticRegression,426277,1,1,True,54,5000,2,0.02539870799955679,0.20239699863350902
LogisticRegression,426277,1,1,True,54,5000,3,0.025850208003248554,0.18637140356966997
LogisticRegression,426277,1,1,True,54,5000,4,0.02601787500316277,0.19370010028309914
LogisticRegression,426277,1,1,True,54,5000,5,0.026290916997822933,0.19963219315229686
LogisticRegression,426277,1,1,True,54,10000,1,0.04647083300369559,0.18749401171161217
LogisticRegression,426277,1,1,True,54,10000,2,0.04566924999380717,0.18258223382783467
LogisticRegression,426277,1,1,True,54,10000,3,0.04637541600095574,0.19755607532327213
LogisticRegression,426277,1,1,True,54,10000,4,0.04668637499707984,0.20044112091979205
LogisticRegression,426277,1,1,True,54,10000,5,0.045671209001739044,0.1700126915645951
LogisticRegression,426841,4,1,False,18,500,1,0.006432249996578321,0.1295381331363581
LogisticRegression,426841,4,1,False,18,500,2,0.006178875002660789,0.1543901193992755
LogisticRegression,426841,4,1,False,18,500,3,0.006103333005739842,0.14241195239662363
LogisticRegression,426841,4,1,False,18,500,4,0.006132041002274491,0.16593074108665273
LogisticRegression,426841,4,1,False,18,500,5,0.006176791001053061,0.11875535075246435
LogisticRegression,426841,4,1,False,18,1000,1,0.007737874999293126,0.12158721029095043
LogisticRegression,426841,4,1,False,18,1000,2,0.00763987500249641,0.09631043910027925
LogisticRegression,426841,4,1,False,18,1000,3,0.0077097080065868795,0.13191496308635253
LogisticRegression,426841,4,1,False,18,1000,4,0.0076737910058000125,0.147503362875115
LogisticRegression,426841,4,1,False,18,1000,5,0.007633499997609761,0.14005652175130945
LogisticRegression,426841,4,1,False,18,2500,1,0.01283987499482464,0.1357491455566473
LogisticRegression,426841,4,1,False,18,2500,2,0.012334166996879503,0.12992328477201243
LogisticRegression,426841,4,1,False,18,2500,3,0.012400458996125963,0.12043560237831663
LogisticRegression,426841,4,1,False,18,2500,4,0.01229570899886312,0.0959731588458147
LogisticRegression,426841,4,1,False,18,2500,5,0.01216812500206288,0.11515389520554775
LogisticRegression,426841,4,1,False,18,5000,1,0.020177917002001777,0.135558026912039
LogisticRegression,426841,4,1,False,18,5000,2,0.019805375006399117,0.1300116804858943
LogisticRegression,426841,4,1,False,18,5000,3,0.01987504099815851,0.1289294124790853
LogisticRegression,426841,4,1,False,18,5000,4,0.020603042001312133,0.12757449254169162
LogisticRegression,426841,4,1,False,18,5000,5,0.020138790998316836,0.12623960317572358
LogisticRegression,426841,4,1,False,18,10000,1,0.043505542002094444,0.12508026445433684
LogisticRegression,426841,4,1,False,18,10000,2,0.062389833001361694,0.1283562421726281
LogisticRegression,426841,4,1,False,18,10000,3,0.04480979200161528,0.1163541003196703
LogisticRegression,426841,4,1,False,18,10000,4,0.04288312499556923,0.12079599812569719
LogisticRegression,426841,4,1,False,18,10000,5,0.05351354199956404,0.11296169852232263
LogisticRegression,426841,4,1,False,36,500,1,0.012862540999776684,0.1122744667267912
LogisticRegression,426841,4,1,False,36,500,2,0.012331125006312504,0.15993294117015233
LogisticRegression,426841,4,1,False,36,500,3,0.009670250001363456,0.15673974821403625
LogisticRegression,426841,4,1,False,36,500,4,0.013463416995364241,0.14618289833918208
LogisticRegression,426841,4,1,False,36,500,5,0.012479208002332598,0.15581056900274115
LogisticRegression,426841,4,1,False,36,1000,1,0.013474874998792075,0.11758907840074084
LogisticRegression,426841,4,1,False,36,1000,2,0.01203325000096811,0.1609671411589768
LogisticRegression,426841,4,1,False,36,1000,3,0.012963499997567851,0.1859955347074741
LogisticRegression,426841,4,1,False,36,1000,4,0.010523707998800091,0.14079909498284437
LogisticRegression,426841,4,1,False,36,1000,5,0.010628458003338892,0.12979523979438112
LogisticRegression,426841,4,1,False,36,2500,1,0.016316791996359825,0.13098264687228656
LogisticRegression,426841,4,1,False,36,2500,2,0.015080291996127926,0.13573612791210898
LogisticRegression,426841,4,1,False,36,2500,3,0.014348208002047613,0.140759769101646
LogisticRegression,426841,4,1,False,36,2500,4,0.014480333004030399,0.10708981772830495
LogisticRegression,426841,4,1,False,36,2500,5,0.014336708001792431,0.11657366015010218
LogisticRegression,426841,4,1,False,36,5000,1,0.02289116599422414,0.13419003947207975
LogisticRegression,426841,4,1,False,36,5000,2,0.023209832994325552,0.12715863456013965
LogisticRegression,426841,4,1,False,36,5000,3,0.022840249999717344,0.11356710350246979
LogisticRegression,426841,4,1,False,36,5000,4,0.022834415998659097,0.13475991200582726
LogisticRegression,426841,4,1,False,36,5000,5,0.022739332998753525,0.12212421269838047
LogisticRegression,426841,4,1,False,36,10000,1,0.039888374994916376,0.13717341883250456
LogisticRegression,426841,4,1,False,36,10000,2,0.03980949999822769,0.12856894062490054
LogisticRegression,426841,4,1,False,36,10000,3,0.04015670800436055,0.12173018488253573
LogisticRegression,426841,4,1,False,36,10000,4,0.0397568330008653,0.12166906347428497
LogisticRegression,426841,4,1,False,36,10000,5,0.039716833001875784,0.12078394053732244
LogisticRegression,426841,4,1,False,54,500,1,0.007721583002421539,0.19105883564389814
LogisticRegression,426841,4,1,False,54,500,2,0.007388708996586502,0.10061760655167884
LogisticRegression,426841,4,1,False,54,500,3,0.007415416002913844,0.12725413760703042
LogisticRegression,426841,4,1,False,54,500,4,0.007639290997758508,0.041917881560193715
LogisticRegression,426841,4,1,False,54,500,5,0.007318000003579073,0.11608535019997279
LogisticRegression,426841,4,1,False,54,1000,1,0.009418790999916382,0.07781742491235277
LogisticRegression,426841,4,1,False,54,1000,2,0.009325333005108405,0.11015117807000352
LogisticRegression,426841,4,1,False,54,1000,3,0.009794249999686144,0.03583087438494159
LogisticRegression,426841,4,1,False,54,1000,4,0.009521792002487928,0.1317778729139678
LogisticRegression,426841,4,1,False,54,1000,5,0.009360958996694535,0.14608529456365815
LogisticRegression,426841,4,1,False,54,2500,1,0.01572654199844692,0.11816328250439212
LogisticRegression,426841,4,1,False,54,2500,2,0.015878790996794123,0.15836042023932906
LogisticRegression,426841,4,1,False,54,2500,3,0.015713000000687316,0.07371006426522209
LogisticRegression,426841,4,1,False,54,2500,4,0.015612082999723498,0.07870810195048661
LogisticRegression,426841,4,1,False,54,2500,5,0.015627416003553662,0.16193017363608897
LogisticRegression,426841,4,1,False,54,5000,1,0.025654333003330976,0.14551533352043167
LogisticRegression,426841,4,1,False,54,5000,2,0.025603541995224077,0.08801103174226899
LogisticRegression,426841,4,1,False,54,5000,3,0.025613666999561246,0.14883910014615231
LogisticRegression,426841,4,1,False,54,5000,4,0.025616582999646198,0.16311871825162505
LogisticRegression,426841,4,1,False,54,5000,5,0.026663166005164385,0.11530554701828233
LogisticRegression,426841,4,1,False,54,10000,1,0.04594345800433075,0.14926635609566064
LogisticRegression,426841,4,1,False,54,10000,2,0.04567733300063992,0.11219679382842873
LogisticRegression,426841,4,1,False,54,10000,3,0.045678291004151106,0.14864304545243767
LogisticRegression,426841,4,1,False,54,10000,4,0.05269616700388724,0.15913068861575685
LogisticRegression,426841,4,1,False,54,10000,5,0.04633879200264346,0.1462091294311747
LogisticRegression,561670,0,0,True,18,500,1,0.006378874997608364,0.12412004036829116
LogisticRegression,561670,0,0,True,18,500,2,0.006632083001022693,0.06887520768269262
LogisticRegression,561670,0,0,True,18,500,3,0.00648854199971538,0.09978472773699687
LogisticRegression,561670,0,0,True,18,500,4,0.0068154160035192035,0.07853566685779079
LogisticRegression,561670,0,0,True,18,500,5,0.006744291000359226,0.12385350841508658
LogisticRegression,561670,0,0,True,18,1000,1,0.008362374996067956,0.09328716541187843
LogisticRegression,561670,0,0,True,18,1000,2,0.007792333002726082,0.06430124605476006
LogisticRegression,561670,0,0,True,18,1000,3,0.00820650000241585,0.09646161494989935
LogisticRegression,561670,0,0,True,18,1000,4,0.007808999995177146,0.09120464928561367
LogisticRegression,561670,0,0,True,18,1000,5,0.007739250002487097,0.08996049770820713
LogisticRegression,561670,0,0,True,18,2500,1,0.0140945829989505,0.08654714002653718
LogisticRegression,561670,0,0,True,18,2500,2,0.012729374997434206,0.08183252449982492
LogisticRegression,561670,0,0,True,18,2500,3,0.012366084003588185,0.08820787248965989
LogisticRegression,561670,0,0,True,18,2500,4,0.012246416001289617,0.062089898408627
LogisticRegression,561670,0,0,True,18,2500,5,0.012196374998893589,0.08049715841837857
LogisticRegression,561670,0,0,True,18,5000,1,0.019733417000679765,0.07989155723005148
LogisticRegression,561670,0,0,True,18,5000,2,0.01985245900141308,0.06372638828329669
LogisticRegression,561670,0,0,True,18,5000,3,0.01985479099676013,0.06948572658278562
LogisticRegression,561670,0,0,True,18,5000,4,0.019934916999773122,0.06973447150026157
LogisticRegression,561670,0,0,True,18,5000,5,0.01964916699944297,0.06643283662719957
LogisticRegression,561670,0,0,True,18,10000,1,0.03440483300073538,0.0738092428906083
LogisticRegression,561670,0,0,True,18,10000,2,0.03434233299776679,0.07292610903762375
LogisticRegression,561670,0,0,True,18,10000,3,0.034278291001101024,0.07264258046098349
LogisticRegression,561670,0,0,True,18,10000,4,0.034140167001169175,0.07589809093774924
LogisticRegression,561670,0,0,True,18,10000,5,0.03432258399698185,0.08140763245210503
LogisticRegression,561670,0,0,True,36,500,1,0.006983042003412265,0.09312083487667744
LogisticRegression,561670,0,0,True,36,500,2,0.006728291999024805,0.03796655540383376
LogisticRegression,561670,0,0,True,36,500,3,0.006699333003780339,0.10643626188666211
LogisticRegression,561670,0,0,True,36,500,4,0.006681957995169796,0.05868928380164107
LogisticRegression,561670,0,0,True,36,500,5,0.006685667001875117,0.08590800487761607
LogisticRegression,561670,0,0,True,36,1000,1,0.008644292000099085,0.08020657451425306
LogisticRegression,561670,0,0,True,36,1000,2,0.008646959002362564,0.09456113284836987
LogisticRegression,561670,0,0,True,36,1000,3,0.008646750000480097,0.08640623439147177
LogisticRegression,561670,0,0,True,36,1000,4,0.008506917001795955,0.065041372618726
LogisticRegression,561670,0,0,True,36,1000,5,0.008992583003418986,0.029350460993419758
LogisticRegression,561670,0,0,True,36,2500,1,0.014516584000375587,0.05784464705735903
LogisticRegression,561670,0,0,True,36,2500,2,0.01399479099927703,0.04043547018724647
LogisticRegression,561670,0,0,True,36,2500,3,0.014010250000865199,0.058541612129707654
LogisticRegression,561670,0,0,True,36,2500,4,0.014092290999542456,0.051359424943827725
LogisticRegression,561670,0,0,True,36,2500,5,0.013960917000076734,0.06594492990268419
LogisticRegression,561670,0,0,True,36,5000,1,0.022730875003617257,0.06024605657284143
LogisticRegression,561670,0,0,True,36,5000,2,0.022922457996173762,0.044483337731394124
LogisticRegression,561670,0,0,True,36,5000,3,0.022828500004834495,0.05970951091765919
LogisticRegression,561670,0,0,True,36,5000,4,0.023119583005609456,0.04131513224603356
LogisticRegression,561670,0,0,True,36,5000,5,0.02274004200444324,0.05221431321687109
LogisticRegression,561670,0,0,True,36,10000,1,0.03970449999906123,0.058703736077701074
LogisticRegression,561670,0,0,True,36,10000,2,0.039701375004369766,0.045710751569818076
LogisticRegression,561670,0,0,True,36,10000,3,0.03976708299887832,0.05539615105392681
LogisticRegression,561670,0,0,True,36,10000,4,0.039876333001302555,0.046184316878342124
LogisticRegression,561670,0,0,True,36,10000,5,0.039800874998036306,0.06199272609623174
LogisticRegression,561670,0,0,True,54,500,1,0.007775625002977904,0.14160726191774453
LogisticRegression,561670,0,0,True,54,500,2,0.007794042001478374,0.10908595357541262
LogisticRegression,561670,0,0,True,54,500,3,0.0077926249941810966,0.13931177761717162
LogisticRegression,561670,0,0,True,54,500,4,0.007971291997819208,0.1254371311477268
LogisticRegression,561670,0,0,True,54,500,5,0.007646250000107102,0.11817316003870715
LogisticRegression,561670,0,0,True,54,1000,1,0.010261499999614898,0.12292848594956207
LogisticRegression,561670,0,0,True,54,1000,2,0.010078999999677762,0.11283783805741932
LogisticRegression,561670,0,0,True,54,1000,3,0.009995124994020443,0.11382707020855654
LogisticRegression,561670,0,0,True,54,1000,4,0.010056999999505933,0.11866670626788745
LogisticRegression,561670,0,0,True,54,1000,5,0.010319167005945928,0.10157636010981896
LogisticRegression,561670,0,0,True,54,2500,1,0.016014250002626795,0.0931162181249966
LogisticRegression,561670,0,0,True,54,2500,2,0.015979499999957625,0.08188708131590405
LogisticRegression,561670,0,0,True,54,2500,3,0.01585354100097902,0.10324477556115474
LogisticRegression,561670,0,0,True,54,2500,4,0.015621792001184076,0.08532695592628048
LogisticRegression,561670,0,0,True,54,2500,5,0.015495042003749404,0.0987780143557544
LogisticRegression,561670,0,0,True,54,5000,1,0.02579975000116974,0.11100510901201088
LogisticRegression,561670,0,0,True,54,5000,2,0.025646291993325576,0.07965482909863941
LogisticRegression,561670,0,0,True,54,5000,3,0.02559008299431298,0.09249319837328795
LogisticRegression,561670,0,0,True,54,5000,4,0.025604333997762296,0.09996409112992688
LogisticRegression,561670,0,0,True,54,5000,5,0.025974291005695704,0.0991302557476117
LogisticRegression,561670,0,0,True,54,10000,1,0.04595220799819799,0.0949598665503717
LogisticRegression,561670,0,0,True,54,10000,2,0.0457192909962032,0.08599011141527846
LogisticRegression,561670,0,0,True,54,10000,3,0.045699082998908125,0.09468527290115558
LogisticRegression,561670,0,0,True,54,10000,4,0.04558458300016355,0.09569802845662101
LogisticRegression,561670,0,0,True,54,10000,5,0.045703166993916966,0.0974923682283656
LogisticRegression,575655,5,2,False,18,500,1,0.006264042000111658,0.6840045065478348
LogisticRegression,575655,5,2,False,18,500,2,0.006269999998039566,0.6856773215745819
LogisticRegression,575655,5,2,False,18,500,3,0.006149542001367081,0.6368736161133535
LogisticRegression,575655,5,2,False,18,500,4,0.00609966699994402,0.6230351645877592
LogisticRegression,575655,5,2,False,18,500,5,0.006192250002641231,0.6357006139732291
LogisticRegression,575655,5,2,False,18,1000,1,0.007901083998149261,0.6559150034986638
LogisticRegression,575655,5,2,False,18,1000,2,0.007662291995075066,0.6477274751784299
LogisticRegression,575655,5,2,False,18,1000,3,0.007572374997835141,0.691308690239728
LogisticRegression,575655,5,2,False,18,1000,4,0.007676750006794464,0.6304814185093729
LogisticRegression,575655,5,2,False,18,1000,5,0.007707417003985029,0.6432294104244487
LogisticRegression,575655,5,2,False,18,2500,1,0.012471249996451661,0.6520372252373943
LogisticRegression,575655,5,2,False,18,2500,2,0.01244641600351315,0.6625562703806955
LogisticRegression,575655,5,2,False,18,2500,3,0.012271540996152908,0.6465210274987199
LogisticRegression,575655,5,2,False,18,2500,4,0.012334084000030998,0.634590116174956
LogisticRegression,575655,5,2,False,18,2500,5,0.01233700000011595,0.6308663580774105
LogisticRegression,575655,5,2,False,18,5000,1,0.019940665995818563,0.6319628607998146
LogisticRegression,575655,5,2,False,18,5000,2,0.020011250002426095,0.6538115616596997
LogisticRegression,575655,5,2,False,18,5000,3,0.02000154199777171,0.6329201542977254
LogisticRegression,575655,5,2,False,18,5000,4,0.02024354199966183,0.6444652903541557
LogisticRegression,575655,5,2,False,18,5000,5,0.019805791998805944,0.6506353598686769
LogisticRegression,575655,5,2,False,18,10000,1,0.034750582999549806,0.6368335282020838
LogisticRegression,575655,5,2,False,18,10000,2,0.03443595800490584,0.6477185007354267
LogisticRegression,575655,5,2,False,18,10000,3,0.034514999999373686,0.6401532038097468
LogisticRegression,575655,5,2,False,18,10000,4,0.034509208002418745,0.6517739935311904
LogisticRegression,575655,5,2,False,18,10000,5,0.03552262500306824,0.6479293379245786
LogisticRegression,575655,5,2,False,36,500,1,0.0072396249961457215,0.4483157754457141
LogisticRegression,575655,5,2,False,36,500,2,0.007241416999022476,0.45442741085249505
LogisticRegression,575655,5,2,False,36,500,3,0.007329582993406802,0.4476686340553657
LogisticRegression,575655,5,2,False,36,500,4,0.006891500001074746,0.38090072758032467
LogisticRegression,575655,5,2,False,36,500,5,0.007964458003698383,0.423635447442957
LogisticRegression,575655,5,2,False,36,1000,1,0.009118582995142788,0.42993920768601634
LogisticRegression,575655,5,2,False,36,1000,2,0.009572249997290783,0.43815848176239813
LogisticRegression,575655,5,2,False,36,1000,3,0.00945562500419328,0.47675145646061
LogisticRegression,575655,5,2,False,36,1000,4,0.009082791999389883,0.4624027320640034
LogisticRegression,575655,5,2,False,36,1000,5,0.009204082998621743,0.439243376576825
LogisticRegression,575655,5,2,False,36,2500,1,0.014434750002692454,0.44980771325170665
LogisticRegression,575655,5,2,False,36,2500,2,0.01408975000231294,0.4660332033485387
LogisticRegression,575655,5,2,False,36,2500,3,0.013960541997221299,0.4364329318815564
LogisticRegression,575655,5,2,False,36,2500,4,0.014012667001225054,0.44365201456956416
LogisticRegression,575655,5,2,False,36,2500,5,0.013965083002403844,0.4146429189106384
LogisticRegression,575655,5,2,False,36,5000,1,0.022915957997611258,0.41940683342325125
LogisticRegression,575655,5,2,False,36,5000,2,0.022912250002264045,0.4441631260535295
LogisticRegression,575655,5,2,False,36,5000,3,0.02275083400309086,0.43789427588423036
LogisticRegression,575655,5,2,False,36,5000,4,0.022850540997751523,0.44313446378278176
LogisticRegression,575655,5,2,False,36,5000,5,0.024965666998468805,0.43290446103553193
LogisticRegression,575655,5,2,False,36,10000,1,0.10020379199704621,0.4195040963750426
LogisticRegression,575655,5,2,False,36,10000,2,0.04537079200235894,0.4440819382580663
LogisticRegression,575655,5,2,False,36,10000,3,0.045056041999487206,0.43567430041054545
LogisticRegression,575655,5,2,False,36,10000,4,0.04376183400017908,0.43470953932068457
LogisticRegression,575655,5,2,False,36,10000,5,0.03983149999839952,0.425774401265023
LogisticRegression,575655,5,2,False,54,500,1,0.007831000002624933,0.3107322416931443
LogisticRegression,575655,5,2,False,54,500,2,0.007818333004252054,0.3478544282974597
LogisticRegression,575655,5,2,False,54,500,3,0.0075712920006481,0.39387146209780344
LogisticRegression,575655,5,2,False,54,500,4,0.007483583998691756,0.32421068998852676
LogisticRegression,575655,5,2,False,54,500,5,0.0074407909996807575,0.21318053909712564
LogisticRegression,575655,5,2,False,54,1000,1,0.009722833005071152,0.26762045149212277
LogisticRegression,575655,5,2,False,54,1000,2,0.010849375001271255,0.28619445147877265
LogisticRegression,575655,5,2,False,54,1000,3,0.010696124998503365,0.31733323917523004
LogisticRegression,575655,5,2,False,54,1000,4,0.010860166999918874,0.2881188038941007
LogisticRegression,575655,5,2,False,54,1000,5,0.010388791997684166,0.3057193883791558
LogisticRegression,575655,5,2,False,54,2500,1,0.015925207997497637,0.28722415743103624
LogisticRegression,575655,5,2,False,54,2500,2,0.015637374999641906,0.2944041749269982
LogisticRegression,575655,5,2,False,54,2500,3,0.015615166004863568,0.29348628660088105
LogisticRegression,575655,5,2,False,54,2500,4,0.01562970799568575,0.29486432900154635
LogisticRegression,575655,5,2,False,54,2500,5,0.0156647920011892,0.23620181987447797
LogisticRegression,575655,5,2,False,54,5000,1,0.025852291997580323,0.2324981387105225
LogisticRegression,575655,5,2,False,54,5000,2,0.025917917002516333,0.2629248022487781
LogisticRegression,575655,5,2,False,54,5000,3,0.025716874995850958,0.281563644196144
LogisticRegression,575655,5,2,False,54,5000,4,0.026088166996487416,0.27452776257247125
LogisticRegression,575655,5,2,False,54,5000,5,0.02733591600554064,0.2759845767873941
LogisticRegression,575655,5,2,False,54,10000,1,0.04928087500593392,0.2912480864374778
LogisticRegression,575655,5,2,False,54,10000,2,0.047714250002172776,0.27176955215399523
LogisticRegression,575655,5,2,False,54,10000,3,0.04668650000530761,0.2934251445221694
LogisticRegression,575655,5,2,False,54,10000,4,0.045543000000179745,0.2728024623077352
LogisticRegression,575655,5,2,False,54,10000,5,0.04767070800153306,0.26844365482906385
LogisticRegression,577784,2,2,True,18,500,1,0.007154667000577319,0.7095658016597874
LogisticRegression,577784,2,2,True,18,500,2,0.0070185000004130416,0.7446420891070942
LogisticRegression,577784,2,2,True,18,500,3,0.006986791995586827,0.7001634632173126
LogisticRegression,577784,2,2,True,18,500,4,0.006617624996579252,0.6822887184188096
LogisticRegression,577784,2,2,True,18,500,5,0.006706209002004471,0.6916870686307206
LogisticRegression,577784,2,2,True,18,1000,1,0.00813870900310576,0.6906200090663136
LogisticRegression,577784,2,2,True,18,1000,2,0.008172583002306055,0.6738600029721591
LogisticRegression,577784,2,2,True,18,1000,3,0.00771550000354182,0.7463570384711102
LogisticRegression,577784,2,2,True,18,1000,4,0.00760745900333859,0.6583610577178955
LogisticRegression,577784,2,2,True,18,1000,5,0.007749624994175974,0.692176473084744
LogisticRegression,577784,2,2,True,18,2500,1,0.012329417004366405,0.7064477926745509
LogisticRegression,577784,2,2,True,18,2500,2,0.012334958002611529,0.7120273188623396
LogisticRegression,577784,2,2,True,18,2500,3,0.012255333000211976,0.693259627381503
LogisticRegression,577784,2,2,True,18,2500,4,0.01230224999744678,0.6759017343023043
LogisticRegression,577784,2,2,True,18,2500,5,0.012314167004660703,0.6789854257116722
LogisticRegression,577784,2,2,True,18,5000,1,0.020147542003542185,0.6897806174222844
LogisticRegression,577784,2,2,True,18,5000,2,0.02086454100208357,0.7008256734285081
LogisticRegression,577784,2,2,True,18,5000,3,0.020816457996261306,0.6915038081805944
LogisticRegression,577784,2,2,True,18,5000,4,0.02400474999740254,0.7005890376450679
LogisticRegression,577784,2,2,True,18,5000,5,0.02632333300425671,0.6998829509142416
LogisticRegression,577784,2,2,True,18,10000,1,0.036887124995701015,0.6829897257031872
LogisticRegression,577784,2,2,True,18,10000,2,0.037277584000548813,0.6898760768008602
LogisticRegression,577784,2,2,True,18,10000,3,0.036040250000951346,0.6851970510509118
LogisticRegression,577784,2,2,True,18,10000,4,0.038414082999224775,0.6977442684735149
LogisticRegression,577784,2,2,True,18,10000,5,0.03829774999758229,0.6979609323201919
LogisticRegression,577784,2,2,True,36,500,1,0.008337208004377317,0.41793433069463626
LogisticRegression,577784,2,2,True,36,500,2,0.008000292000360787,0.463097498319745
LogisticRegression,577784,2,2,True,36,500,3,0.00776466699608136,0.4475359464746125
LogisticRegression,577784,2,2,True,36,500,4,0.007646790996659547,0.41221756182194047
LogisticRegression,577784,2,2,True,36,500,5,0.008140416000969708,0.4476906897213567
LogisticRegression,577784,2,2,True,36,1000,1,0.009794915997190401,0.4333846521648522
LogisticRegression,577784,2,2,True,36,1000,2,0.010192749999987427,0.44104439420449404
LogisticRegression,577784,2,2,True,36,1000,3,0.009436000000278,0.4900959555045782
LogisticRegression,577784,2,2,True,36,1000,4,0.008913875004509464,0.44363700830844255
LogisticRegression,577784,2,2,True,36,1000,5,0.009148750003078021,0.4477835538061945
LogisticRegression,577784,2,2,True,36,2500,1,0.014368333002494182,0.4419244592118784
LogisticRegression,577784,2,2,True,36,2500,2,0.016049999998358544,0.4616896173031778
LogisticRegression,577784,2,2,True,36,2500,3,0.014733707997947931,0.4284705814709705
LogisticRegression,577784,2,2,True,36,2500,4,0.01464358300290769,0.4460614486545912
LogisticRegression,577784,2,2,True,36,2500,5,0.01462158300273586,0.4246057168295375
LogisticRegression,577784,2,2,True,36,5000,1,0.02323062499635853,0.4233910511986885
LogisticRegression,577784,2,2,True,36,5000,2,0.023551124999357853,0.43859590114394165
LogisticRegression,577784,2,2,True,36,5000,3,0.02298049999808427,0.437882884396974
LogisticRegression,577784,2,2,True,36,5000,4,0.02281304200005252,0.44023561890220364
LogisticRegression,577784,2,2,True,36,5000,5,0.022785041997849476,0.4302194715251968
LogisticRegression,577784,2,2,True,36,10000,1,0.03989245800039498,0.42558432903520116
LogisticRegression,577784,2,2,True,36,10000,2,0.039982374997634906,0.4291842947421751
LogisticRegression,577784,2,2,True,36,10000,3,0.04001008399791317,0.42890789680487484
LogisticRegression,577784,2,2,True,36,10000,4,0.03993879200424999,0.42816008167903385
LogisticRegression,577784,2,2,True,36,10000,5,0.03996224999718834,0.4225234433163849
LogisticRegression,577784,2,2,True,54,500,1,0.007759416999761015,0.33876971341944506
LogisticRegression,577784,2,2,True,54,500,2,0.007504708999476861,0.3036637969548327
LogisticRegression,577784,2,2,True,54,500,3,0.007475500002328772,0.38333282025357995
LogisticRegression,577784,2,2,True,54,500,4,0.007645625002624001,0.3120663100690241
LogisticRegression,577784,2,2,True,54,500,5,0.007452375000866596,0.24230716020834375
LogisticRegression,577784,2,2,True,54,1000,1,0.009584999999788124,0.2621904858964377
LogisticRegression,577784,2,2,True,54,1000,2,0.009526541995001025,0.28726399540497816
LogisticRegression,577784,2,2,True,54,1000,3,0.009629624997614883,0.33955162432084984
LogisticRegression,577784,2,2,True,54,1000,4,0.009727917000418529,0.2332898523422794
LogisticRegression,577784,2,2,True,54,1000,5,0.009438749999389984,0.29715818907927105
LogisticRegression,577784,2,2,True,54,2500,1,0.01592483300191816,0.2956967289045468
LogisticRegression,577784,2,2,True,54,2500,2,0.015614415999152698,0.27658262486615903
LogisticRegression,577784,2,2,True,54,2500,3,0.015995875000953674,0.28923563261170426
LogisticRegression,577784,2,2,True,54,2500,4,0.015632250004273374,0.2851740482759574
LogisticRegression,577784,2,2,True,54,2500,5,0.015605291002430022,0.23651173114306745
LogisticRegression,577784,2,2,True,54,5000,1,0.025897417006490286,0.2327931691267775
LogisticRegression,577784,2,2,True,54,5000,2,0.025551958999130875,0.2589409856480914
LogisticRegression,577784,2,2,True,54,5000,3,0.02555170800042106,0.25887825165466616
LogisticRegression,577784,2,2,True,54,5000,4,0.025684959000500385,0.27169244045689656
LogisticRegression,577784,2,2,True,54,5000,5,0.025905292000970803,0.25955502062522806
LogisticRegression,577784,2,2,True,54,10000,1,0.04572579100204166,0.285986475798345
LogisticRegression,577784,2,2,True,54,10000,2,0.04533137499674922,0.2676062201341224
LogisticRegression,577784,2,2,True,54,10000,3,0.04561312500300119,0.2880638918968387
LogisticRegression,577784,2,2,True,54,10000,4,0.04569095799524803,0.2697714304051493
LogisticRegression,577784,2,2,True,54,10000,5,0.04549841600237414,0.27340297209360864
LogisticRegression,580669,2,2,True,18,500,1,0.0062580829981015995,0.7300518629472628
LogisticRegression,580669,2,2,True,18,500,2,0.006128124994575046,0.7431349446224178
LogisticRegression,580669,2,2,True,18,500,3,0.006102542000007816,0.6824164278523277
LogisticRegression,580669,2,2,True,18,500,4,0.006031790995621122,0.6845953154175624
LogisticRegression,580669,2,2,True,18,500,5,0.006078541999158915,0.6994821662531174
LogisticRegression,580669,2,2,True,18,1000,1,0.008135332995152567,0.7007401668271762
LogisticRegression,580669,2,2,True,18,1000,2,0.0077479590036091395,0.6918147892243323
LogisticRegression,580669,2,2,True,18,1000,3,0.00765595799748553,0.7457750687363
LogisticRegression,580669,2,2,True,18,1000,4,0.007603792000736576,0.6811901090759844
LogisticRegression,580669,2,2,True,18,1000,5,0.007651166000869125,0.6933734321219395
LogisticRegression,580669,2,2,True,18,2500,1,0.012407082998834085,0.7125129201362657
LogisticRegression,580669,2,2,True,18,2500,2,0.012301582995860372,0.7161262623319895
LogisticRegression,580669,2,2,True,18,2500,3,0.012391292002575938,0.6995209313276953
LogisticRegression,580669,2,2,True,18,2500,4,0.012351750003290363,0.687315027180704
LogisticRegression,580669,2,2,True,18,2500,5,0.012388957999064587,0.6905317958461575
LogisticRegression,580669,2,2,True,18,5000,1,0.020110499994189013,0.6882281787897861
LogisticRegression,580669,2,2,True,18,5000,2,0.01992387499922188,0.710767692758279
LogisticRegression,580669,2,2,True,18,5000,3,0.020085541997104883,0.6913918641255283
LogisticRegression,580669,2,2,True,18,5000,4,0.02012033400387736,0.7033568338244234
LogisticRegression,580669,2,2,True,18,5000,5,0.020002124998427462,0.7083410522802895
LogisticRegression,580669,2,2,True,18,10000,1,0.03451820800546557,0.6904310819008691
LogisticRegression,580669,2,2,True,18,10000,2,0.03466187499725493,0.6994830475532265
LogisticRegression,580669,2,2,True,18,10000,3,0.03456012499373173,0.6920305654385915
LogisticRegression,580669,2,2,True,18,10000,4,0.034272291995876,0.7055804129971563
LogisticRegression,580669,2,2,True,18,10000,5,0.03455762500379933,0.7059731342569969
LogisticRegression,580669,2,2,True,36,500,1,0.00712941699748626,0.43931458008933544
LogisticRegression,580669,2,2,True,36,500,2,0.007373459004156757,0.4600300377280655
LogisticRegression,580669,2,2,True,36,500,3,0.006879624997964129,0.4404789810782762
LogisticRegression,580669,2,2,True,36,500,4,0.006816041997808497,0.3831651142120891
LogisticRegression,580669,2,2,True,36,500,5,0.006685042004392017,0.4332370500186815
LogisticRegression,580669,2,2,True,36,1000,1,0.008599041997513268,0.4314749561476491
LogisticRegression,580669,2,2,True,36,1000,2,0.008463541998935398,0.44024964969796043
LogisticRegression,580669,2,2,True,36,1000,3,0.008527292004146148,0.47609614070435746
LogisticRegression,580669,2,2,True,36,1000,4,0.008585083000070881,0.46766131167453284
LogisticRegression,580669,2,2,True,36,1000,5,0.008573457998863887,0.43092570136846586
LogisticRegression,580669,2,2,True,36,2500,1,0.014398791994608473,0.4517097776648814
LogisticRegression,580669,2,2,True,36,2500,2,0.014191041002050042,0.46712318417020227
LogisticRegression,580669,2,2,True,36,2500,3,0.01404512500448618,0.4366137809804509
LogisticRegression,580669,2,2,True,36,2500,4,0.013990208004543092,0.44431809344707385
LogisticRegression,580669,2,2,True,36,2500,5,0.014459584002906922,0.41512465395303255
LogisticRegression,580669,2,2,True,36,5000,1,0.023539417001302354,0.4261527616436218
LogisticRegression,580669,2,2,True,36,5000,2,0.02293133300554473,0.445779047557159
LogisticRegression,580669,2,2,True,36,5000,3,0.023088292000466026,0.44007652625962335
LogisticRegression,580669,2,2,True,36,5000,4,0.02318320899939863,0.4440522523197754
LogisticRegression,580669,2,2,True,36,5000,5,0.022706707997713238,0.43419732453533055
LogisticRegression,580669,2,2,True,36,10000,1,0.040436417002638336,0.42068605302802853
LogisticRegression,580669,2,2,True,36,10000,2,0.040040082996711135,0.44403224343943315
LogisticRegression,580669,2,2,True,36,10000,3,0.0422872080016532,0.43657774030165497
LogisticRegression,580669,2,2,True,36,10000,4,0.044083875000069384,0.4360154223859092
LogisticRegression,580669,2,2,True,36,10000,5,0.041182417000527494,0.42733201401594223
LogisticRegression,580669,2,2,True,54,500,1,0.011459374996775296,0.3028830039918897
LogisticRegression,580669,2,2,True,54,500,2,0.007865792002121452,0.30785712156147915
LogisticRegression,580669,2,2,True,54,500,3,0.007687207995331846,0.3900493141515655
LogisticRegression,580669,2,2,True,54,500,4,0.007505791996663902,0.33950103865738446
LogisticRegression,580669,2,2,True,54,500,5,0.007393915999273304,0.2570244025838494
LogisticRegression,580669,2,2,True,54,1000,1,0.0096081250012503,0.2923086403082601
LogisticRegression,580669,2,2,True,54,1000,2,0.009913499998219777,0.29187489856987725
LogisticRegression,580669,2,2,True,54,1000,3,0.00998545800393913,0.318937031125644
LogisticRegression,580669,2,2,True,54,1000,4,0.009960957999282982,0.2743141831407868
LogisticRegression,580669,2,2,True,54,1000,5,0.010256125002342742,0.2972752289576487
LogisticRegression,580669,2,2,True,54,2500,1,0.01583958399714902,0.3049209803756098
LogisticRegression,580669,2,2,True,54,2500,2,0.01565945799666224,0.2967557389397404
LogisticRegression,580669,2,2,True,54,2500,3,0.016023750002204906,0.28634293124621457
LogisticRegression,580669,2,2,True,54,2500,4,0.015645166997273918,0.2963788010966365
LogisticRegression,580669,2,2,True,54,2500,5,0.015548875002423301,0.23662504643656945
LogisticRegression,580669,2,2,True,54,5000,1,0.025384291002410464,0.23236047653244096
LogisticRegression,580669,2,2,True,54,5000,2,0.025325832997623365,0.26712305924625546
LogisticRegression,580669,2,2,True,54,5000,3,0.025339375002658926,0.28243423613188057
LogisticRegression,580669,2,2,True,54,5000,4,0.025421708000067156,0.2755081157931941
LogisticRegression,580669,2,2,True,54,5000,5,0.025483792000159156,0.27675651072103935
LogisticRegression,580669,2,2,True,54,10000,1,0.050910750003822614,0.2960499196223383
LogisticRegression,580669,2,2,True,54,10000,2,0.04650408399902517,0.26414161495124633
LogisticRegression,580669,2,2,True,54,10000,3,0.04663187499681953,0.2890198357902053
LogisticRegression,580669,2,2,True,54,10000,4,0.045862042003136594,0.2741754912093721
LogisticRegression,580669,2,2,True,54,10000,5,0.04582316699816147,0.272021790659405
