model,case_index,true_class,predicted_class,correct,feature_count,num_samples,repeat,runtime_seconds,local_fidelity_score
RandomForest,3090,3,2,False,18,500,1,0.019841125002130866,0.5345017649897259
RandomForest,3090,3,2,False,18,500,2,0.01976437499979511,0.5494035750132507
RandomForest,3090,3,2,False,18,500,3,0.019825082999886945,0.4707781661062226
RandomForest,3090,3,2,False,18,500,4,0.01951908299815841,0.554042335146238
RandomForest,3090,3,2,False,18,500,5,0.019399208002141677,0.5790402427094878
RandomForest,3090,3,2,False,18,1000,1,0.021132083995325956,0.5059411454434095
RandomForest,3090,3,2,False,18,1000,2,0.018918041998404078,0.48745273198418404
RandomForest,3090,3,2,False,18,1000,3,0.020947749995684717,0.472845874583702
RandomForest,3090,3,2,False,18,1000,4,0.020229125002515502,0.4750877977944171
RandomForest,3090,3,2,False,18,1000,5,0.021028041002864484,0.5310382968943161
RandomForest,3090,3,2,False,18,2500,1,0.02334812500339467,0.5019302604939158
RandomForest,3090,3,2,False,18,2500,2,0.023908625000331085,0.49870306444127044
RandomForest,3090,3,2,False,18,2500,3,0.023599917003593873,0.5086040635474358
RandomForest,3090,3,2,False,18,2500,4,0.02402737500233343,0.47993960609690756
RandomForest,3090,3,2,False,18,2500,5,0.025114250005572103,0.5057130423063674
RandomForest,3090,3,2,False,18,5000,1,0.042833458006498404,0.4911707937984888
RandomForest,3090,3,2,False,18,5000,2,0.042601583001669496,0.5043525330853922
RandomForest,3090,3,2,False,18,5000,3,0.04470150000270223,0.4906990252616462
RandomForest,3090,3,2,False,18,5000,4,0.045069624997267965,0.49700659244426093
RandomForest,3090,3,2,False,18,5000,5,0.041641292002168484,0.48941653128254203
RandomForest,3090,3,2,False,18,10000,1,0.05938600000081351,0.49161347952356393
RandomForest,3090,3,2,False,18,10000,2,0.058359583003039006,0.4935220579524936
RandomForest,3090,3,2,False,18,10000,3,0.05836737500067102,0.48560980033280965
RandomForest,3090,3,2,False,18,10000,4,0.07184050000068964,0.4882798314235287
RandomForest,3090,3,2,False,18,10000,5,0.06796258300164482,0.5011113759349244
RandomForest,3090,3,2,False,36,500,1,0.020123333000810817,0.6894594379050893
RandomForest,3090,3,2,False,36,500,2,0.01882491700234823,0.6948559080581657
RandomForest,3090,3,2,False,36,500,3,0.020077207998838276,0.6222193972576497
RandomForest,3090,3,2,False,36,500,4,0.019868124996719416,0.6895100283988835
RandomForest,3090,3,2,False,36,500,5,0.020062707997567486,0.6957647149825332
RandomForest,3090,3,2,False,36,1000,1,0.02202170799864689,0.6756040667498161
RandomForest,3090,3,2,False,36,1000,2,0.021584166002867278,0.6762049889539994
RandomForest,3090,3,2,False,36,1000,3,0.021835125000507105,0.6520036617638477
RandomForest,3090,3,2,False,36,1000,4,0.02264270800515078,0.6637004585453705
RandomForest,3090,3,2,False,36,1000,5,0.021952875002170913,0.6600105795824454
RandomForest,3090,3,2,False,36,2500,1,0.026638707997335587,0.6499400698009427
RandomForest,3090,3,2,False,36,2500,2,0.027182792000530753,0.6515477476829669
RandomForest,3090,3,2,False,36,2500,3,0.0263601250044303,0.6205554272729243
RandomForest,3090,3,2,False,36,2500,4,0.026748374999442603,0.6490188176268428
RandomForest,3090,3,2,False,36,2500,5,0.039694541999779176,0.6693046695172313
RandomForest,3090,3,2,False,36,5000,1,0.046735374999116175,0.6548180204564438
RandomForest,3090,3,2,False,36,5000,2,0.04919833299936727,0.6702783756381102
RandomForest,3090,3,2,False,36,5000,3,0.04980704199988395,0.6523187615110879
RandomForest,3090,3,2,False,36,5000,4,0.04912037499889266,0.657650859778661
RandomForest,3090,3,2,False,36,5000,5,0.04802925000694813,0.6753632692545484
RandomForest,3090,3,2,False,36,10000,1,0.07728079200023785,0.6520061636741836
RandomForest,3090,3,2,False,36,10000,2,0.07265020799968624,0.6559730431666444
RandomForest,3090,3,2,False,36,10000,3,0.07525087500107475,0.6588943729179638
RandomForest,3090,3,2,False,36,10000,4,0.0801969580061268,0.6522505759120121
RandomForest,3090,3,2,False,36,10000,5,0.07610424999438692,0.6496588704459675
RandomForest,3090,3,2,False,54,500,1,0.020788082998478785,0.6128291542669793
RandomForest,3090,3,2,False,54,500,2,0.06133074999524979,0.661132590654238
RandomForest,3090,3,2,False,54,500,3,0.020168417002423666,0.7089308355598443
RandomForest,3090,3,2,False,54,500,4,0.020876957998552825,0.704295406510856
RandomForest,3090,3,2,False,54,500,5,0.020863124998868443,0.6670559572019363
RandomForest,3090,3,2,False,54,1000,1,0.022786584006098565,0.691313169743492
RandomForest,3090,3,2,False,54,1000,2,0.022713916005159263,0.6511118381482225
RandomForest,3090,3,2,False,54,1000,3,0.022787333000451326,0.6757824878890326
RandomForest,3090,3,2,False,54,1000,4,0.022719667002093047,0.6591738632533655
RandomForest,3090,3,2,False,54,1000,5,0.022685374999127816,0.6919964687177311
RandomForest,3090,3,2,False,54,2500,1,0.041012749999936204,0.6553700340779431
RandomForest,3090,3,2,False,54,2500,2,0.04031870899780188,0.6543973912864718
RandomForest,3090,3,2,False,54,2500,3,0.029133166994142812,0.6519371645303526
RandomForest,3090,3,2,False,54,2500,4,0.04097929099953035,0.6623756191607267
RandomForest,3090,3,2,False,54,2500,5,0.041196333993866574,0.6139375962033002
RandomForest,3090,3,2,False,54,5000,1,0.05049870799848577,0.6730034566107617
RandomForest,3090,3,2,False,54,5000,2,0.049734125001123175,0.6836115700405865
RandomForest,3090,3,2,False,54,5000,3,0.05104341699916404,0.6729756518562878
RandomForest,3090,3,2,False,54,5000,4,0.050454791002266575,0.6791676706086198
RandomForest,3090,3,2,False,54,5000,5,0.0494399999952293,0.689234103812649
RandomForest,3090,3,2,False,54,10000,1,0.09168070799933048,0.6677674920557991
RandomForest,3090,3,2,False,54,10000,2,0.09259379200375406,0.6688116240602406
RandomForest,3090,3,2,False,54,10000,3,0.08122024999465793,0.6677250654250373
RandomForest,3090,3,2,False,54,10000,4,0.09263129199825926,0.6708810402275978
RandomForest,3090,3,2,False,54,10000,5,0.0822566669958178,0.6656244616050857
RandomForest,3723,3,2,False,18,500,1,0.019805458003247622,0.46296771469333453
RandomForest,3723,3,2,False,18,500,2,0.01945091599918669,0.4363748362308352
RandomForest,3723,3,2,False,18,500,3,0.019492792001983617,0.3840245702810918
RandomForest,3723,3,2,False,18,500,4,0.019580000000132713,0.4440649344077403
RandomForest,3723,3,2,False,18,500,5,0.01918949999526376,0.4844603109306337
RandomForest,3723,3,2,False,18,1000,1,0.021108792003360577,0.41501347624794493
RandomForest,3723,3,2,False,18,1000,2,0.021056708006653935,0.3734937725613455
RandomForest,3723,3,2,False,18,1000,3,0.020791041999473237,0.39429947885479233
RandomForest,3723,3,2,False,18,1000,4,0.020980834000511095,0.3803071326870482
RandomForest,3723,3,2,False,18,1000,5,0.021145958999113645,0.42635050517349293
RandomForest,3723,3,2,False,18,2500,1,0.02537391599616967,0.4176812978032505
RandomForest,3723,3,2,False,18,2500,2,0.03626812500442611,0.4306078595361269
RandomForest,3723,3,2,False,18,2500,3,0.023295833001611754,0.43027442063709387
RandomForest,3723,3,2,False,18,2500,4,0.023377208002784755,0.41779646782149704
RandomForest,3723,3,2,False,18,2500,5,0.025222666998161003,0.4253216746918269
RandomForest,3723,3,2,False,18,5000,1,0.04470670799491927,0.410030069724851
RandomForest,3723,3,2,False,18,5000,2,0.045045291997666936,0.42003180886276126
RandomForest,3723,3,2,False,18,5000,3,0.04364520899980562,0.3994765054101085
RandomForest,3723,3,2,False,18,5000,4,0.04475733400613535,0.418713925571493
RandomForest,3723,3,2,False,18,5000,5,0.04516783399594715,0.4200895498456596
RandomForest,3723,3,2,False,18,10000,1,0.05907724999997299,0.4103026035524754
RandomForest,3723,3,2,False,18,10000,2,0.06930650000140304,0.40892203657014603
RandomForest,3723,3,2,False,18,10000,3,0.05869900000107009,0.4114799171357604
RandomForest,3723,3,2,False,18,10000,4,0.06988495800032979,0.41289559975370527
RandomForest,3723,3,2,False,18,10000,5,0.07167995799682103,0.4255138590980422
RandomForest,3723,3,2,False,36,500,1,0.019414957998378668,0.7222317584897334
RandomForest,3723,3,2,False,36,500,2,0.02033345800009556,0.7458148504275457
RandomForest,3723,3,2,False,36,500,3,0.02021408399741631,0.694778676380379
RandomForest,3723,3,2,False,36,500,4,0.01975579199643107,0.7443779355906842
RandomForest,3723,3,2,False,36,500,5,0.018936291999125388,0.7065735262723796
RandomForest,3723,3,2,False,36,1000,1,0.021992292000504676,0.7074990534686971
RandomForest,3723,3,2,False,36,1000,2,0.021063792002678383,0.7338380589415334
RandomForest,3723,3,2,False,36,1000,3,0.020640624999941792,0.7152983032762142
RandomForest,3723,3,2,False,36,1000,4,0.021256834006635472,0.7260003649238391
RandomForest,3723,3,2,False,36,1000,5,0.02129229199636029,0.7098452026515315
RandomForest,3723,3,2,False,36,2500,1,0.02653091699903598,0.6951256057038916
RandomForest,3723,3,2,False,36,2500,2,0.02615204199537402,0.6971600896768724
RandomForest,3723,3,2,False,36,2500,3,0.03613908300030744,0.6735849232563627
RandomForest,3723,3,2,False,36,2500,4,0.039444458998332266,0.7129896299810581
RandomForest,3723,3,2,False,36,2500,5,0.03789224999491125,0.710058634652965
RandomForest,3723,3,2,False,36,5000,1,0.04558512500079814,0.6937568418608764
RandomForest,3723,3,2,False,36,5000,2,0.047885208994557615,0.7262434153654812
RandomForest,3723,3,2,False,36,5000,3,0.0457637080035056,0.7056633144694775
RandomForest,3723,3,2,False,36,5000,4,0.04807954200077802,0.7018469766540364
RandomForest,3723,3,2,False,36,5000,5,0.04778170899953693,0.7248339641834312
RandomForest,3723,3,2,False,36,10000,1,0.07748125000216532,0.702065103636934
RandomForest,3723,3,2,False,36,10000,2,0.0767117089999374,0.7026286516629272
RandomForest,3723,3,2,False,36,10000,3,0.07504987499851268,0.7125253954697501
RandomForest,3723,3,2,False,36,10000,4,0.07323479199840222,0.7087163607447552
RandomForest,3723,3,2,False,36,10000,5,0.07420891700166976,0.6998805537599542
RandomForest,3723,3,2,False,54,500,1,0.020725041002151556,0.6343728234659611
RandomForest,3723,3,2,False,54,500,2,0.020760790997883305,0.6502852080989272
RandomForest,3723,3,2,False,54,500,3,0.019917999998142477,0.710510610355466
RandomForest,3723,3,2,False,54,500,4,0.02101750000292668,0.6860182080469498
RandomForest,3723,3,2,False,54,500,5,0.02081062499928521,0.6590258641803489
RandomForest,3723,3,2,False,54,1000,1,0.02101987499918323,0.6848474416064647
RandomForest,3723,3,2,False,54,1000,2,0.02262029099802021,0.6385711171511199
RandomForest,3723,3,2,False,54,1000,3,0.022666374999971595,0.6670430794426627
RandomForest,3723,3,2,False,54,1000,4,0.022753625002224,0.6513090611638334
RandomForest,3723,3,2,False,54,1000,5,0.022445458998845425,0.6784150960100721
RandomForest,3723,3,2,False,54,2500,1,0.0410853329958627,0.6503117221153061
RandomForest,3723,3,2,False,54,2500,2,0.04044129099929705,0.6207120459317704
RandomForest,3723,3,2,False,54,2500,3,0.04021787500096252,0.6511445029587389
RandomForest,3723,3,2,False,54,2500,4,0.04034675000002608,0.6330069292894948
RandomForest,3723,3,2,False,54,2500,5,0.04115537500183564,0.6114221710864722
RandomForest,3723,3,2,False,54,5000,1,0.04890729099861346,0.6707809863917085
RandomForest,3723,3,2,False,54,5000,2,0.04974783399666194,0.6769172305877263
RandomForest,3723,3,2,False,54,5000,3,0.049374415997590404,0.6722062015720103
RandomForest,3723,3,2,False,54,5000,4,0.04966712500026915,0.678418391891519
RandomForest,3723,3,2,False,54,5000,5,0.05050091599696316,0.6848909244447471
RandomForest,3723,3,2,False,54,10000,1,0.0938711670023622,0.6674251941341858
RandomForest,3723,3,2,False,54,10000,2,0.09343675000127405,0.6683471413988796
RandomForest,3723,3,2,False,54,10000,3,0.091945542000758,0.6670152827808987
RandomForest,3723,3,2,False,54,10000,4,0.08194545799779007,0.6697657959091496
RandomForest,3723,3,2,False,54,10000,5,0.0898202919997857,0.6648931284934041
RandomForest,4607,3,3,True,18,500,1,0.01881850000063423,0.32769689462337703
RandomForest,4607,3,3,True,18,500,2,0.018857458999264054,0.34815425163293345
RandomForest,4607,3,3,True,18,500,3,0.019183042000804562,0.29261659758200687
RandomForest,4607,3,3,True,18,500,4,0.01947324999491684,0.31902317798698987
RandomForest,4607,3,3,True,18,500,5,0.06423783400532557,0.36895751144195277
RandomForest,4607,3,3,True,18,1000,1,0.02116516700334614,0.3305478888035873
RandomForest,4607,3,3,True,18,1000,2,0.020854791000601836,0.3001542211492312
RandomForest,4607,3,3,True,18,1000,3,0.020934082996973302,0.3257499429286044
RandomForest,4607,3,3,True,18,1000,4,0.020949500001734123,0.28011301890487295
RandomForest,4607,3,3,True,18,1000,5,0.021176499998546205,0.33169027408739093
RandomForest,4607,3,3,True,18,2500,1,0.025293207996583078,0.3413982284523167
RandomForest,4607,3,3,True,18,2500,2,0.025380874998518266,0.32915531518850294
RandomForest,4607,3,3,True,18,2500,3,0.025146625004708767,0.3211345902629392
RandomForest,4607,3,3,True,18,2500,4,0.02487112499511568,0.32186327820183613
RandomForest,4607,3,3,True,18,2500,5,0.025134499999694526,0.33444225462546573
RandomForest,4607,3,3,True,18,5000,1,0.044927417002327275,0.31580772454140704
RandomForest,4607,3,3,True,18,5000,2,0.045101584000803996,0.32240188383409596
RandomForest,4607,3,3,True,18,5000,3,0.04363887500221608,0.3445982602413693
RandomForest,4607,3,3,True,18,5000,4,0.04485541599569842,0.3241931296915227
RandomForest,4607,3,3,True,18,5000,5,0.044893875005072914,0.3360340197558652
RandomForest,4607,3,3,True,18,10000,1,0.055134083006123547,0.3292802727190728
RandomForest,4607,3,3,True,18,10000,2,0.05898729199543595,0.3221348378908784
RandomForest,4607,3,3,True,18,10000,3,0.05871391700202366,0.33584080799075056
RandomForest,4607,3,3,True,18,10000,4,0.056762499996693805,0.3254045084931151
RandomForest,4607,3,3,True,18,10000,5,0.05919504199846415,0.3309806730877083
RandomForest,4607,3,3,True,36,500,1,0.019412957997701596,0.38712630105968315
RandomForest,4607,3,3,True,36,500,2,0.02006962500308873,0.36570493303588925
RandomForest,4607,3,3,True,36,500,3,0.02004362500156276,0.3486367318537429
RandomForest,4607,3,3,True,36,500,4,0.020096207997994497,0.3514412552214169
RandomForest,4607,3,3,True,36,500,5,0.020069750004040543,0.323318006200807
RandomForest,4607,3,3,True,36,1000,1,0.021796957997139543,0.3162566328682448
RandomForest,4607,3,3,True,36,1000,2,0.021360499995353166,0.37445758788031136
RandomForest,4607,3,3,True,36,1000,3,0.021882332999666687,0.3012638944360765
RandomForest,4607,3,3,True,36,1000,4,0.02016195800388232,0.3479444772987137
RandomForest,4607,3,3,True,36,1000,5,0.021449167004902847,0.33257098863084755
RandomForest,4607,3,3,True,36,2500,1,0.02686104199528927,0.3769715840573019
RandomForest,4607,3,3,True,36,2500,2,0.038222250004764646,0.3837789379584401
RandomForest,4607,3,3,True,36,2500,3,0.026914375004707836,0.3779901236516239
RandomForest,4607,3,3,True,36,2500,4,0.03624241600482492,0.3781941085303183
RandomForest,4607,3,3,True,36,2500,5,0.03659195799991721,0.3818048586484134
RandomForest,4607,3,3,True,36,5000,1,0.04756508299760753,0.4313300574585167
RandomForest,4607,3,3,True,36,5000,2,0.04768179199891165,0.4356081790669962
RandomForest,4607,3,3,True,36,5000,3,0.04821295900183031,0.3895829380601843
RandomForest,4607,3,3,True,36,5000,4,0.04772708300151862,0.40844420585880037
RandomForest,4607,3,3,True,36,5000,5,0.04775812500156462,0.42753863023441363
RandomForest,4607,3,3,True,36,10000,1,0.07326512500003446,0.4515703390547021
RandomForest,4607,3,3,True,36,10000,2,0.0766350420017261,0.469878322610608
RandomForest,4607,3,3,True,36,10000,3,0.07433387499622768,0.45613222226098304
RandomForest,4607,3,3,True,36,10000,4,0.0732615840024664,0.4584618129600596
RandomForest,4607,3,3,True,36,10000,5,0.07655024999985471,0.46854109737410954
RandomForest,4607,3,3,True,54,500,1,0.02068320800026413,0.3124527463801744
RandomForest,4607,3,3,True,54,500,2,0.021001084001909476,0.24662117035009457
RandomForest,4607,3,3,True,54,500,3,0.020730083000671584,0.30430812293203713
RandomForest,4607,3,3,True,54,500,4,0.020726290997117758,0.26969127084110844
RandomForest,4607,3,3,True,54,500,5,0.02062787499744445,0.32782272816765623
RandomForest,4607,3,3,True,54,1000,1,0.022800624996307306,0.3500702716337545
RandomForest,4607,3,3,True,54,1000,2,0.021589707997918595,0.29206007927620203
RandomForest,4607,3,3,True,54,1000,3,0.022731500001100358,0.257820255178575
RandomForest,4607,3,3,True,54,1000,4,0.022773625001718756,0.32314942383048106
RandomForest,4607,3,3,True,54,1000,5,0.022648791993560735,0.27770034447451974
RandomForest,4607,3,3,True,54,2500,1,0.04126725000242004,0.2866437233150667
RandomForest,4607,3,3,True,54,2500,2,0.04096025000035297,0.342890034781555
RandomForest,4607,3,3,True,54,2500,3,0.04147929200553335,0.3225444099777648
RandomForest,4607,3,3,True,54,2500,4,0.04109829200024251,0.3133319244802706
RandomForest,4607,3,3,True,54,2500,5,0.041151833000185434,0.37449183292838295
RandomForest,4607,3,3,True,54,5000,1,0.049960832999204285,0.3843453162192534
RandomForest,4607,3,3,True,54,5000,2,0.04875570800504647,0.4245094950282383
RandomForest,4607,3,3,True,54,5000,3,0.05076554200059036,0.3994210279946335
RandomForest,4607,3,3,True,54,5000,4,0.04913166700134752,0.4063056084926333
RandomForest,4607,3,3,True,54,5000,5,0.050471541995648295,0.39645805703153103
RandomForest,4607,3,3,True,54,10000,1,0.0927845830010483,0.44057099025108204
RandomForest,4607,3,3,True,54,10000,2,0.08229837499675341,0.4346731399576439
RandomForest,4607,3,3,True,54,10000,3,0.08214150000276277,0.43005006030734105
RandomForest,4607,3,3,True,54,10000,4,0.09367262500018114,0.4370174750466729
RandomForest,4607,3,3,True,54,10000,5,0.08226120900508249,0.4462796602244862
RandomForest,6031,2,2,True,18,500,1,0.019734499997866806,0.5360985876161031
RandomForest,6031,2,2,True,18,500,2,0.019512582999595907,0.5157234456304229
RandomForest,6031,2,2,True,18,500,3,0.01849508300074376,0.48489685614909483
RandomForest,6031,2,2,True,18,500,4,0.01965916699555237,0.5551582888063458
RandomForest,6031,2,2,True,18,500,5,0.0197765420016367,0.5658655962486945
RandomForest,6031,2,2,True,18,1000,1,0.020816166994336527,0.49347279281454104
RandomForest,6031,2,2,True,18,1000,2,0.020863749996351544,0.48313462846406097
RandomForest,6031,2,2,True,18,1000,3,0.021113041999342386,0.4811615420076131
RandomForest,6031,2,2,True,18,1000,4,0.020782875006261747,0.47628669019284287
RandomForest,6031,2,2,True,18,1000,5,0.020636082997953054,0.5233112847972369
RandomForest,6031,2,2,True,18,2500,1,0.022696874999383,0.5013809334382191
RandomForest,6031,2,2,True,18,2500,2,0.037994332997186575,0.48986440701385214
RandomForest,6031,2,2,True,18,2500,3,0.03573145800328348,0.5200937601065063
RandomForest,6031,2,2,True,18,2500,4,0.025175833005050663,0.4989908294409865
RandomForest,6031,2,2,True,18,2500,5,0.02535541699762689,0.5064663916585925
RandomForest,6031,2,2,True,18,5000,1,0.045171917001425754,0.489625381575978
RandomForest,6031,2,2,True,18,5000,2,0.044940790998225566,0.49061797922106787
RandomForest,6031,2,2,True,18,5000,3,0.04375833299855003,0.4815190923095949
RandomForest,6031,2,2,True,18,5000,4,0.04452483299974119,0.5010985831988002
RandomForest,6031,2,2,True,18,5000,5,0.043184000001929235,0.4853060218815499
RandomForest,6031,2,2,True,18,10000,1,0.05760500000178581,0.48529375526873186
RandomForest,6031,2,2,True,18,10000,2,0.06816358400101308,0.48704664454336044
RandomForest,6031,2,2,True,18,10000,3,0.06912366700271377,0.49513552623200474
RandomForest,6031,2,2,True,18,10000,4,0.06804049999482231,0.48859300341670275
RandomForest,6031,2,2,True,18,10000,5,0.058870125001703855,0.4974519835231279
RandomForest,6031,2,2,True,36,500,1,0.020022374999825843,0.6728057739036031
RandomForest,6031,2,2,True,36,500,2,0.020107417003600858,0.6876115425465318
RandomForest,6031,2,2,True,36,500,3,0.020165457994153257,0.6439272297591512
RandomForest,6031,2,2,True,36,500,4,0.017796542000724003,0.6893130288044567
RandomForest,6031,2,2,True,36,500,5,0.020271834000595845,0.6812438897941724
RandomForest,6031,2,2,True,36,1000,1,0.021793625004647765,0.6574922983978014
RandomForest,6031,2,2,True,36,1000,2,0.021867082999960985,0.6965035841564611
RandomForest,6031,2,2,True,36,1000,3,0.021756207999715116,0.6834210660642036
RandomForest,6031,2,2,True,36,1000,4,0.02169566699740244,0.680905375040193
RandomForest,6031,2,2,True,36,1000,5,0.021570042001258116,0.6530637815390041
RandomForest,6031,2,2,True,36,2500,1,0.026831458002561703,0.6733120462547071
RandomForest,6031,2,2,True,36,2500,2,0.037485958004253916,0.6595981277577809
RandomForest,6031,2,2,True,36,2500,3,0.02612258400040446,0.6350166216433388
RandomForest,6031,2,2,True,36,2500,4,0.026651332998881117,0.6761970320609297
RandomForest,6031,2,2,True,36,2500,5,0.037821707999682985,0.6710520795543443
RandomForest,6031,2,2,True,36,5000,1,0.04801766700256849,0.6707063676403883
RandomForest,6031,2,2,True,36,5000,2,0.047607000000425614,0.6805984322133511
RandomForest,6031,2,2,True,36,5000,3,0.04768891699495725,0.6685886953141977
RandomForest,6031,2,2,True,36,5000,4,0.047410999999556225,0.6703481968125937
RandomForest,6031,2,2,True,36,5000,5,0.04771654199430486,0.6850094847994352
RandomForest,6031,2,2,True,36,10000,1,0.07617316600226332,0.6695376778886768
RandomForest,6031,2,2,True,36,10000,2,0.07483866700204089,0.6742636008584004
RandomForest,6031,2,2,True,36,10000,3,0.07316016699769534,0.6784742967254239
RandomForest,6031,2,2,True,36,10000,4,0.07287774999713292,0.6721165248904888
RandomForest,6031,2,2,True,36,10000,5,0.12901320899982238,0.6631437665672388
RandomForest,6031,2,2,True,54,500,1,0.07052887499594362,0.6277431689080697
RandomForest,6031,2,2,True,54,500,2,0.01993450000009034,0.6438568684451322
RandomForest,6031,2,2,True,54,500,3,0.021540707995882258,0.6987921966476033
RandomForest,6031,2,2,True,54,500,4,0.020949750003637746,0.6849336435727331
RandomForest,6031,2,2,True,54,500,5,0.021534166000492405,0.6429552811973888
RandomForest,6031,2,2,True,54,1000,1,0.020760457999131177,0.6503515432108233
RandomForest,6031,2,2,True,54,1000,2,0.022940791001019534,0.6306224313264126
RandomForest,6031,2,2,True,54,1000,3,0.039975500003492925,0.6636415402434197
RandomForest,6031,2,2,True,54,1000,4,0.02283700000407407,0.6467824988846849
RandomForest,6031,2,2,True,54,1000,5,0.02284762500494253,0.6763354263106692
RandomForest,6031,2,2,True,54,2500,1,0.04131987499567913,0.6481564003519964
RandomForest,6031,2,2,True,54,2500,2,0.02859300000272924,0.619156286825368
RandomForest,6031,2,2,True,54,2500,3,0.0409822500005248,0.6486789898429415
RandomForest,6031,2,2,True,54,2500,4,0.041140416004054714,0.6576628469550152
RandomForest,6031,2,2,True,54,2500,5,0.03909995799767785,0.6079510408288611
RandomForest,6031,2,2,True,54,5000,1,0.05077595799957635,0.6693498525852529
RandomForest,6031,2,2,True,54,5000,2,0.04875204199925065,0.6749898576402165
RandomForest,6031,2,2,True,54,5000,3,0.05022958300105529,0.6413352976965634
RandomForest,6031,2,2,True,54,5000,4,0.05049824999878183,0.676006151790329
RandomForest,6031,2,2,True,54,5000,5,0.04604458299581893,0.6864818779124511
RandomForest,6031,2,2,True,54,10000,1,0.08202924999932293,0.6668566306674272
RandomForest,6031,2,2,True,54,10000,2,0.08250020800187485,0.667721261000658
RandomForest,6031,2,2,True,54,10000,3,0.09270933399966452,0.6664912784308588
RandomForest,6031,2,2,True,54,10000,4,0.08181495800090488,0.669794446951796
RandomForest,6031,2,2,True,54,10000,5,0.09237866700277664,0.6651064173859587
RandomForest,7875,5,1,False,18,500,1,0.019572832999983802,0.1314141947543067
RandomForest,7875,5,1,False,18,500,2,0.018439500003296416,0.11443454849661439
RandomForest,7875,5,1,False,18,500,3,0.019641124999907333,0.13959987083182213
RandomForest,7875,5,1,False,18,500,4,0.019160334006301127,0.1228848748123138
RandomForest,7875,5,1,False,18,500,5,0.018484917003661394,0.09665509582999143
RandomForest,7875,5,1,False,18,1000,1,0.020891667001706082,0.09260473891100496
RandomForest,7875,5,1,False,18,1000,2,0.02114087500376627,0.06830006420999057
RandomForest,7875,5,1,False,18,1000,3,0.020803707993763965,0.12557164731010761
RandomForest,7875,5,1,False,18,1000,4,0.021120375000464264,0.09852243269659122
RandomForest,7875,5,1,False,18,1000,5,0.020676291002018843,0.11561314901506947
RandomForest,7875,5,1,False,18,2500,1,0.025312833000498358,0.09886576624503696
RandomForest,7875,5,1,False,18,2500,2,0.023846709002100397,0.09635602465474946
RandomForest,7875,5,1,False,18,2500,3,0.024725334005779587,0.118998874320983
RandomForest,7875,5,1,False,18,2500,4,0.025270624995755497,0.09348256100343844
RandomForest,7875,5,1,False,18,2500,5,0.02461691699863877,0.08215631128195577
RandomForest,7875,5,1,False,18,5000,1,0.04090633400483057,0.07817341680372136
RandomForest,7875,5,1,False,18,5000,2,0.041096499997365754,0.09881923417047422
RandomForest,7875,5,1,False,18,5000,3,0.04187537500547478,0.09787465223325698
RandomForest,7875,5,1,False,18,5000,4,0.04388725000171689,0.1072173498846285
RandomForest,7875,5,1,False,18,5000,5,0.043738291002227925,0.1094778581820196
RandomForest,7875,5,1,False,18,10000,1,0.06767058299737982,0.10030263805041362
RandomForest,7875,5,1,False,18,10000,2,0.07137079100357369,0.09765676038199855
RandomForest,7875,5,1,False,18,10000,3,0.07079408299614443,0.0940504522733765
RandomForest,7875,5,1,False,18,10000,4,0.07136295900272671,0.10588407698410707
RandomForest,7875,5,1,False,18,10000,5,0.06996249999792781,0.10566161103573857
RandomForest,7875,5,1,False,36,500,1,0.020267708001483697,0.12406295893215458
RandomForest,7875,5,1,False,36,500,2,0.017825499999162275,0.16884708713882246
RandomForest,7875,5,1,False,36,500,3,0.020032000000355765,0.12290765813828719
RandomForest,7875,5,1,False,36,500,4,0.018902167001215275,0.16287764061004817
RandomForest,7875,5,1,False,36,500,5,0.02019608300179243,0.12274972125946093
RandomForest,7875,5,1,False,36,1000,1,0.021014040998124983,0.0708868534615622
RandomForest,7875,5,1,False,36,1000,2,0.020795292002731003,0.1309739217393987
RandomForest,7875,5,1,False,36,1000,3,0.02006291700672591,0.13596493111593078
RandomForest,7875,5,1,False,36,1000,4,0.0217279589996906,0.05254467163685894
RandomForest,7875,5,1,False,36,1000,5,0.02166824999585515,0.08984391253712931
RandomForest,7875,5,1,False,36,2500,1,0.025700083002448082,0.10650742522480283
RandomForest,7875,5,1,False,36,2500,2,0.026874750001297798,0.0855244847040737
RandomForest,7875,5,1,False,36,2500,3,0.026316833995224442,0.0933586372520997
RandomForest,7875,5,1,False,36,2500,4,0.02582429199537728,0.11447533373089502
RandomForest,7875,5,1,False,36,2500,5,0.03689704099815572,0.10514688154260088
RandomForest,7875,5,1,False,36,5000,1,0.04365279199555516,0.12078342858784086
RandomForest,7875,5,1,False,36,5000,2,0.04772212499665329,0.09179965661940714
RandomForest,7875,5,1,False,36,5000,3,0.047874291994958185,0.0912817751294216
RandomForest,7875,5,1,False,36,5000,4,0.05016720799903851,0.11295262970104503
RandomForest,7875,5,1,False,36,5000,5,0.06458750000456348,0.10812591038674746
RandomForest,7875,5,1,False,36,10000,1,0.0865815420038416,0.10352905005863045
RandomForest,7875,5,1,False,36,10000,2,0.07858391699846834,0.09781306384535804
RandomForest,7875,5,1,False,36,10000,3,0.07669320800050627,0.11027868099580107
RandomForest,7875,5,1,False,36,10000,4,0.07636520799860591,0.10617351829613497
RandomForest,7875,5,1,False,36,10000,5,0.07248249999975087,0.12720322345990442
RandomForest,7875,5,1,False,54,500,1,0.020714209000288974,0.22519778348303554
RandomForest,7875,5,1,False,54,500,2,0.020612208005331922,0.1851699052521827
RandomForest,7875,5,1,False,54,500,3,0.020681750000221655,0.08827575032773327
RandomForest,7875,5,1,False,54,500,4,0.02073250000103144,0.07645476694535347
RandomForest,7875,5,1,False,54,500,5,0.02079191699885996,0.24900775524543783
RandomForest,7875,5,1,False,54,1000,1,0.02259408299869392,0.14863506443233288
RandomForest,7875,5,1,False,54,1000,2,0.022664791002171114,0.12931158977213209
RandomForest,7875,5,1,False,54,1000,3,0.022733917001460213,0.11626194978098858
RandomForest,7875,5,1,False,54,1000,4,0.022537917000590824,0.19014260617524825
RandomForest,7875,5,1,False,54,1000,5,0.022471165997558273,0.1677363199687122
RandomForest,7875,5,1,False,54,2500,1,0.04079908400308341,0.18438198335924905
RandomForest,7875,5,1,False,54,2500,2,0.038611167001363356,0.18159065081978765
RandomForest,7875,5,1,False,54,2500,3,0.04123120800068136,0.1524231654472642
RandomForest,7875,5,1,False,54,2500,4,0.041680375004943926,0.1794359717483356
RandomForest,7875,5,1,False,54,2500,5,0.040452999994158745,0.17588407873835032
RandomForest,7875,5,1,False,54,5000,1,0.05068737499823328,0.16890987372739796
RandomForest,7875,5,1,False,54,5000,2,0.0502379169993219,0.1654399950343054
RandomForest,7875,5,1,False,54,5000,3,0.05004041700158268,0.16589524696293545
RandomForest,7875,5,1,False,54,5000,4,0.04927733300428372,0.18791093145454008
RandomForest,7875,5,1,False,54,5000,5,0.05066208400239702,0.1818452980492703
RandomForest,7875,5,1,False,54,10000,1,0.09329699999943841,0.17309992507552507
RandomForest,7875,5,1,False,54,10000,2,0.09303545799775748,0.17540744779180206
RandomForest,7875,5,1,False,54,10000,3,0.09377599999425001,0.18345340044382552
RandomForest,7875,5,1,False,54,10000,4,0.08201495799585246,0.17596103044132283
RandomForest,7875,5,1,False,54,10000,5,0.1495986250010901,0.18437977627897473
RandomForest,181720,0,0,True,18,500,1,0.019977459000074305,0.403782564265563
RandomForest,181720,0,0,True,18,500,2,0.019817083004454616,0.4287889170268375
RandomForest,181720,0,0,True,18,500,3,0.019593124998209532,0.4509388826005296
RandomForest,181720,0,0,True,18,500,4,0.019550999997591134,0.45143702596129776
RandomForest,181720,0,0,True,18,500,5,0.01958362499863142,0.4480811400777063
RandomForest,181720,0,0,True,18,1000,1,0.0209978749990114,0.39329162809989937
RandomForest,181720,0,0,True,18,1000,2,0.020985000002838206,0.4220220710793362
RandomForest,181720,0,0,True,18,1000,3,0.02095595900027547,0.407974320796341
RandomForest,181720,0,0,True,18,1000,4,0.020666500000515953,0.44992168798106
RandomForest,181720,0,0,True,18,1000,5,0.020875082998827565,0.455837642508402
RandomForest,181720,0,0,True,18,2500,1,0.025290917001257185,0.41229703255468153
RandomForest,181720,0,0,True,18,2500,2,0.02528441700269468,0.41268391442441044
RandomForest,181720,0,0,True,18,2500,3,0.03701645899855066,0.4127195065393523
RandomForest,181720,0,0,True,18,2500,4,0.02523266700154636,0.41213152967487465
RandomForest,181720,0,0,True,18,2500,5,0.024910000000090804,0.4332204977527062
RandomForest,181720,0,0,True,18,5000,1,0.04499641700385837,0.4053281648026311
RandomForest,181720,0,0,True,18,5000,2,0.04524012500041863,0.41193568390020674
RandomForest,181720,0,0,True,18,5000,3,0.04357258300296962,0.4086734425828724
RandomForest,181720,0,0,True,18,5000,4,0.042603000001690816,0.4127511065833087
RandomForest,181720,0,0,True,18,5000,5,0.0451425420033047,0.4004643311920584
RandomForest,181720,0,0,True,18,10000,1,0.07038275000377325,0.39890513026821905
RandomForest,181720,0,0,True,18,10000,2,0.06973104200005764,0.41783091131675276
RandomForest,181720,0,0,True,18,10000,3,0.07051154199871235,0.4093263149555604
RandomForest,181720,0,0,True,18,10000,4,0.0711017079956946,0.4133939148533239
RandomForest,181720,0,0,True,18,10000,5,0.06665649999922607,0.4019002302450626
RandomForest,181720,0,0,True,36,500,1,0.018924833995697554,0.4371750163117425
RandomForest,181720,0,0,True,36,500,2,0.02004845799820032,0.49888507297773466
RandomForest,181720,0,0,True,36,500,3,0.020406040996022057,0.4392239298872509
RandomForest,181720,0,0,True,36,500,4,0.02000975000555627,0.4564748026169394
RandomForest,181720,0,0,True,36,500,5,0.019815999999991618,0.43298147770333584
RandomForest,181720,0,0,True,36,1000,1,0.021767459002148826,0.4162202681591308
RandomForest,181720,0,0,True,36,1000,2,0.021708959000534378,0.4586511118601183
RandomForest,181720,0,0,True,36,1000,3,0.021688707995053846,0.40280024920499713
RandomForest,181720,0,0,True,36,1000,4,0.021817207998537924,0.4326535804979531
RandomForest,181720,0,0,True,36,1000,5,0.02185208299488295,0.4889218415287837
RandomForest,181720,0,0,True,36,2500,1,0.0384349169980851,0.42578746327986805
RandomForest,181720,0,0,True,36,2500,2,0.03761374999885447,0.41244183243926136
RandomForest,181720,0,0,True,36,2500,3,0.03899387500132434,0.43072035588569946
RandomForest,181720,0,0,True,36,2500,4,0.02672099999472266,0.42274734919738877
RandomForest,181720,0,0,True,36,2500,5,0.02683637500012992,0.44816752122950665
RandomForest,181720,0,0,True,36,5000,1,0.047767124997335486,0.4270243389703142
RandomForest,181720,0,0,True,36,5000,2,0.04745645799994236,0.43738438748060193
RandomForest,181720,0,0,True,36,5000,3,0.046324999995704275,0.42985265727021005
RandomForest,181720,0,0,True,36,5000,4,0.04728787500062026,0.44092470092355185
RandomForest,181720,0,0,True,36,5000,5,0.04747429199778708,0.4257336583655501
RandomForest,181720,0,0,True,36,10000,1,0.0755219170023338,0.42486707900547993
RandomForest,181720,0,0,True,36,10000,2,0.07378529199922923,0.4393909119166496
RandomForest,181720,0,0,True,36,10000,3,0.07529283400072018,0.43449103057123817
RandomForest,181720,0,0,True,36,10000,4,0.07416729199758265,0.4338581170397464
RandomForest,181720,0,0,True,36,10000,5,0.07527383400156396,0.4250626302315593
RandomForest,181720,0,0,True,54,500,1,0.01998558299965225,0.37563853895302934
RandomForest,181720,0,0,True,54,500,2,0.018696375002036802,0.3963534706716938
RandomForest,181720,0,0,True,54,500,3,0.020487916997808497,0.415240996104714
RandomForest,181720,0,0,True,54,500,4,0.021486208999704104,0.46346981574637003
RandomForest,181720,0,0,True,54,500,5,0.02058829199813772,0.4123690706995945
RandomForest,181720,0,0,True,54,1000,1,0.021606249996693805,0.4037074864663728
RandomForest,181720,0,0,True,54,1000,2,0.022627709004154895,0.3818949154632666
RandomForest,181720,0,0,True,54,1000,3,0.022805250002420507,0.4052781973817141
RandomForest,181720,0,0,True,54,1000,4,0.022599457995966077,0.44029564149987976
RandomForest,181720,0,0,True,54,1000,5,0.022741084001609124,0.3847091669124767
RandomForest,181720,0,0,True,54,2500,1,0.04119295900454745,0.38640466831310827
RandomForest,181720,0,0,True,54,2500,2,0.040918375001638196,0.3920229590858135
RandomForest,181720,0,0,True,54,2500,3,0.04118858299625572,0.41740064747131045
RandomForest,181720,0,0,True,54,2500,4,0.04062920800060965,0.41118997784452427
RandomForest,181720,0,0,True,54,2500,5,0.04086591699888231,0.4153128638105069
RandomForest,181720,0,0,True,54,5000,1,0.05002162500022678,0.3925901334015508
RandomForest,181720,0,0,True,54,5000,2,0.04822654199961107,0.4159324946057682
RandomForest,181720,0,0,True,54,5000,3,0.05048862499825191,0.39825797048206757
RandomForest,181720,0,0,True,54,5000,4,0.050391666998621076,0.42792803132459833
RandomForest,181720,0,0,True,54,5000,5,0.04994054199778475,0.4243836411310272
RandomForest,181720,0,0,True,54,10000,1,0.0927740420011105,0.4112163837292422
RandomForest,181720,0,0,True,54,10000,2,0.08186166699306341,0.4074415319086342
RandomForest,181720,0,0,True,54,10000,3,0.08128491699608276,0.40958092035246874
RandomForest,181720,0,0,True,54,10000,4,0.09129112499795156,0.4146653270682268
RandomForest,181720,0,0,True,54,10000,5,0.09180316599668004,0.4092388226062389
RandomForest,217040,1,0,False,18,500,1,0.01953812500141794,0.19307012745411367
RandomForest,217040,1,0,False,18,500,2,0.01941070800239686,0.19527361476316674
RandomForest,217040,1,0,False,18,500,3,0.019478041998809204,0.19350686797039474
RandomForest,217040,1,0,False,18,500,4,0.019416082999669015,0.19290478440777636
RandomForest,217040,1,0,False,18,500,5,0.019594334000430536,0.22510429464459591
RandomForest,217040,1,0,False,18,1000,1,0.020789165995665826,0.2160686818347054
RandomForest,217040,1,0,False,18,1000,2,0.020944333002262283,0.16515185916340547
RandomForest,217040,1,0,False,18,1000,3,0.020860457996604964,0.2131828766912126
RandomForest,217040,1,0,False,18,1000,4,0.021072957999422215,0.1680581130040527
RandomForest,217040,1,0,False,18,1000,5,0.02091804200608749,0.19239798852948686
RandomForest,217040,1,0,False,18,2500,1,0.036723874996823724,0.19526822275027222
RandomForest,217040,1,0,False,18,2500,2,0.025001999994856305,0.1789453472047191
RandomForest,217040,1,0,False,18,2500,3,0.0253249580055126,0.203920431350179
RandomForest,217040,1,0,False,18,2500,4,0.024746583003434353,0.19409033416185817
RandomForest,217040,1,0,False,18,2500,5,0.025402874998690095,0.18455272492992714
RandomForest,217040,1,0,False,18,5000,1,0.04392812500009313,0.20123817289886337
RandomForest,217040,1,0,False,18,5000,2,0.04299075000017183,0.18124048755059918
RandomForest,217040,1,0,False,18,5000,3,0.04521099999692524,0.19471096317458292
RandomForest,217040,1,0,False,18,5000,4,0.044869916993775405,0.20136640266974115
RandomForest,217040,1,0,False,18,5000,5,0.044323834001261275,0.1959813836225115
RandomForest,217040,1,0,False,18,10000,1,0.06809787499514641,0.20625352549058196
RandomForest,217040,1,0,False,18,10000,2,0.07084595799824456,0.17826135941175203
RandomForest,217040,1,0,False,18,10000,3,0.06991166700026952,0.18467433947523237
RandomForest,217040,1,0,False,18,10000,4,0.07131283300259383,0.189274170377555
RandomForest,217040,1,0,False,18,10000,5,0.07146087499859277,0.2029132397944211
RandomForest,217040,1,0,False,36,500,1,0.01966333400196163,0.23466008496437385
RandomForest,217040,1,0,False,36,500,2,0.02018208299705293,0.24235038514051155
RandomForest,217040,1,0,False,36,500,3,0.02005983400158584,0.22165003075940026
RandomForest,217040,1,0,False,36,500,4,0.020131958001002204,0.2360252744243453
RandomForest,217040,1,0,False,36,500,5,0.01963524999882793,0.23142107337883833
RandomForest,217040,1,0,False,36,1000,1,0.021811541002534796,0.2626885413605269
RandomForest,217040,1,0,False,36,1000,2,0.022187542002939153,0.23017011899574902
RandomForest,217040,1,0,False,36,1000,3,0.02148237499932293,0.247811778527102
RandomForest,217040,1,0,False,36,1000,4,0.02023729199572699,0.22649574156075258
RandomForest,217040,1,0,False,36,1000,5,0.021487250000063796,0.2413014354863875
RandomForest,217040,1,0,False,36,2500,1,0.026892708003288135,0.23135042871914768
RandomForest,217040,1,0,False,36,2500,2,0.02682512500177836,0.19508526411744953
RandomForest,217040,1,0,False,36,2500,3,0.03773941600229591,0.17855024139289666
RandomForest,217040,1,0,False,36,2500,4,0.09099045799666783,0.2474829082456037
RandomForest,217040,1,0,False,36,2500,5,0.04147470799944131,0.22849962926217937
RandomForest,217040,1,0,False,36,5000,1,0.04784812500292901,0.24423116738578488
RandomForest,217040,1,0,False,36,5000,2,0.047589667003194336,0.2158383182092325
RandomForest,217040,1,0,False,36,5000,3,0.04450012499728473,0.22580337438851605
RandomForest,217040,1,0,False,36,5000,4,0.04738766700029373,0.21889060218899503
RandomForest,217040,1,0,False,36,5000,5,0.04716929199639708,0.22990697021019124
RandomForest,217040,1,0,False,36,10000,1,0.07505095800297568,0.2295393398217841
RandomForest,217040,1,0,False,36,10000,2,0.07339241600129753,0.21322837873279266
RandomForest,217040,1,0,False,36,10000,3,0.07472562500333879,0.22501132558941406
RandomForest,217040,1,0,False,36,10000,4,0.07648599999811267,0.217768537294326
RandomForest,217040,1,0,False,36,10000,5,0.07648999999946682,0.22523965074846153
RandomForest,217040,1,0,False,54,500,1,0.02091212500090478,0.2252347151093479
RandomForest,217040,1,0,False,54,500,2,0.020732334000058472,0.24960079697396897
RandomForest,217040,1,0,False,54,500,3,0.02079766600218136,0.26308621694501433
RandomForest,217040,1,0,False,54,500,4,0.020684750001237262,0.2289061331871176
RandomForest,217040,1,0,False,54,500,5,0.020767917005287018,0.2819098155574229
RandomForest,217040,1,0,False,54,1000,1,0.023042957996949553,0.25952127060500607
RandomForest,217040,1,0,False,54,1000,2,0.022706584000843577,0.20401773949036706
RandomForest,217040,1,0,False,54,1000,3,0.022898417002579663,0.2727262288649269
RandomForest,217040,1,0,False,54,1000,4,0.022771124997234438,0.233526758315023
RandomForest,217040,1,0,False,54,1000,5,0.022636417001194786,0.23149530054734735
RandomForest,217040,1,0,False,54,2500,1,0.04144895899662515,0.24041158330199064
RandomForest,217040,1,0,False,54,2500,2,0.04157320800004527,0.20667307658530742
RandomForest,217040,1,0,False,54,2500,3,0.04124233299808111,0.2228867926729512
RandomForest,217040,1,0,False,54,2500,4,0.028791875003662426,0.2556214605941275
RandomForest,217040,1,0,False,54,2500,5,0.0392205840034876,0.198672414655107
RandomForest,217040,1,0,False,54,5000,1,0.05029341699992074,0.24513223390815142
RandomForest,217040,1,0,False,54,5000,2,0.05093904100067448,0.2516786873410889
RandomForest,217040,1,0,False,54,5000,3,0.05056729100033408,0.23027419603816868
RandomForest,217040,1,0,False,54,5000,4,0.05092366699682316,0.24726900559840437
RandomForest,217040,1,0,False,54,5000,5,0.05066862500098068,0.24777051690744312
RandomForest,217040,1,0,False,54,10000,1,0.0828110829970683,0.2724381153027501
RandomForest,217040,1,0,False,54,10000,2,0.09336350000376115,0.22911543411628177
RandomForest,217040,1,0,False,54,10000,3,0.09192025000083959,0.2589726488995585
RandomForest,217040,1,0,False,54,10000,4,0.09422750000521773,0.25107483965170796
RandomForest,217040,1,0,False,54,10000,5,0.08991279199835844,0.24691236942696815
RandomForest,218570,1,1,True,18,500,1,0.019794458996329922,0.30205993346535376
RandomForest,218570,1,1,True,18,500,2,0.019450416999461595,0.347908631707045
RandomForest,218570,1,1,True,18,500,3,0.019346291999681853,0.37493045416048
RandomForest,218570,1,1,True,18,500,4,0.019480374998238403,0.357290658547319
RandomForest,218570,1,1,True,18,500,5,0.019583082997996826,0.3198927327446184
RandomForest,218570,1,1,True,18,1000,1,0.021013874997152016,0.3173298865041184
RandomForest,218570,1,1,True,18,1000,2,0.021075791999464855,0.31685171214820274
RandomForest,218570,1,1,True,18,1000,3,0.02109816700249212,0.3558557291578113
RandomForest,218570,1,1,True,18,1000,4,0.021100833000673447,0.3336387111112157
RandomForest,218570,1,1,True,18,1000,5,0.020894916997349355,0.34649840157867695
RandomForest,218570,1,1,True,18,2500,1,0.024593584006652236,0.33144665811871366
RandomForest,218570,1,1,True,18,2500,2,0.03660312500142027,0.33888571140361334
RandomForest,218570,1,1,True,18,2500,3,0.024865333005436696,0.34809884117891055
RandomForest,218570,1,1,True,18,2500,4,0.025284000003011897,0.3253342583486587
RandomForest,218570,1,1,True,18,2500,5,0.025355165998917073,0.3410965063042146
RandomForest,218570,1,1,True,18,5000,1,0.04490054199413862,0.3174066720789078
RandomForest,218570,1,1,True,18,5000,2,0.04505370800325181,0.3388302160935478
RandomForest,218570,1,1,True,18,5000,3,0.044879542001581285,0.33254748008196977
RandomForest,218570,1,1,True,18,5000,4,0.04168625000602333,0.34355977469322063
RandomForest,218570,1,1,True,18,5000,5,0.045112833999155555,0.3153484557355042
RandomForest,218570,1,1,True,18,10000,1,0.0695320000013453,0.325823371133375
RandomForest,218570,1,1,True,18,10000,2,0.06691704200056847,0.33872278941436196
RandomForest,218570,1,1,True,18,10000,3,0.06925670799682848,0.3261584957763033
RandomForest,218570,1,1,True,18,10000,4,0.0706345419966965,0.3333213045190214
RandomForest,218570,1,1,True,18,10000,5,0.07086016700486653,0.3206585211876477
RandomForest,218570,1,1,True,36,500,1,0.02001558299525641,0.305182748409475
RandomForest,218570,1,1,True,36,500,2,0.020043875003466383,0.29894799866802535
RandomForest,218570,1,1,True,36,500,3,0.020421707995410543,0.32740090719185444
RandomForest,218570,1,1,True,36,500,4,0.02015324999956647,0.35671080658401144
RandomForest,218570,1,1,True,36,500,5,0.017715333997330163,0.2971256558571761
RandomForest,218570,1,1,True,36,1000,1,0.022078875001170672,0.29423462204749995
RandomForest,218570,1,1,True,36,1000,2,0.021819291003339458,0.33465187324111845
RandomForest,218570,1,1,True,36,1000,3,0.021861125002033077,0.34624134715772104
RandomForest,218570,1,1,True,36,1000,4,0.02072312500240514,0.2975850491639357
RandomForest,218570,1,1,True,36,1000,5,0.019476290995953605,0.3009983163711196
RandomForest,218570,1,1,True,36,2500,1,0.035214333001931664,0.3183556143684686
RandomForest,218570,1,1,True,36,2500,2,0.037225333995593246,0.3073745440066875
RandomForest,218570,1,1,True,36,2500,3,0.03899554099916713,0.30556001076438355
RandomForest,218570,1,1,True,36,2500,4,0.02637804100231733,0.325494772056935
RandomForest,218570,1,1,True,36,2500,5,0.02655729199614143,0.3147720663651751
RandomForest,218570,1,1,True,36,5000,1,0.04758866600604961,0.33202625710671474
RandomForest,218570,1,1,True,36,5000,2,0.04796725000051083,0.310279581303874
RandomForest,218570,1,1,True,36,5000,3,0.047455125000851694,0.3102047912161927
RandomForest,218570,1,1,True,36,5000,4,0.04782720799994422,0.307436976677243
RandomForest,218570,1,1,True,36,5000,5,0.048101541004143655,0.3192551809525672
RandomForest,218570,1,1,True,36,10000,1,0.07528712500061374,0.3043942697794889
RandomForest,218570,1,1,True,36,10000,2,0.07229420799558284,0.31518046708703196
RandomForest,218570,1,1,True,36,10000,3,0.07556887499958975,0.31814093544996813
RandomForest,218570,1,1,True,36,10000,4,0.1372045829994022,0.30969929222833104
RandomForest,218570,1,1,True,36,10000,5,0.0749054999978398,0.3122401706784851
RandomForest,218570,1,1,True,54,500,1,0.021147542000107933,0.28233981729249513
RandomForest,218570,1,1,True,54,500,2,0.020818167002289556,0.31956968465479285
RandomForest,218570,1,1,True,54,500,3,0.020792583003640175,0.32431325043758197
RandomForest,218570,1,1,True,54,500,4,0.02081329200154869,0.345720992331063
RandomForest,218570,1,1,True,54,500,5,0.02082283399795415,0.23850071976187304
RandomForest,218570,1,1,True,54,1000,1,0.021140834003745113,0.2999023464206242
RandomForest,218570,1,1,True,54,1000,2,0.022654874999716412,0.30209919695758825
RandomForest,218570,1,1,True,54,1000,3,0.021345958004530985,0.3561740347768826
RandomForest,218570,1,1,True,54,1000,4,0.022522874998685438,0.2589009888914098
RandomForest,218570,1,1,True,54,1000,5,0.022458082996308804,0.2958291728712099
RandomForest,218570,1,1,True,54,2500,1,0.04102595899894368,0.32683433133578454
RandomForest,218570,1,1,True,54,2500,2,0.028564500003994908,0.3139882090094587
RandomForest,218570,1,1,True,54,2500,3,0.039833167000324465,0.33130143689476466
RandomForest,218570,1,1,True,54,2500,4,0.028501125001639593,0.32480606053143
RandomForest,218570,1,1,True,54,2500,5,0.0411784159950912,0.28656264105126594
RandomForest,218570,1,1,True,54,5000,1,0.0504000420041848,0.3066698050885829
RandomForest,218570,1,1,True,54,5000,2,0.04965608299971791,0.2991301239653992
RandomForest,218570,1,1,True,54,5000,3,0.04844349999621045,0.31937585678135505
RandomForest,218570,1,1,True,54,5000,4,0.049141750001581386,0.32082994670983156
RandomForest,218570,1,1,True,54,5000,5,0.045624250000400934,0.32202056650912647
RandomForest,218570,1,1,True,54,10000,1,0.08133524999720976,0.3130004501736129
RandomForest,218570,1,1,True,54,10000,2,0.08204133300023386,0.32221292878302743
RandomForest,218570,1,1,True,54,10000,3,0.09314570899732644,0.3247172455427255
RandomForest,218570,1,1,True,54,10000,4,0.08155870899645379,0.3279862949952159
RandomForest,218570,1,1,True,54,10000,5,0.09295808300521458,0.3097977286628246
RandomForest,261275,6,0,False,18,500,1,0.019736207999812905,0.3597084622105461
RandomForest,261275,6,0,False,18,500,2,0.019388499997148756,0.34289714905816293
RandomForest,261275,6,0,False,18,500,3,0.0193871660012519,0.3760859312693987
RandomForest,261275,6,0,False,18,500,4,0.01895854200120084,0.3527679205280069
RandomForest,261275,6,0,False,18,500,5,0.018039624999801163,0.3510215556057261
RandomForest,261275,6,0,False,18,1000,1,0.020873375004157424,0.32207116211434117
RandomForest,261275,6,0,False,18,1000,2,0.021109333996719215,0.3402326683441733
RandomForest,261275,6,0,False,18,1000,3,0.020130667006014846,0.32882626270069415
RandomForest,261275,6,0,False,18,1000,4,0.02017429199622711,0.354577631180933
RandomForest,261275,6,0,False,18,1000,5,0.020858582996879704,0.39369735419072194
RandomForest,261275,6,0,False,18,2500,1,0.024056666996330023,0.34470292238167255
RandomForest,261275,6,0,False,18,2500,2,0.0253192090021912,0.34113477263846914
RandomForest,261275,6,0,False,18,2500,3,0.024134333005349617,0.34241891819525927
RandomForest,261275,6,0,False,18,2500,4,0.02542291700228816,0.35025976905288536
RandomForest,261275,6,0,False,18,2500,5,0.02369837500009453,0.37213618877228694
RandomForest,261275,6,0,False,18,5000,1,0.04499612499785144,0.3361308780273822
RandomForest,261275,6,0,False,18,5000,2,0.04375279200030491,0.3335765355718924
RandomForest,261275,6,0,False,18,5000,3,0.042971333998139016,0.33923348847191237
RandomForest,261275,6,0,False,18,5000,4,0.04507258399826242,0.34720764470016585
RandomForest,261275,6,0,False,18,5000,5,0.04252183400240028,0.32444848360538536
RandomForest,261275,6,0,False,18,10000,1,0.0698137500003213,0.3275472481942864
RandomForest,261275,6,0,False,18,10000,2,0.07119199999578996,0.33891145958822255
RandomForest,261275,6,0,False,18,10000,3,0.0708458330045687,0.3402076439868762
RandomForest,261275,6,0,False,18,10000,4,0.07126241699734237,0.3406086318255718
RandomForest,261275,6,0,False,18,10000,5,0.07100408299447736,0.33192651219258784
RandomForest,261275,6,0,False,36,500,1,0.020173707998765167,0.4369218888877805
RandomForest,261275,6,0,False,36,500,2,0.02011395899899071,0.498170723331242
RandomForest,261275,6,0,False,36,500,3,0.020204499996907543,0.44211532051468627
RandomForest,261275,6,0,False,36,500,4,0.020057624999026302,0.44039731557866124
RandomForest,261275,6,0,False,36,500,5,0.019940791993576568,0.4219615166175241
RandomForest,261275,6,0,False,36,1000,1,0.021686832995328587,0.4251048505662587
RandomForest,261275,6,0,False,36,1000,2,0.02185887500672834,0.45825267872138287
RandomForest,261275,6,0,False,36,1000,3,0.021878666993870866,0.4043764960075823
RandomForest,261275,6,0,False,36,1000,4,0.02106508400174789,0.43161781584540015
RandomForest,261275,6,0,False,36,1000,5,0.019839874999888707,0.48939516649250137
RandomForest,261275,6,0,False,36,2500,1,0.026820833998499438,0.4262405626141531
RandomForest,261275,6,0,False,36,2500,2,0.026452958001755178,0.4116000748503178
RandomForest,261275,6,0,False,36,2500,3,0.026156749998335727,0.4302634656032681
RandomForest,261275,6,0,False,36,2500,4,0.039646708995860536,0.4229876973595309
RandomForest,261275,6,0,False,36,2500,5,0.026807124995684717,0.4482323089199126
RandomForest,261275,6,0,False,36,5000,1,0.04792887499934295,0.42747537332568375
RandomForest,261275,6,0,False,36,5000,2,0.04763891699985834,0.4374822379859149
RandomForest,261275,6,0,False,36,5000,3,0.045094582994352095,0.42958155941908793
RandomForest,261275,6,0,False,36,5000,4,0.047999707996496,0.4405267639998275
RandomForest,261275,6,0,False,36,5000,5,0.04798129200207768,0.4260812208773118
RandomForest,261275,6,0,False,36,10000,1,0.07724237499496667,0.425523319400128
RandomForest,261275,6,0,False,36,10000,2,0.07626266699662665,0.4400210799795351
RandomForest,261275,6,0,False,36,10000,3,0.0762544169992907,0.434870351352589
RandomForest,261275,6,0,False,36,10000,4,0.0746747500015772,0.4338869129036851
RandomForest,261275,6,0,False,36,10000,5,0.07326366599590983,0.42501622236268355
RandomForest,261275,6,0,False,54,500,1,0.020744458000990562,0.37192608745223354
RandomForest,261275,6,0,False,54,500,2,0.02090779199352255,0.3943027879948906
RandomForest,261275,6,0,False,54,500,3,0.02002020800136961,0.41047441332356693
RandomForest,261275,6,0,False,54,500,4,0.021688708002329804,0.46252968721081766
RandomForest,261275,6,0,False,54,500,5,0.02137212499656016,0.41172708027889005
RandomForest,261275,6,0,False,54,1000,1,0.022840500001620967,0.4040745388214527
RandomForest,261275,6,0,False,54,1000,2,0.02270866700564511,0.3814204818021105
RandomForest,261275,6,0,False,54,1000,3,0.022834666997368913,0.41177485546510684
RandomForest,261275,6,0,False,54,1000,4,0.03930025000590831,0.4392725739502201
RandomForest,261275,6,0,False,54,1000,5,0.03576574999897275,0.3773957856161494
RandomForest,261275,6,0,False,54,2500,1,0.03981112500332529,0.38973574628864893
RandomForest,261275,6,0,False,54,2500,2,0.04134679200069513,0.3922423991607076
RandomForest,261275,6,0,False,54,2500,3,0.04121316700184252,0.40705534578356495
RandomForest,261275,6,0,False,54,2500,4,0.04163025000161724,0.41141001143233236
RandomForest,261275,6,0,False,54,2500,5,0.041360750001331326,0.42926349704262867
RandomForest,261275,6,0,False,54,5000,1,0.05240216699894518,0.40438753327031196
RandomForest,261275,6,0,False,54,5000,2,0.04920891700021457,0.4042678910061348
RandomForest,261275,6,0,False,54,5000,3,0.05094141700101318,0.39775257877592096
RandomForest,261275,6,0,False,54,5000,4,0.051061208003375214,0.4244991209420157
RandomForest,261275,6,0,False,54,5000,5,0.05056308300117962,0.42451788677511093
RandomForest,261275,6,0,False,54,10000,1,0.09364212500076974,0.41141901529539204
RandomForest,261275,6,0,False,54,10000,2,0.14607470899500186,0.40742043519805826
RandomForest,261275,6,0,False,54,10000,3,0.09116345799702685,0.41000219748253197
RandomForest,261275,6,0,False,54,10000,4,0.08258366600057343,0.41470585276288163
RandomForest,261275,6,0,False,54,10000,5,0.09516437500133179,0.40947083584605004
RandomForest,278541,5,2,False,18,500,1,0.021985208004480228,0.49447712095249463
RandomForest,278541,5,2,False,18,500,2,0.01872324999567354,0.4539275877449833
RandomForest,278541,5,2,False,18,500,3,0.01957729199784808,0.453167690272841
RandomForest,278541,5,2,False,18,500,4,0.019373000002815388,0.49175606186952947
RandomForest,278541,5,2,False,18,500,5,0.019078375000390224,0.522036775769083
RandomForest,278541,5,2,False,18,1000,1,0.02104354100447381,0.4341526869136336
RandomForest,278541,5,2,False,18,1000,2,0.021002458001021296,0.4415679425624863
RandomForest,278541,5,2,False,18,1000,3,0.020875417001661845,0.4471609891969637
RandomForest,278541,5,2,False,18,1000,4,0.021033500001067296,0.42341260174329554
RandomForest,278541,5,2,False,18,1000,5,0.021371875001932494,0.5058856574608546
RandomForest,278541,5,2,False,18,2500,1,0.02517608299967833,0.4808701030822674
RandomForest,278541,5,2,False,18,2500,2,0.02525279200199293,0.47474829317976575
RandomForest,278541,5,2,False,18,2500,3,0.025392458999704104,0.46321753415887734
RandomForest,278541,5,2,False,18,2500,4,0.025164582999423146,0.46453195699714245
RandomForest,278541,5,2,False,18,2500,5,0.02522254199720919,0.4858104056694901
RandomForest,278541,5,2,False,18,5000,1,0.0446730000039679,0.45659870447376605
RandomForest,278541,5,2,False,18,5000,2,0.04351583300012862,0.4656825298574493
RandomForest,278541,5,2,False,18,5000,3,0.07886570800474146,0.4443512335203932
RandomForest,278541,5,2,False,18,5000,4,0.05131566699856194,0.4719850386096245
RandomForest,278541,5,2,False,18,5000,5,0.043479959000251256,0.462089170920151
RandomForest,278541,5,2,False,18,10000,1,0.06893379199755145,0.45297487842634476
RandomForest,278541,5,2,False,18,10000,2,0.058553125003527384,0.4643596222401779
RandomForest,278541,5,2,False,18,10000,3,0.05765304100350477,0.4546332559229307
RandomForest,278541,5,2,False,18,10000,4,0.05866441699618008,0.4580263963401118
RandomForest,278541,5,2,False,18,10000,5,0.057470874999125954,0.46342864242422355
RandomForest,278541,5,2,False,36,500,1,0.02019366699823877,0.6508691474070936
RandomForest,278541,5,2,False,36,500,2,0.020128083000599872,0.6003584225471552
RandomForest,278541,5,2,False,36,500,3,0.02014637499814853,0.6175092040381924
RandomForest,278541,5,2,False,36,500,4,0.019875291996868327,0.6073222332511901
RandomForest,278541,5,2,False,36,500,5,0.018038624999462627,0.6461996639432461
RandomForest,278541,5,2,False,36,1000,1,0.021785249999084044,0.6142832277393371
RandomForest,278541,5,2,False,36,1000,2,0.021955333002551924,0.6318673987293653
RandomForest,278541,5,2,False,36,1000,3,0.021838082997419406,0.6239510806433648
RandomForest,278541,5,2,False,36,1000,4,0.021712624999054242,0.613649544140858
RandomForest,278541,5,2,False,36,1000,5,0.021869083000638057,0.6072602707770993
RandomForest,278541,5,2,False,36,2500,1,0.026681167000788264,0.6150509518328111
RandomForest,278541,5,2,False,36,2500,2,0.024908791994675994,0.5902235027193472
RandomForest,278541,5,2,False,36,2500,3,0.02663462499913294,0.5867130666976216
RandomForest,278541,5,2,False,36,2500,4,0.025947957998141646,0.6309976612485586
RandomForest,278541,5,2,False,36,2500,5,0.026789249997818843,0.6007891882629077
RandomForest,278541,5,2,False,36,5000,1,0.04810062499745982,0.6017196954878798
RandomForest,278541,5,2,False,36,5000,2,0.04734308300248813,0.6236917372129855
RandomForest,278541,5,2,False,36,5000,3,0.04664170800242573,0.6109848088584799
RandomForest,278541,5,2,False,36,5000,4,0.04798662500252249,0.6172006488150763
RandomForest,278541,5,2,False,36,5000,5,0.04791562500031432,0.6223814656197248
RandomForest,278541,5,2,False,36,10000,1,0.07652958299877355,0.6057403259615217
RandomForest,278541,5,2,False,36,10000,2,0.07642541699897265,0.6158605747425221
RandomForest,278541,5,2,False,36,10000,3,0.07569841699296376,0.6118974985482648
RandomForest,278541,5,2,False,36,10000,4,0.07551045800209977,0.6067111042141553
RandomForest,278541,5,2,False,36,10000,5,0.07601841699943179,0.6022066089931701
RandomForest,278541,5,2,False,54,500,1,0.02068541700282367,0.6077833026016323
RandomForest,278541,5,2,False,54,500,2,0.02101720799691975,0.656347074458157
RandomForest,278541,5,2,False,54,500,3,0.020703542002593167,0.7193677480454514
RandomForest,278541,5,2,False,54,500,4,0.020622999996703584,0.7299262386216161
RandomForest,278541,5,2,False,54,500,5,0.02080266599659808,0.6640937395040567
RandomForest,278541,5,2,False,54,1000,1,0.022947125005885027,0.6874227798001773
RandomForest,278541,5,2,False,54,1000,2,0.02133325000613695,0.6413792349958445
RandomForest,278541,5,2,False,54,1000,3,0.021259916997223627,0.6676066469387625
RandomForest,278541,5,2,False,54,1000,4,0.021229042002232745,0.6607832922208521
RandomForest,278541,5,2,False,54,1000,5,0.022637832997133955,0.6855587895155735
RandomForest,278541,5,2,False,54,2500,1,0.039813374998630024,0.6520020241324349
RandomForest,278541,5,2,False,54,2500,2,0.04066195800260175,0.6250555168743739
RandomForest,278541,5,2,False,54,2500,3,0.04144583299785154,0.652099850733821
RandomForest,278541,5,2,False,54,2500,4,0.04100699999980861,0.661781946613464
RandomForest,278541,5,2,False,54,2500,5,0.041232250005123205,0.6120282903551468
RandomForest,278541,5,2,False,54,5000,1,0.05077562500082422,0.6731308525736317
RandomForest,278541,5,2,False,54,5000,2,0.04978866699821083,0.6841468406747031
RandomForest,278541,5,2,False,54,5000,3,0.049314083000354,0.6738529512867201
RandomForest,278541,5,2,False,54,5000,4,0.0511197089945199,0.6798101536375992
RandomForest,278541,5,2,False,54,5000,5,0.04880820899415994,0.6891895752121375
RandomForest,278541,5,2,False,54,10000,1,0.09255420800036518,0.668207499543382
RandomForest,278541,5,2,False,54,10000,2,0.08132254199881572,0.6690399797348778
RandomForest,278541,5,2,False,54,10000,3,0.09298708399728639,0.6679809590925855
RandomForest,278541,5,2,False,54,10000,4,0.09298845900048036,0.6704301237645561
RandomForest,278541,5,2,False,54,10000,5,0.09369095800502691,0.6655027899719266
RandomForest,335219,4,1,False,18,500,1,0.01849216700065881,0.2873169362977186
RandomForest,335219,4,1,False,18,500,2,0.01956475000042701,0.3006772062731059
RandomForest,335219,4,1,False,18,500,3,0.019424708996666595,0.3261247947121464
RandomForest,335219,4,1,False,18,500,4,0.018999083004018757,0.36033473417247475
RandomForest,335219,4,1,False,18,500,5,0.019566458999179304,0.36929856037604936
RandomForest,335219,4,1,False,18,1000,1,0.02075479199993424,0.2739599793659411
RandomForest,335219,4,1,False,18,1000,2,0.020999167005356867,0.2995202166088753
RandomForest,335219,4,1,False,18,1000,3,0.020899750001262873,0.27577674781396666
RandomForest,335219,4,1,False,18,1000,4,0.021001375003834255,0.2511440615823368
RandomForest,335219,4,1,False,18,1000,5,0.020828541004448198,0.32129613927878786
RandomForest,335219,4,1,False,18,2500,1,0.025401166996743996,0.3324089952110729
RandomForest,335219,4,1,False,18,2500,2,0.024038499999733176,0.30893171184458346
RandomForest,335219,4,1,False,18,2500,3,0.02494795900565805,0.31818108535878875
RandomForest,335219,4,1,False,18,2500,4,0.02545891699992353,0.288218288230622
RandomForest,335219,4,1,False,18,2500,5,0.02566629200009629,0.3114207510759355
RandomForest,335219,4,1,False,18,5000,1,0.0450506659981329,0.3138071970054771
RandomForest,335219,4,1,False,18,5000,2,0.044749957996828016,0.318644552542111
RandomForest,335219,4,1,False,18,5000,3,0.04277354200166883,0.3057121483494455
RandomForest,335219,4,1,False,18,5000,4,0.04466816600324819,0.31039991333570116
RandomForest,335219,4,1,False,18,5000,5,0.04299145800177939,0.3118994865828577
RandomForest,335219,4,1,False,18,10000,1,0.06908545800251886,0.3114680830954182
RandomForest,335219,4,1,False,18,10000,2,0.07112345899804495,0.3085477655774589
RandomForest,335219,4,1,False,18,10000,3,0.07152533400221728,0.3233809906652515
RandomForest,335219,4,1,False,18,10000,4,0.07595116699667415,0.30533010952342576
RandomForest,335219,4,1,False,18,10000,5,0.08016704200417735,0.3309937953445692
RandomForest,335219,4,1,False,36,500,1,0.020147542003542185,0.17839536273870116
RandomForest,335219,4,1,False,36,500,2,0.0201624589972198,0.1419061208865039
RandomForest,335219,4,1,False,36,500,3,0.020117125000979286,0.12876864695389234
RandomForest,335219,4,1,False,36,500,4,0.020116874999075662,0.1520689541863146
RandomForest,335219,4,1,False,36,500,5,0.020115749997785315,0.14049037688919686
RandomForest,335219,4,1,False,36,1000,1,0.021780709001177456,0.11412812073786982
RandomForest,335219,4,1,False,36,1000,2,0.022013542002241593,0.13701648484280204
RandomForest,335219,4,1,False,36,1000,3,0.021637375000864267,0.1421181582451717
RandomForest,335219,4,1,False,36,1000,4,0.02186312500271015,0.0951163847769918
RandomForest,335219,4,1,False,36,1000,5,0.021211416998994537,0.09967374435845
RandomForest,335219,4,1,False,36,2500,1,0.02681420800217893,0.1327103292672125
RandomForest,335219,4,1,False,36,2500,2,0.026484000001801178,0.08205515804431773
RandomForest,335219,4,1,False,36,2500,3,0.03955787500308361,0.11576676267969954
RandomForest,335219,4,1,False,36,2500,4,0.026745458999357652,0.11709907218724969
RandomForest,335219,4,1,False,36,2500,5,0.026954499997373205,0.12150090956411486
RandomForest,335219,4,1,False,36,5000,1,0.04785579199960921,0.1348716302689893
RandomForest,335219,4,1,False,36,5000,2,0.04774070800340269,0.1187291339461587
RandomForest,335219,4,1,False,36,5000,3,0.046207291998143774,0.105094934797203
RandomForest,335219,4,1,False,36,5000,4,0.047147334000328556,0.12820916263097482
RandomForest,335219,4,1,False,36,5000,5,0.047877333003270905,0.12797875131516645
RandomForest,335219,4,1,False,36,10000,1,0.07613666699762689,0.10954249567032881
RandomForest,335219,4,1,False,36,10000,2,0.0755910000007134,0.11838677898926153
RandomForest,335219,4,1,False,36,10000,3,0.07582445799926063,0.12766675056708587
RandomForest,335219,4,1,False,36,10000,4,0.07683245799853466,0.1173814081275738
RandomForest,335219,4,1,False,36,10000,5,0.07621804199879989,0.1333385084765356
RandomForest,335219,4,1,False,54,500,1,0.019681292003951967,0.22337663107071049
RandomForest,335219,4,1,False,54,500,2,0.020059125003172085,0.17599060588418525
RandomForest,335219,4,1,False,54,500,3,0.020684208000602666,0.1369522085474445
RandomForest,335219,4,1,False,54,500,4,0.020568208004988264,0.07627578838707727
RandomForest,335219,4,1,False,54,500,5,0.020796167002117727,0.24747387760011708
RandomForest,335219,4,1,False,54,1000,1,0.02281316700100433,0.07191994031517335
RandomForest,335219,4,1,False,54,1000,2,0.02261500000167871,0.13604846322429687
RandomForest,335219,4,1,False,54,1000,3,0.022699542001646478,0.13723759449012363
RandomForest,335219,4,1,False,54,1000,4,0.02267129200481577,0.18944060948332264
RandomForest,335219,4,1,False,54,1000,5,0.020282375000533648,0.16560380916657857
RandomForest,335219,4,1,False,54,2500,1,0.0400121249986114,0.18380142128202048
RandomForest,335219,4,1,False,54,2500,2,0.028653334004047792,0.18050538588684362
RandomForest,335219,4,1,False,54,2500,3,0.040039915998931974,0.15087808046380957
RandomForest,335219,4,1,False,54,2500,4,0.04116187500039814,0.17892640683102368
RandomForest,335219,4,1,False,54,2500,5,0.04199704100028612,0.1751131405191454
RandomForest,335219,4,1,False,54,5000,1,0.050139874998421874,0.1682914871747755
RandomForest,335219,4,1,False,54,5000,2,0.0508855419975589,0.16453823302656456
RandomForest,335219,4,1,False,54,5000,3,0.04879470800369745,0.07717589439454209
RandomForest,335219,4,1,False,54,5000,4,0.05053658399992855,0.18714392916611777
RandomForest,335219,4,1,False,54,5000,5,0.04913170800136868,0.17920409644672286
RandomForest,335219,4,1,False,54,10000,1,0.0912541659999988,0.1735364870946553
RandomForest,335219,4,1,False,54,10000,2,0.12298112500138814,0.17475334391753417
RandomForest,335219,4,1,False,54,10000,3,0.12587591700139455,0.18275794911731436
RandomForest,335219,4,1,False,54,10000,4,0.11752366599830566,0.1756913956812708
RandomForest,335219,4,1,False,54,10000,5,0.14563300000008894,0.18402935143320798
RandomForest,364769,6,6,True,18,500,1,0.03739020800276194,0.5977562407444399
RandomForest,364769,6,6,True,18,500,2,0.03435650000028545,0.5707802601325277
RandomForest,364769,6,6,True,18,500,3,0.024635875000967644,0.507588895341792
RandomForest,364769,6,6,True,18,500,4,0.033096874998591375,0.5493252631640739
RandomForest,364769,6,6,True,18,500,5,0.03384991599887144,0.5376256281752737
RandomForest,364769,6,6,True,18,1000,1,0.037080416004755534,0.5956691188601234
RandomForest,364769,6,6,True,18,1000,2,0.040459666000970174,0.5887255286652909
RandomForest,364769,6,6,True,18,1000,3,0.023818458001187537,0.5771510237910901
RandomForest,364769,6,6,True,18,1000,4,0.023906208996777423,0.556787682873013
RandomForest,364769,6,6,True,18,1000,5,0.021889333002036437,0.589247097928038
RandomForest,364769,6,6,True,18,2500,1,0.03648554100072943,0.5612901411521657
RandomForest,364769,6,6,True,18,2500,2,0.02680066700122552,0.5818814986301974
RandomForest,364769,6,6,True,18,2500,3,0.024497541999153327,0.5794623627803945
RandomForest,364769,6,6,True,18,2500,4,0.025280083995312452,0.5845345251600278
RandomForest,364769,6,6,True,18,2500,5,0.023507707999669947,0.5731883164988063
RandomForest,364769,6,6,True,18,5000,1,0.04510637500061421,0.5508946349704344
RandomForest,364769,6,6,True,18,5000,2,0.045028958003968,0.5634952463919278
RandomForest,364769,6,6,True,18,5000,3,0.045005707994278055,0.567765337183691
RandomForest,364769,6,6,True,18,5000,4,0.04500783399998909,0.5835836655478429
RandomForest,364769,6,6,True,18,5000,5,0.043008583001210354,0.5708284557222081
RandomForest,364769,6,6,True,18,10000,1,0.07141583300108323,0.5706064297705191
RandomForest,364769,6,6,True,18,10000,2,0.06979062499885913,0.5775117724368413
RandomForest,364769,6,6,True,18,10000,3,0.07072783399780747,0.5611861974185108
RandomForest,364769,6,6,True,18,10000,4,0.06843204200413311,0.5738329100238422
RandomForest,364769,6,6,True,18,10000,5,0.0703774590001558,0.5668182599446043
RandomForest,364769,6,6,True,36,500,1,0.02042454200272914,0.5952180655890581
RandomForest,364769,6,6,True,36,500,2,0.020772042000317015,0.5879506623141022
RandomForest,364769,6,6,True,36,500,3,0.02022220899380045,0.509511037971945
RandomForest,364769,6,6,True,36,500,4,0.02046925000468036,0.5803402959763272
RandomForest,364769,6,6,True,36,500,5,0.019875749996572267,0.5717123428325047
RandomForest,364769,6,6,True,36,1000,1,0.02179654200153891,0.5596674126390002
RandomForest,364769,6,6,True,36,1000,2,0.02177533299982315,0.5687358438419445
RandomForest,364769,6,6,True,36,1000,3,0.021724208003433887,0.5257601566959091
RandomForest,364769,6,6,True,36,1000,4,0.021941958002571482,0.564217334428424
RandomForest,364769,6,6,True,36,1000,5,0.020994708000216633,0.5767605069911776
RandomForest,364769,6,6,True,36,2500,1,0.026744292001239955,0.5352031586360093
RandomForest,364769,6,6,True,36,2500,2,0.02692387499700999,0.5463976881239706
RandomForest,364769,6,6,True,36,2500,3,0.025223709002602845,0.5561197355707896
RandomForest,364769,6,6,True,36,2500,4,0.026672166997741442,0.5629644121263567
RandomForest,364769,6,6,True,36,2500,5,0.025124416999460664,0.5533100080197811
RandomForest,364769,6,6,True,36,5000,1,0.046113999997032806,0.5549058041092443
RandomForest,364769,6,6,True,36,5000,2,0.04695545899448916,0.5606202579789882
RandomForest,364769,6,6,True,36,5000,3,0.04741124999418389,0.559643073602029
RandomForest,364769,6,6,True,36,5000,4,0.04686729099921649,0.5569340679816251
RandomForest,364769,6,6,True,36,5000,5,0.04653037499519996,0.5567920188468837
RandomForest,364769,6,6,True,36,10000,1,0.07537129200500203,0.5526870950857263
RandomForest,364769,6,6,True,36,10000,2,0.07438662500499049,0.5550764824171901
RandomForest,364769,6,6,True,36,10000,3,0.07465712499833899,0.5468338039693754
RandomForest,364769,6,6,True,36,10000,4,0.12954099999478785,0.5592640354275458
RandomForest,364769,6,6,True,36,10000,5,0.07439487500232644,0.5578223343764757
RandomForest,364769,6,6,True,54,500,1,0.018983791997015942,0.5588921363052168
RandomForest,364769,6,6,True,54,500,2,0.020832792004512157,0.5789211085091105
RandomForest,364769,6,6,True,54,500,3,0.020617959002265707,0.5607852532846961
RandomForest,364769,6,6,True,54,500,4,0.02070050000475021,0.5756909344988286
RandomForest,364769,6,6,True,54,500,5,0.02041362500312971,0.5415959081611819
RandomForest,364769,6,6,True,54,1000,1,0.02268283299781615,0.5898267301623586
RandomForest,364769,6,6,True,54,1000,2,0.02322291600285098,0.5330243826219179
RandomForest,364769,6,6,True,54,1000,3,0.02102483300404856,0.541679551836906
RandomForest,364769,6,6,True,54,1000,4,0.022586874998523854,0.4790730899446958
RandomForest,364769,6,6,True,54,1000,5,0.022555042000021785,0.5267331489391951
RandomForest,364769,6,6,True,54,2500,1,0.04100699999980861,0.5162164797016263
RandomForest,364769,6,6,True,54,2500,2,0.043975915999908466,0.5146623905608192
RandomForest,364769,6,6,True,54,2500,3,0.04397820799931651,0.5470557011540407
RandomForest,364769,6,6,True,54,2500,4,0.04046100000414299,0.5365134648765837
RandomForest,364769,6,6,True,54,2500,5,0.040118207994964905,0.526852927318043
RandomForest,364769,6,6,True,54,5000,1,0.04876937500375789,0.5281302517141835
RandomForest,364769,6,6,True,54,5000,2,0.05118679100269219,0.51866122031559
RandomForest,364769,6,6,True,54,5000,3,0.05051037500379607,0.5468889647733437
RandomForest,364769,6,6,True,54,5000,4,0.04604824999842094,0.5210730252649042
RandomForest,364769,6,6,True,54,5000,5,0.05120970900316024,0.5102314219291508
RandomForest,364769,6,6,True,54,10000,1,0.09601079200365348,0.5223831186119934
RandomForest,364769,6,6,True,54,10000,2,0.09461570799612673,0.5101850655290657
RandomForest,364769,6,6,True,54,10000,3,0.09253025000361959,0.5239503919832387
RandomForest,364769,6,6,True,54,10000,4,0.08259412500046892,0.5081264326074044
RandomForest,364769,6,6,True,54,10000,5,0.09306845900573535,0.5145233192874794
RandomForest,368080,6,6,True,18,500,1,0.01947841700166464,0.6002304650435101
RandomForest,368080,6,6,True,18,500,2,0.019495917003951035,0.5930162586762722
RandomForest,368080,6,6,True,18,500,3,0.017615750002732966,0.5563595940732609
RandomForest,368080,6,6,True,18,500,4,0.019407792002311908,0.6021303420983413
RandomForest,368080,6,6,True,18,500,5,0.019529666999005713,0.5758474900852846
RandomForest,368080,6,6,True,18,1000,1,0.021202042000368237,0.6158582285542205
RandomForest,368080,6,6,True,18,1000,2,0.0212244579961407,0.6075254326888457
RandomForest,368080,6,6,True,18,1000,3,0.021041749998403247,0.6099679639909157
RandomForest,368080,6,6,True,18,1000,4,0.02039087499724701,0.5873891659097976
RandomForest,368080,6,6,True,18,1000,5,0.020867582999926526,0.6142513314449659
RandomForest,368080,6,6,True,18,2500,1,0.023608791998412926,0.5917049136995657
RandomForest,368080,6,6,True,18,2500,2,0.03574945899890736,0.6074548805601498
RandomForest,368080,6,6,True,18,2500,3,0.025156209005217534,0.6057329411976524
RandomForest,368080,6,6,True,18,2500,4,0.024845083004038315,0.6080584498494863
RandomForest,368080,6,6,True,18,2500,5,0.025134083000011742,0.5986479979453974
RandomForest,368080,6,6,True,18,5000,1,0.044416124997951556,0.5845598747674644
RandomForest,368080,6,6,True,18,5000,2,0.044715333002386615,0.5918257545675374
RandomForest,368080,6,6,True,18,5000,3,0.04411391699977685,0.6020681103827714
RandomForest,368080,6,6,True,18,5000,4,0.04384104200289585,0.609871054069638
RandomForest,368080,6,6,True,18,5000,5,0.044906499999342486,0.5988458203852163
RandomForest,368080,6,6,True,18,10000,1,0.06969745799869997,0.6016807773416464
RandomForest,368080,6,6,True,18,10000,2,0.07084575000044424,0.6052126802185664
RandomForest,368080,6,6,True,18,10000,3,0.07137404199602315,0.5959231381927883
RandomForest,368080,6,6,True,18,10000,4,0.06968941699597053,0.6036720665103744
RandomForest,368080,6,6,True,18,10000,5,0.07123970900283894,0.596493669741705
RandomForest,368080,6,6,True,36,500,1,0.020374291998450644,0.5887033711681458
RandomForest,368080,6,6,True,36,500,2,0.019947416003560647,0.5813339480006662
RandomForest,368080,6,6,True,36,500,3,0.02038616599747911,0.5388901596775464
RandomForest,368080,6,6,True,36,500,4,0.020098749999306165,0.5952388161750177
RandomForest,368080,6,6,True,36,500,5,0.01990687500074273,0.5863284733282381
RandomForest,368080,6,6,True,36,1000,1,0.02173229199979687,0.5628183283488425
RandomForest,368080,6,6,True,36,1000,2,0.021866125003725756,0.563952954966854
RandomForest,368080,6,6,True,36,1000,3,0.01995599999645492,0.5255642534393936
RandomForest,368080,6,6,True,36,1000,4,0.02185858300072141,0.5622435961166986
RandomForest,368080,6,6,True,36,1000,5,0.019530375000613276,0.5875001157314047
RandomForest,368080,6,6,True,36,2500,1,0.02535587499733083,0.5589785145124045
RandomForest,368080,6,6,True,36,2500,2,0.026845166998100467,0.5445677102664874
RandomForest,368080,6,6,True,36,2500,3,0.02685041700169677,0.5553811410687839
RandomForest,368080,6,6,True,36,2500,4,0.039435250000678934,0.5827178722129573
RandomForest,368080,6,6,True,36,2500,5,0.039291916000365745,0.5720067852180024
RandomForest,368080,6,6,True,36,5000,1,0.044706624998070765,0.5709493266073488
RandomForest,368080,6,6,True,36,5000,2,0.047669999999925494,0.5743815908592734
RandomForest,368080,6,6,True,36,5000,3,0.047924792001140304,0.5773125400753389
RandomForest,368080,6,6,True,36,5000,4,0.04816233299789019,0.5753197739052403
RandomForest,368080,6,6,True,36,5000,5,0.046062958004768007,0.555351703969269
RandomForest,368080,6,6,True,36,10000,1,0.07542995899711968,0.5511638263977925
RandomForest,368080,6,6,True,36,10000,2,0.07655008399888175,0.5712069866321554
RandomForest,368080,6,6,True,36,10000,3,0.07718270800251048,0.5650129851831275
RandomForest,368080,6,6,True,36,10000,4,0.07467216599616222,0.5855853496641783
RandomForest,368080,6,6,True,36,10000,5,0.07496091700159013,0.5807610943494743
RandomForest,368080,6,6,True,54,500,1,0.02061695799784502,0.5578324045203653
RandomForest,368080,6,6,True,54,500,2,0.020184499997412786,0.5701808265315454
RandomForest,368080,6,6,True,54,500,3,0.01929050000035204,0.5474353694705746
RandomForest,368080,6,6,True,54,500,4,0.020731083997816313,0.567743052231881
RandomForest,368080,6,6,True,54,500,5,0.020692334001068957,0.5290430973327508
RandomForest,368080,6,6,True,54,1000,1,0.0243343750044005,0.5799153614313822
RandomForest,368080,6,6,True,54,1000,2,0.02051437499903841,0.5281930561639854
RandomForest,368080,6,6,True,54,1000,3,0.022785499997553416,0.5362451478472009
RandomForest,368080,6,6,True,54,1000,4,0.023296749997825827,0.48051112455753475
RandomForest,368080,6,6,True,54,1000,5,0.020517582997854333,0.515159501842788
RandomForest,368080,6,6,True,54,2500,1,0.0394384169994737,0.5147294394536058
RandomForest,368080,6,6,True,54,2500,2,0.04144320799969137,0.5133040821759887
RandomForest,368080,6,6,True,54,2500,3,0.042706874999566935,0.5452639108598658
RandomForest,368080,6,6,True,54,2500,4,0.04152029100077925,0.5336967100454723
RandomForest,368080,6,6,True,54,2500,5,0.04165433299931465,0.5258993515478136
RandomForest,368080,6,6,True,54,5000,1,0.0613729590040748,0.5241257627280438
RandomForest,368080,6,6,True,54,5000,2,0.05250016700301785,0.5174006721677802
RandomForest,368080,6,6,True,54,5000,3,0.051018167003348935,0.5466515180822248
RandomForest,368080,6,6,True,54,5000,4,0.04906741600279929,0.519795843231594
RandomForest,368080,6,6,True,54,5000,5,0.051342207996640354,0.5087550709108393
RandomForest,368080,6,6,True,54,10000,1,0.09233670800313121,0.5212629821570791
RandomForest,368080,6,6,True,54,10000,2,0.09507416700216709,0.5101920017251453
RandomForest,368080,6,6,True,54,10000,3,0.08330162499623839,0.5237628649709306
RandomForest,368080,6,6,True,54,10000,4,0.09248541700071655,0.5079334177307117
RandomForest,368080,6,6,True,54,10000,5,0.09495487499953015,0.513891156307563
RandomForest,370120,4,1,False,18,500,1,0.017728999999235384,0.26182206073319114
RandomForest,370120,4,1,False,18,500,2,0.01946058300381992,0.35664395528679227
RandomForest,370120,4,1,False,18,500,3,0.019358624995220453,0.37683319369771706
RandomForest,370120,4,1,False,18,500,4,0.018765250002616085,0.3333767499215067
RandomForest,370120,4,1,False,18,500,5,0.019423874997301027,0.2888775562877499
RandomForest,370120,4,1,False,18,1000,1,0.02095950000511948,0.29928803674957605
RandomForest,370120,4,1,False,18,1000,2,0.020977332998882048,0.28531324299276695
RandomForest,370120,4,1,False,18,1000,3,0.02100750000681728,0.3143478777725389
RandomForest,370120,4,1,False,18,1000,4,0.020757999998750165,0.32299787451621753
RandomForest,370120,4,1,False,18,1000,5,0.02071754200005671,0.3437835137934714
RandomForest,370120,4,1,False,18,2500,1,0.03664954200212378,0.2975124927375722
RandomForest,370120,4,1,False,18,2500,2,0.05078495900670532,0.32088465270554745
RandomForest,370120,4,1,False,18,2500,3,0.025131750000582542,0.33293391437144015
RandomForest,370120,4,1,False,18,2500,4,0.024617040995508432,0.3153180102614226
RandomForest,370120,4,1,False,18,2500,5,0.024599540993222035,0.32068267872967904
RandomForest,370120,4,1,False,18,5000,1,0.04297187500196742,0.314274623820583
RandomForest,370120,4,1,False,18,5000,2,0.04460570799710695,0.32139541860780385
RandomForest,370120,4,1,False,18,5000,3,0.04277995799930068,0.32307906355532334
RandomForest,370120,4,1,False,18,5000,4,0.04504462500335649,0.31883631334831664
RandomForest,370120,4,1,False,18,5000,5,0.043051041997387074,0.30183886415788763
RandomForest,370120,4,1,False,18,10000,1,0.06934224999713479,0.30873431120730066
RandomForest,370120,4,1,False,18,10000,2,0.0713382920002914,0.30958293728448816
RandomForest,370120,4,1,False,18,10000,3,0.0711960420012474,0.3080873828358014
RandomForest,370120,4,1,False,18,10000,4,0.07086291700397851,0.32244008815859226
RandomForest,370120,4,1,False,18,10000,5,0.07028841599822044,0.31473100253856356
RandomForest,370120,4,1,False,36,500,1,0.01818220799759729,0.3143373459764759
RandomForest,370120,4,1,False,36,500,2,0.018452208998496644,0.3026961478272622
RandomForest,370120,4,1,False,36,500,3,0.01992854099808028,0.3401998397011906
RandomForest,370120,4,1,False,36,500,4,0.019963208003900945,0.36434176044487765
RandomForest,370120,4,1,False,36,500,5,0.0200077500048792,0.3055147174312275
RandomForest,370120,4,1,False,36,1000,1,0.021592832999886014,0.31075254006634423
RandomForest,370120,4,1,False,36,1000,2,0.021863041001779493,0.3572663105902478
RandomForest,370120,4,1,False,36,1000,3,0.02207129199814517,0.3631613957092755
RandomForest,370120,4,1,False,36,1000,4,0.021335375000489876,0.31508164576776543
RandomForest,370120,4,1,False,36,1000,5,0.021524083997064736,0.3191333575337041
RandomForest,370120,4,1,False,36,2500,1,0.0273027080038446,0.31865354286163317
RandomForest,370120,4,1,False,36,2500,2,0.02652045799914049,0.32844333868300213
RandomForest,370120,4,1,False,36,2500,3,0.036710125001263805,0.3222658391152494
RandomForest,370120,4,1,False,36,2500,4,0.03823758300131885,0.343121498946959
RandomForest,370120,4,1,False,36,2500,5,0.03932262499438366,0.33125730442730805
RandomForest,370120,4,1,False,36,5000,1,0.04745691699645249,0.3493552575394455
RandomForest,370120,4,1,False,36,5000,2,0.04789549999986775,0.32223080458904607
RandomForest,370120,4,1,False,36,5000,3,0.046129125003062654,0.32558254771927897
RandomForest,370120,4,1,False,36,5000,4,0.047034750001330394,0.32288347617270563
RandomForest,370120,4,1,False,36,5000,5,0.047040375000506174,0.3308924380571957
RandomForest,370120,4,1,False,36,10000,1,0.07334195799921872,0.32299316223833974
RandomForest,370120,4,1,False,36,10000,2,0.08556562499870779,0.3335366374646319
RandomForest,370120,4,1,False,36,10000,3,0.07332099999621278,0.33102117499878736
RandomForest,370120,4,1,False,36,10000,4,0.0763356660027057,0.32630622647049135
RandomForest,370120,4,1,False,36,10000,5,0.07295000000158325,0.3248090550036834
RandomForest,370120,4,1,False,54,500,1,0.020553249996737577,0.2875874756520025
RandomForest,370120,4,1,False,54,500,2,0.020868166000582278,0.31837570639572377
RandomForest,370120,4,1,False,54,500,3,0.019950875001086388,0.333074708105071
RandomForest,370120,4,1,False,54,500,4,0.020872499997494742,0.3170630062538745
RandomForest,370120,4,1,False,54,500,5,0.02072141700045904,0.23331034512962334
RandomForest,370120,4,1,False,54,1000,1,0.021434832997329067,0.29298629279531496
RandomForest,370120,4,1,False,54,1000,2,0.022699624998494983,0.30003726309343515
RandomForest,370120,4,1,False,54,1000,3,0.02179595900088316,0.35461425419502146
RandomForest,370120,4,1,False,54,1000,4,0.023063832995831035,0.268542557132763
RandomForest,370120,4,1,False,54,1000,5,0.02266133399825776,0.3027868977909699
RandomForest,370120,4,1,False,54,2500,1,0.041259083001932595,0.32669267367587307
RandomForest,370120,4,1,False,54,2500,2,0.04101729200192494,0.3132143114447594
RandomForest,370120,4,1,False,54,2500,3,0.041752124998311047,0.33061603652017435
RandomForest,370120,4,1,False,54,2500,4,0.028577874996699393,0.3252240900527167
RandomForest,370120,4,1,False,54,2500,5,0.04144770900165895,0.28572724350052403
RandomForest,370120,4,1,False,54,5000,1,0.04998491600417765,0.3063317918117636
RandomForest,370120,4,1,False,54,5000,2,0.04849362500681309,0.2994338757646312
RandomForest,370120,4,1,False,54,5000,3,0.05079354099871125,0.31969518906413086
RandomForest,370120,4,1,False,54,5000,4,0.0501308329985477,0.32087270183522465
RandomForest,370120,4,1,False,54,5000,5,0.04925020899827359,0.32229747004401466
RandomForest,370120,4,1,False,54,10000,1,0.09278116700443206,0.3131248396620103
RandomForest,370120,4,1,False,54,10000,2,0.09241649999603396,0.31597953457473205
RandomForest,370120,4,1,False,54,10000,3,0.08124916700035101,0.32498359614843286
RandomForest,370120,4,1,False,54,10000,4,0.08225695800501853,0.32583622152503
RandomForest,370120,4,1,False,54,10000,5,0.09144587499758927,0.30573766693097393
RandomForest,398913,0,0,True,18,500,1,0.0198221660029958,0.2093659316734242
RandomForest,398913,0,0,True,18,500,2,0.0193954579954152,0.23484612989209608
RandomForest,398913,0,0,True,18,500,3,0.019345084001543,0.22449722773771374
RandomForest,398913,0,0,True,18,500,4,0.017272125005547423,0.22783613713970097
RandomForest,398913,0,0,True,18,500,5,0.019361791004484985,0.25923100330806415
RandomForest,398913,0,0,True,18,1000,1,0.020971041994926054,0.2488537015255362
RandomForest,398913,0,0,True,18,1000,2,0.021507958001166116,0.19477877247536568
RandomForest,398913,0,0,True,18,1000,3,0.02067325000098208,0.24240264259849453
RandomForest,398913,0,0,True,18,1000,4,0.02083841699641198,0.23524248826587868
RandomForest,398913,0,0,True,18,1000,5,0.02093004200287396,0.23069055071973954
RandomForest,398913,0,0,True,18,2500,1,0.0253045839999686,0.21558408725343658
RandomForest,398913,0,0,True,18,2500,2,0.025201958997058682,0.20137738548748296
RandomForest,398913,0,0,True,18,2500,3,0.024606874998426065,0.23515047866332384
RandomForest,398913,0,0,True,18,2500,4,0.02505504099826794,0.22390811920414688
RandomForest,398913,0,0,True,18,2500,5,0.025219625000318047,0.20761872525965286
RandomForest,398913,0,0,True,18,5000,1,0.04492904200014891,0.21873116574783436
RandomForest,398913,0,0,True,18,5000,2,0.04304799999954412,0.20888176036187744
RandomForest,398913,0,0,True,18,5000,3,0.04273533399828011,0.21418473444419706
RandomForest,398913,0,0,True,18,5000,4,0.043344750003598165,0.22920494639038802
RandomForest,398913,0,0,True,18,5000,5,0.04467404100432759,0.21986761719901482
RandomForest,398913,0,0,True,18,10000,1,0.07167058300547069,0.22819669731233505
RandomForest,398913,0,0,True,18,10000,2,0.07041537500481354,0.21209054052238008
RandomForest,398913,0,0,True,18,10000,3,0.07080204199883156,0.20848964153281202
RandomForest,398913,0,0,True,18,10000,4,0.07143899999937275,0.22101266597338254
RandomForest,398913,0,0,True,18,10000,5,0.06961070800025482,0.22838787727035204
RandomForest,398913,0,0,True,36,500,1,0.01866899999731686,0.23647280435913576
RandomForest,398913,0,0,True,36,500,2,0.020151917000475805,0.24639206515412693
RandomForest,398913,0,0,True,36,500,3,0.019331708004756365,0.22237518334371398
RandomForest,398913,0,0,True,36,500,4,0.020069875004992355,0.23180252022733683
RandomForest,398913,0,0,True,36,500,5,0.020130834003794007,0.2299556155793886
RandomForest,398913,0,0,True,36,1000,1,0.019858416002534796,0.26989764280444983
RandomForest,398913,0,0,True,36,1000,2,0.021855917002540082,0.24596632718525413
RandomForest,398913,0,0,True,36,1000,3,0.021734166002715938,0.2591342314530626
RandomForest,398913,0,0,True,36,1000,4,0.02178129199455725,0.22563168013007273
RandomForest,398913,0,0,True,36,1000,5,0.021900957995967474,0.24231396772352864
RandomForest,398913,0,0,True,36,2500,1,0.026992790997610427,0.23286364623746936
RandomForest,398913,0,0,True,36,2500,2,0.026808540998899844,0.18758454242913858
RandomForest,398913,0,0,True,36,2500,3,0.026499958003114443,0.18484609597742907
RandomForest,398913,0,0,True,36,2500,4,0.027023208000173327,0.2474440369368207
RandomForest,398913,0,0,True,36,2500,5,0.026606166000419762,0.2292022762958782
RandomForest,398913,0,0,True,36,5000,1,0.047529208997730166,0.24514317602605173
RandomForest,398913,0,0,True,36,5000,2,0.04597500000090804,0.20973022511147865
RandomForest,398913,0,0,True,36,5000,3,0.04770512499817414,0.22578741249985934
RandomForest,398913,0,0,True,36,5000,4,0.04543099999864353,0.21954488168397157
RandomForest,398913,0,0,True,36,5000,5,0.04749625000113156,0.23018696195671007
RandomForest,398913,0,0,True,36,10000,1,0.07573054199747276,0.23022663135090038
RandomForest,398913,0,0,True,36,10000,2,0.07663825000054203,0.21387345483532771
RandomForest,398913,0,0,True,36,10000,3,0.075811208000232,0.2259130688651534
RandomForest,398913,0,0,True,36,10000,4,0.07618958300008671,0.21842784442469976
RandomForest,398913,0,0,True,36,10000,5,0.1393523329970776,0.2260848169356413
RandomForest,398913,0,0,True,54,500,1,0.02053229099692544,0.23554155175376845
RandomForest,398913,0,0,True,54,500,2,0.020694749997346662,0.25284114947009695
RandomForest,398913,0,0,True,54,500,3,0.021126749998074956,0.2630619487778961
RandomForest,398913,0,0,True,54,500,4,0.02054070799931651,0.2283982849411339
RandomForest,398913,0,0,True,54,500,5,0.020575209004164208,0.2853859900993049
RandomForest,398913,0,0,True,54,1000,1,0.022805458000220824,0.2500158778051399
RandomForest,398913,0,0,True,54,1000,2,0.022595082999032456,0.20245625124416944
RandomForest,398913,0,0,True,54,1000,3,0.02285820900578983,0.27481482510202593
RandomForest,398913,0,0,True,54,1000,4,0.022766916998079978,0.22790090937521668
RandomForest,398913,0,0,True,54,1000,5,0.022700875000737142,0.23126972474993457
RandomForest,398913,0,0,True,54,2500,1,0.04156308399979025,0.24005151616257459
RandomForest,398913,0,0,True,54,2500,2,0.0411450000028708,0.20666933456240955
RandomForest,398913,0,0,True,54,2500,3,0.04039954199834028,0.22203431495793413
RandomForest,398913,0,0,True,54,2500,4,0.04096841599675827,0.2665627956247365
RandomForest,398913,0,0,True,54,2500,5,0.04044029099895852,0.19795080200256077
RandomForest,398913,0,0,True,54,5000,1,0.08165112499409588,0.2457551327679507
RandomForest,398913,0,0,True,54,5000,2,0.05803304199798731,0.2683906623908586
RandomForest,398913,0,0,True,54,5000,3,0.049331832997268066,0.22942755465710263
RandomForest,398913,0,0,True,54,5000,4,0.049757625005440786,0.2473044941428263
RandomForest,398913,0,0,True,54,5000,5,0.04976691699994262,0.24787964582958066
RandomForest,398913,0,0,True,54,10000,1,0.0928976249997504,0.27212876097731964
RandomForest,398913,0,0,True,54,10000,2,0.09375545800139662,0.22901255078864768
RandomForest,398913,0,0,True,54,10000,3,0.08229887500056066,0.25932517498096364
RandomForest,398913,0,0,True,54,10000,4,0.09310054199886508,0.24872815544776417
RandomForest,398913,0,0,True,54,10000,5,0.09286004200112075,0.24867968107390748
RandomForest,426277,1,1,True,18,500,1,0.019819166998786386,0.2900496552116324
RandomForest,426277,1,1,True,18,500,2,0.01956895799958147,0.3460926356855256
RandomForest,426277,1,1,True,18,500,3,0.019717666997166816,0.3574592033972308
RandomForest,426277,1,1,True,18,500,4,0.019432458000665065,0.32772731671716426
RandomForest,426277,1,1,True,18,500,5,0.019615375000284985,0.3180761708860249
RandomForest,426277,1,1,True,18,1000,1,0.019727957995200995,0.3210398786921064
RandomForest,426277,1,1,True,18,1000,2,0.02101379200030351,0.3112068218726791
RandomForest,426277,1,1,True,18,1000,3,0.020910332998028025,0.34273130967429966
RandomForest,426277,1,1,True,18,1000,4,0.02096720899862703,0.3357224689665568
RandomForest,426277,1,1,True,18,1000,5,0.02044654199562501,0.33002084151428634
RandomForest,426277,1,1,True,18,2500,1,0.02493441700062249,0.31690195209813266
RandomForest,426277,1,1,True,18,2500,2,0.025197083996317815,0.3303371128159388
RandomForest,426277,1,1,True,18,2500,3,0.02566050000314135,0.3421882804996911
RandomForest,426277,1,1,True,18,2500,4,0.02541404200019315,0.3266268413762783
RandomForest,426277,1,1,True,18,2500,5,0.024914208996051457,0.34816487276329766
RandomForest,426277,1,1,True,18,5000,1,0.0417760830023326,0.31360548397516486
RandomForest,426277,1,1,True,18,5000,2,0.04454954200627981,0.3309486920820819
RandomForest,426277,1,1,True,18,5000,3,0.04439658400224289,0.3459685347972591
RandomForest,426277,1,1,True,18,5000,4,0.04488637499889592,0.33690283474400773
RandomForest,426277,1,1,True,18,5000,5,0.043968833997496404,0.3117609717597358
RandomForest,426277,1,1,True,18,10000,1,0.07117224999819882,0.3201003532831408
RandomForest,426277,1,1,True,18,10000,2,0.06897970799764153,0.326504229041352
RandomForest,426277,1,1,True,18,10000,3,0.07139783399907174,0.3209445107266925
RandomForest,426277,1,1,True,18,10000,4,0.07152008399862098,0.3297834442484726
RandomForest,426277,1,1,True,18,10000,5,0.0716808340002899,0.3194141864668627
RandomForest,426277,1,1,True,36,500,1,0.020404666996910237,0.3398215897173704
RandomForest,426277,1,1,True,36,500,2,0.020427875002496876,0.2982217139459502
RandomForest,426277,1,1,True,36,500,3,0.017776749999029562,0.3695748210330766
RandomForest,426277,1,1,True,36,500,4,0.018237208998471033,0.36684556431449955
RandomForest,426277,1,1,True,36,500,5,0.020446292000997346,0.31148656561849397
RandomForest,426277,1,1,True,36,1000,1,0.020733333003590815,0.2862975675085673
RandomForest,426277,1,1,True,36,1000,2,0.020833458998822607,0.34076175920970786
RandomForest,426277,1,1,True,36,1000,3,0.020191584000713192,0.3645819508487873
RandomForest,426277,1,1,True,36,1000,4,0.021289249998517334,0.3324709543367551
RandomForest,426277,1,1,True,36,1000,5,0.02198225000029197,0.33493142344821636
RandomForest,426277,1,1,True,36,2500,1,0.026366332996985875,0.33003302974358906
RandomForest,426277,1,1,True,36,2500,2,0.026111375002074055,0.3392315196077156
RandomForest,426277,1,1,True,36,2500,3,0.037173874996369705,0.3151371426708097
RandomForest,426277,1,1,True,36,2500,4,0.027196290997380856,0.3514380426063817
RandomForest,426277,1,1,True,36,2500,5,0.026759208005387336,0.3395649980725345
RandomForest,426277,1,1,True,36,5000,1,0.046690666997164954,0.34254187833400407
RandomForest,426277,1,1,True,36,5000,2,0.047806833004869986,0.3309222578422272
RandomForest,426277,1,1,True,36,5000,3,0.04819862500153249,0.32704671246401507
RandomForest,426277,1,1,True,36,5000,4,0.04645320800045738,0.3258276136941226
RandomForest,426277,1,1,True,36,5000,5,0.047530292002193164,0.3374644272909043
RandomForest,426277,1,1,True,36,10000,1,0.07602420799958054,0.3238323344150924
RandomForest,426277,1,1,True,36,10000,2,0.07545158400171204,0.3407997216903945
RandomForest,426277,1,1,True,36,10000,3,0.07450058399990667,0.34485389318706183
RandomForest,426277,1,1,True,36,10000,4,0.07341708299645688,0.3374010560898498
RandomForest,426277,1,1,True,36,10000,5,0.0764750410016859,0.3311797793707699
RandomForest,426277,1,1,True,54,500,1,0.0210909579982399,0.2791112131427861
RandomForest,426277,1,1,True,54,500,2,0.020852374997048173,0.31994395041642787
RandomForest,426277,1,1,True,54,500,3,0.020872166998742614,0.33356644690615034
RandomForest,426277,1,1,True,54,500,4,0.020804791995033156,0.31790722316362885
RandomForest,426277,1,1,True,54,500,5,0.020833916998526547,0.23795889379462587
RandomForest,426277,1,1,True,54,1000,1,0.02264666699920781,0.2988501918345231
RandomForest,426277,1,1,True,54,1000,2,0.022726082999724895,0.30226953001760504
RandomForest,426277,1,1,True,54,1000,3,0.020933874999172986,0.3556979366106605
RandomForest,426277,1,1,True,54,1000,4,0.02269654200063087,0.26951813791223966
RandomForest,426277,1,1,True,54,1000,5,0.021400584002549294,0.29834338599329635
RandomForest,426277,1,1,True,54,2500,1,0.040750167005171534,0.32089705687413383
RandomForest,426277,1,1,True,54,2500,2,0.02848729200195521,0.31401086428046676
RandomForest,426277,1,1,True,54,2500,3,0.03913995800394332,0.3315993384757574
RandomForest,426277,1,1,True,54,2500,4,0.04141962499852525,0.3246945044471452
RandomForest,426277,1,1,True,54,2500,5,0.041263917002652306,0.28758544191747626
RandomForest,426277,1,1,True,54,5000,1,0.050772750000760425,0.3071450387347352
RandomForest,426277,1,1,True,54,5000,2,0.051080749995890073,0.29879006159521626
RandomForest,426277,1,1,True,54,5000,3,0.0507606660030433,0.31976050165751946
RandomForest,426277,1,1,True,54,5000,4,0.050541040996904485,0.3210006729073005
RandomForest,426277,1,1,True,54,5000,5,0.05012962500040885,0.322088514544278
RandomForest,426277,1,1,True,54,10000,1,0.09227141700102948,0.3134277833881868
RandomForest,426277,1,1,True,54,10000,2,0.08095550000143703,0.3161206785255979
RandomForest,426277,1,1,True,54,10000,3,0.1409527910000179,0.32495456319587157
RandomForest,426277,1,1,True,54,10000,4,0.09076666699547786,0.32809777397271345
RandomForest,426277,1,1,True,54,10000,5,0.09432641600142233,0.309758680770833
RandomForest,426841,4,1,False,18,500,1,0.019730291998712346,0.13994003880108985
RandomForest,426841,4,1,False,18,500,2,0.019568582996726036,0.08258758412135259
RandomForest,426841,4,1,False,18,500,3,0.019608374997915234,0.14000818505562318
RandomForest,426841,4,1,False,18,500,4,0.01896962499449728,0.13523142363823182
RandomForest,426841,4,1,False,18,500,5,0.019424500002060086,0.08789502972865815
RandomForest,426841,4,1,False,18,1000,1,0.020846874998824205,0.10973347423065072
RandomForest,426841,4,1,False,18,1000,2,0.02107162500033155,0.08119606964136705
RandomForest,426841,4,1,False,18,1000,3,0.02060195800004294,0.13269692062795502
RandomForest,426841,4,1,False,18,1000,4,0.020897124995826744,0.10319789132171697
RandomForest,426841,4,1,False,18,1000,5,0.01901749999524327,0.10875855618902897
RandomForest,426841,4,1,False,18,2500,1,0.036674250004580244,0.10485080411820968
RandomForest,426841,4,1,False,18,2500,2,0.025490375002846122,0.1109800675752024
RandomForest,426841,4,1,False,18,2500,3,0.025642957996751647,0.11073757183953892
RandomForest,426841,4,1,False,18,2500,4,0.02556154199555749,0.09150741152808772
RandomForest,426841,4,1,False,18,2500,5,0.02397075000044424,0.09843990151035154
RandomForest,426841,4,1,False,18,5000,1,0.041391499995370395,0.09065772643595238
RandomForest,426841,4,1,False,18,5000,2,0.04529933300364064,0.099187114862203
RandomForest,426841,4,1,False,18,5000,3,0.04291887499857694,0.11091797907550671
RandomForest,426841,4,1,False,18,5000,4,0.04465366699878359,0.10545006163508774
RandomForest,426841,4,1,False,18,5000,5,0.04470074999699136,0.11500690555252413
RandomForest,426841,4,1,False,18,10000,1,0.0705121249993681,0.10372959015180849
RandomForest,426841,4,1,False,18,10000,2,0.06884575000003679,0.10017583920434758
RandomForest,426841,4,1,False,18,10000,3,0.07051995900110342,0.09446377207742129
RandomForest,426841,4,1,False,18,10000,4,0.0708849580041715,0.10238646240276472
RandomForest,426841,4,1,False,18,10000,5,0.07106741700408747,0.11222814618108679
RandomForest,426841,4,1,False,36,500,1,0.019074083997111302,0.19862908618209574
RandomForest,426841,4,1,False,36,500,2,0.01991445800376823,0.15870543996180864
RandomForest,426841,4,1,False,36,500,3,0.01867974999913713,0.15587617964137535
RandomForest,426841,4,1,False,36,500,4,0.020040875002450775,0.2105491684815053
RandomForest,426841,4,1,False,36,500,5,0.02006766699923901,0.17586386434267542
RandomForest,426841,4,1,False,36,1000,1,0.0218790419967263,0.10586518667684097
RandomForest,426841,4,1,False,36,1000,2,0.02208341599907726,0.15878921477247676
RandomForest,426841,4,1,False,36,1000,3,0.021686708001652732,0.17503954917271847
RandomForest,426841,4,1,False,36,1000,4,0.02182945900131017,0.10253072360498261
RandomForest,426841,4,1,False,36,1000,5,0.021802082999784034,0.14259089460255792
RandomForest,426841,4,1,False,36,2500,1,0.025812457999563776,0.1453799761324729
RandomForest,426841,4,1,False,36,2500,2,0.02606870800082106,0.11359376842176827
RandomForest,426841,4,1,False,36,2500,3,0.02746595800272189,0.13317000017566472
RandomForest,426841,4,1,False,36,2500,4,0.03994000000238884,0.14376195761440613
RandomForest,426841,4,1,False,36,2500,5,0.026863541999773588,0.1489224289766733
RandomForest,426841,4,1,False,36,5000,1,0.044880917004775256,0.15389056593075845
RandomForest,426841,4,1,False,36,5000,2,0.04725820899329847,0.12980573075901014
RandomForest,426841,4,1,False,36,5000,3,0.047895583003992215,0.12151860494786959
RandomForest,426841,4,1,False,36,5000,4,0.04580250000435626,0.14600900576225284
RandomForest,426841,4,1,False,36,5000,5,0.04786758300178917,0.13542842943814748
RandomForest,426841,4,1,False,36,10000,1,0.07459116699465085,0.12421957320550325
RandomForest,426841,4,1,False,36,10000,2,0.07666891700500855,0.13233805583786018
RandomForest,426841,4,1,False,36,10000,3,0.07432595799764385,0.13207559643269207
RandomForest,426841,4,1,False,36,10000,4,0.07417029199859826,0.1347096265366038
RandomForest,426841,4,1,False,36,10000,5,0.07226429099682719,0.1562341903184401
RandomForest,426841,4,1,False,54,500,1,0.02068683299876284,0.20995730071564467
RandomForest,426841,4,1,False,54,500,2,0.02091133299836656,0.17980899753998947
RandomForest,426841,4,1,False,54,500,3,0.020949042002030183,0.08519218127192896
RandomForest,426841,4,1,False,54,500,4,0.02073374999599764,0.07639183096388202
RandomForest,426841,4,1,False,54,500,5,0.020776124998519663,0.25307685868864305
RandomForest,426841,4,1,False,54,1000,1,0.02183566599705955,0.093610033393148
RandomForest,426841,4,1,False,54,1000,2,0.022602709002967458,0.13817177659452595
RandomForest,426841,4,1,False,54,1000,3,0.022653541003819555,0.12458369141488002
RandomForest,426841,4,1,False,54,1000,4,0.02268995800113771,0.19064286378090833
RandomForest,426841,4,1,False,54,1000,5,0.022630750005191658,0.1687041731814627
RandomForest,426841,4,1,False,54,2500,1,0.04084304199932376,0.18511531315147345
RandomForest,426841,4,1,False,54,2500,2,0.04108154099958483,0.18164360348954245
RandomForest,426841,4,1,False,54,2500,3,0.041882167002768256,0.15222116680059627
RandomForest,426841,4,1,False,54,2500,4,0.040914834004070144,0.1797570639468684
RandomForest,426841,4,1,False,54,2500,5,0.04130158299813047,0.17430932518108744
RandomForest,426841,4,1,False,54,5000,1,0.04799316699791234,0.1682510336646169
RandomForest,426841,4,1,False,54,5000,2,0.04838179199578008,0.16521631232196543
RandomForest,426841,4,1,False,54,5000,3,0.05068883399508195,0.09561021491589095
RandomForest,426841,4,1,False,54,5000,4,0.04670787500072038,0.18840243453035355
RandomForest,426841,4,1,False,54,5000,5,0.04685937500471482,0.18208781489503978
RandomForest,426841,4,1,False,54,10000,1,0.09019329200236825,0.17646940365177144
RandomForest,426841,4,1,False,54,10000,2,0.0814035840012366,0.17537812351317084
RandomForest,426841,4,1,False,54,10000,3,0.08118395800556755,0.18323700577605384
RandomForest,426841,4,1,False,54,10000,4,0.09194750000460772,0.17602696886245073
RandomForest,426841,4,1,False,54,10000,5,0.08166162500128848,0.18485429977534673
RandomForest,561670,0,0,True,18,500,1,0.019855166996421758,0.1731817587421769
RandomForest,561670,0,0,True,18,500,2,0.019452874999842606,0.22864573603793215
RandomForest,561670,0,0,True,18,500,3,0.0195856670034118,0.23137581060873158
RandomForest,561670,0,0,True,18,500,4,0.019319375001941808,0.20423483778387586
RandomForest,561670,0,0,True,18,500,5,0.019539166998583823,0.2119162163853242
RandomForest,561670,0,0,True,18,1000,1,0.02110079200065229,0.22649306233448707
RandomForest,561670,0,0,True,18,1000,2,0.01890866699977778,0.17298839581368464
RandomForest,561670,0,0,True,18,1000,3,0.020807417000469286,0.21374897863977338
RandomForest,561670,0,0,True,18,1000,4,0.020897665999655146,0.19936747122662013
RandomForest,561670,0,0,True,18,1000,5,0.02094004199898336,0.2068976809166584
RandomForest,561670,0,0,True,18,2500,1,0.025313874997664243,0.18958069017108536
RandomForest,561670,0,0,True,18,2500,2,0.02315312499558786,0.17096137494761243
RandomForest,561670,0,0,True,18,2500,3,0.025127667002379894,0.19840092407924492
RandomForest,561670,0,0,True,18,2500,4,0.02518433299701428,0.19129971725540496
RandomForest,561670,0,0,True,18,2500,5,0.025268334000429604,0.1870971838353933
RandomForest,561670,0,0,True,18,5000,1,0.044533542000863235,0.16812826839267736
RandomForest,561670,0,0,True,18,5000,2,0.044741082994733006,0.17566934585988492
RandomForest,561670,0,0,True,18,5000,3,0.044128125002316665,0.18113997806748727
RandomForest,561670,0,0,True,18,5000,4,0.04470574999868404,0.1818713878492173
RandomForest,561670,0,0,True,18,5000,5,0.043916709000768606,0.18984185252199037
RandomForest,561670,0,0,True,18,10000,1,0.06917012499616249,0.19003751582879347
RandomForest,561670,0,0,True,18,10000,2,0.12878762500622543,0.1787930781722542
RandomForest,561670,0,0,True,18,10000,3,0.0822619999962626,0.17984936981731192
RandomForest,561670,0,0,True,18,10000,4,0.07799183300085133,0.18471670206107282
RandomForest,561670,0,0,True,18,10000,5,0.0759340830045403,0.18920253535697418
RandomForest,561670,0,0,True,36,500,1,0.02094750000105705,0.3250029186394915
RandomForest,561670,0,0,True,36,500,2,0.020146875001955777,0.34391691470332086
RandomForest,561670,0,0,True,36,500,3,0.01999233300011838,0.32460809799450774
RandomForest,561670,0,0,True,36,500,4,0.02013029099907726,0.320200868013913
RandomForest,561670,0,0,True,36,500,5,0.02009399999951711,0.2895602244257096
RandomForest,561670,0,0,True,36,1000,1,0.021865542003070004,0.32060229331856804
RandomForest,561670,0,0,True,36,1000,2,0.021789582999190316,0.31796010040185796
RandomForest,561670,0,0,True,36,1000,3,0.02189320800243877,0.32343180097948376
RandomForest,561670,0,0,True,36,1000,4,0.021733292000135407,0.287626712757418
RandomForest,561670,0,0,True,36,1000,5,0.02190491699730046,0.31738647635006034
RandomForest,561670,0,0,True,36,2500,1,0.02698104099545162,0.2907467874159717
RandomForest,561670,0,0,True,36,2500,2,0.026989291996869724,0.26089128265403316
RandomForest,561670,0,0,True,36,2500,3,0.026749833996291272,0.2353962735213665
RandomForest,561670,0,0,True,36,2500,4,0.027030208002543077,0.3105483197897747
RandomForest,561670,0,0,True,36,2500,5,0.026751499994134065,0.2974790736965546
RandomForest,561670,0,0,True,36,5000,1,0.04540758299845038,0.29866281118266846
RandomForest,561670,0,0,True,36,5000,2,0.048066083996673115,0.2914728494890556
RandomForest,561670,0,0,True,36,5000,3,0.04592091700033052,0.28579040096525377
RandomForest,561670,0,0,True,36,5000,4,0.047437500004889444,0.282162781908604
RandomForest,561670,0,0,True,36,5000,5,0.048004917000071146,0.2913939079915071
RandomForest,561670,0,0,True,36,10000,1,0.07312137499684468,0.28617940787143836
RandomForest,561670,0,0,True,36,10000,2,0.07672879200254101,0.278498312000905
RandomForest,561670,0,0,True,36,10000,3,0.07628324999677716,0.29176334753565114
RandomForest,561670,0,0,True,36,10000,4,0.07395358299982036,0.28390848462698726
RandomForest,561670,0,0,True,36,10000,5,0.07453270899713971,0.28615744961398915
RandomForest,561670,0,0,True,54,500,1,0.02024420899397228,0.22594029452538822
RandomForest,561670,0,0,True,54,500,2,0.01863216600031592,0.24660123357875763
RandomForest,561670,0,0,True,54,500,3,0.020773791999090463,0.25079806821734874
RandomForest,561670,0,0,True,54,500,4,0.02073158299754141,0.23176157689464283
RandomForest,561670,0,0,True,54,500,5,0.020983417001843918,0.27225553309980643
RandomForest,561670,0,0,True,54,1000,1,0.02257225000357721,0.2515906630597804
RandomForest,561670,0,0,True,54,1000,2,0.021672374998161104,0.20400469875585958
RandomForest,561670,0,0,True,54,1000,3,0.021572416997514665,0.2726089747879814
RandomForest,561670,0,0,True,54,1000,4,0.022473625002021436,0.23225958516482936
RandomForest,561670,0,0,True,54,1000,5,0.022618625000177417,0.23243748709207324
RandomForest,561670,0,0,True,54,2500,1,0.03884691699931864,0.2503045095832074
RandomForest,561670,0,0,True,54,2500,2,0.041040999996766914,0.2085405433411135
RandomForest,561670,0,0,True,54,2500,3,0.04135083300207043,0.22311043196039937
RandomForest,561670,0,0,True,54,2500,4,0.04022791700117523,0.25561214108058017
RandomForest,561670,0,0,True,54,2500,5,0.0403663749966654,0.19962473584970997
RandomForest,561670,0,0,True,54,5000,1,0.04835337500117021,0.24591879287013052
RandomForest,561670,0,0,True,54,5000,2,0.049585958004172426,0.25224771274291546
RandomForest,561670,0,0,True,54,5000,3,0.05028454199782573,0.229847474662231
RandomForest,561670,0,0,True,54,5000,4,0.050668708005105145,0.2481177785398042
RandomForest,561670,0,0,True,54,5000,5,0.04870120799751021,0.24894040493440173
RandomForest,561670,0,0,True,54,10000,1,0.09030887499829987,0.28707875107606085
RandomForest,561670,0,0,True,54,10000,2,0.0939654169997084,0.2291925246982367
RandomForest,561670,0,0,True,54,10000,3,0.09299112499866169,0.25992094063998594
RandomForest,561670,0,0,True,54,10000,4,0.08210341700032586,0.2475387598976011
RandomForest,561670,0,0,True,54,10000,5,0.09355837500334019,0.26580872872851613
RandomForest,575655,5,2,False,18,500,1,0.019530375000613276,0.3688474017145442
RandomForest,575655,5,2,False,18,500,2,0.018233250004414003,0.38347838351426833
RandomForest,575655,5,2,False,18,500,3,0.019461333002254833,0.40418717261838255
RandomForest,575655,5,2,False,18,500,4,0.019715290996828116,0.3655882856336876
RandomForest,575655,5,2,False,18,500,5,0.019645459004095756,0.4233043732268227
RandomForest,575655,5,2,False,18,1000,1,0.020995625003706664,0.42150509632814126
RandomForest,575655,5,2,False,18,1000,2,0.018445333000272512,0.3482451751695653
RandomForest,575655,5,2,False,18,1000,3,0.02097045799746411,0.38010512611619307
RandomForest,575655,5,2,False,18,1000,4,0.020907999998598825,0.38392438107599913
RandomForest,575655,5,2,False,18,1000,5,0.020439041996723972,0.4630939437152961
RandomForest,575655,5,2,False,18,2500,1,0.023315000005823094,0.3773436757855143
RandomForest,575655,5,2,False,18,2500,2,0.025248082994949073,0.3903000867187745
RandomForest,575655,5,2,False,18,2500,3,0.0252617910009576,0.38700342856826275
RandomForest,575655,5,2,False,18,2500,4,0.023408416003803723,0.38934310763773483
RandomForest,575655,5,2,False,18,2500,5,0.023176166992925573,0.3957159011919258
RandomForest,575655,5,2,False,18,5000,1,0.04497004199947696,0.3715955752769048
RandomForest,575655,5,2,False,18,5000,2,0.04393033299857052,0.37390513791661995
RandomForest,575655,5,2,False,18,5000,3,0.043489125004271045,0.3809970789626904
RandomForest,575655,5,2,False,18,5000,4,0.0450014160014689,0.38309340413095816
RandomForest,575655,5,2,False,18,5000,5,0.04168908400606597,0.3769785534312522
RandomForest,575655,5,2,False,18,10000,1,0.07135283299430739,0.37421778480100154
RandomForest,575655,5,2,False,18,10000,2,0.06939204200170934,0.3741455639260858
RandomForest,575655,5,2,False,18,10000,3,0.06930275000195252,0.3657284310961664
RandomForest,575655,5,2,False,18,10000,4,0.0677633750019595,0.385377345255399
RandomForest,575655,5,2,False,18,10000,5,0.06932333300210303,0.38572650472619563
RandomForest,575655,5,2,False,36,500,1,0.020403875001647975,0.7061547171145766
RandomForest,575655,5,2,False,36,500,2,0.020349792001070455,0.7049443139168209
RandomForest,575655,5,2,False,36,500,3,0.02033425000263378,0.6912085494257841
RandomForest,575655,5,2,False,36,500,4,0.0200967920027324,0.7385886689503987
RandomForest,575655,5,2,False,36,500,5,0.019566832997952588,0.6962473977292474
RandomForest,575655,5,2,False,36,1000,1,0.02193529099895386,0.686624087398366
RandomForest,575655,5,2,False,36,1000,2,0.021931000002950896,0.7177139029299596
RandomForest,575655,5,2,False,36,1000,3,0.021868583004106767,0.7155673939021776
RandomForest,575655,5,2,False,36,1000,4,0.021871625001949724,0.7003123346140312
RandomForest,575655,5,2,False,36,1000,5,0.021407041000202298,0.6887946862925266
RandomForest,575655,5,2,False,36,2500,1,0.02648383400082821,0.6777511704001226
RandomForest,575655,5,2,False,36,2500,2,0.026875125004153233,0.6867676875292554
RandomForest,575655,5,2,False,36,2500,3,0.039135874998464715,0.6654827795628588
RandomForest,575655,5,2,False,36,2500,4,0.026879791999817826,0.6955915478451536
RandomForest,575655,5,2,False,36,2500,5,0.02652854099869728,0.6865306408470645
RandomForest,575655,5,2,False,36,5000,1,0.04789549999986775,0.6781392851453952
RandomForest,575655,5,2,False,36,5000,2,0.04648441699828254,0.7126334280998075
RandomForest,575655,5,2,False,36,5000,3,0.04675233399757417,0.6854744041995717
RandomForest,575655,5,2,False,36,5000,4,0.04763575000106357,0.6866978018283085
RandomForest,575655,5,2,False,36,5000,5,0.047243833003449254,0.7129090584167654
RandomForest,575655,5,2,False,36,10000,1,0.07523775000299793,0.6839340319730822
RandomForest,575655,5,2,False,36,10000,2,0.07415829200181179,0.6882311164700707
RandomForest,575655,5,2,False,36,10000,3,0.07673537499795202,0.6971828733155385
RandomForest,575655,5,2,False,36,10000,4,0.07447216600121465,0.6964321696280433
RandomForest,575655,5,2,False,36,10000,5,0.08609095800056821,0.6838098995201746
RandomForest,575655,5,2,False,54,500,1,0.023393499999656342,0.6126979442532885
RandomForest,575655,5,2,False,54,500,2,0.021302791996276937,0.6628172718254766
RandomForest,575655,5,2,False,54,500,3,0.020887250000669155,0.7240039732352829
RandomForest,575655,5,2,False,54,500,4,0.021014917001593858,0.7147836654111216
RandomForest,575655,5,2,False,54,500,5,0.01959129200258758,0.6444411783753192
RandomForest,575655,5,2,False,54,1000,1,0.02228162500250619,0.6597146536346519
RandomForest,575655,5,2,False,54,1000,2,0.022742916000424884,0.6463394315638296
RandomForest,575655,5,2,False,54,1000,3,0.022814041003584862,0.6750249851374608
RandomForest,575655,5,2,False,54,1000,4,0.021394458999566268,0.6595424114314361
RandomForest,575655,5,2,False,54,1000,5,0.022989416000200436,0.6857465511173693
RandomForest,575655,5,2,False,54,2500,1,0.04102020799473394,0.6557846008815615
RandomForest,575655,5,2,False,54,2500,2,0.04041308299929369,0.6236796212700934
RandomForest,575655,5,2,False,54,2500,3,0.04162304100464098,0.652664321123737
RandomForest,575655,5,2,False,54,2500,4,0.040525333999539725,0.6597109986794578
RandomForest,575655,5,2,False,54,2500,5,0.041049375002330635,0.6133351505960472
RandomForest,575655,5,2,False,54,5000,1,0.0479996670037508,0.6724628210301771
RandomForest,575655,5,2,False,54,5000,2,0.04911354199430207,0.6777847978905007
RandomForest,575655,5,2,False,54,5000,3,0.0506664999993518,0.6427196380772353
RandomForest,575655,5,2,False,54,5000,4,0.04934412500006147,0.6788326783234389
RandomForest,575655,5,2,False,54,5000,5,0.049232040997594595,0.6888197121766276
RandomForest,575655,5,2,False,54,10000,1,0.08179637499415549,0.6665583852431554
RandomForest,575655,5,2,False,54,10000,2,0.09182366700406419,0.6680548376260842
RandomForest,575655,5,2,False,54,10000,3,0.0933664999975008,0.6669119183426748
RandomForest,575655,5,2,False,54,10000,4,0.08280887499859091,0.6694722535600832
RandomForest,575655,5,2,False,54,10000,5,0.08270495800388744,0.6644927176082187
RandomForest,577784,2,2,True,18,500,1,0.019503415998769924,0.7422675526759351
RandomForest,577784,2,2,True,18,500,2,0.01968329200462904,0.7840379587973381
RandomForest,577784,2,2,True,18,500,3,0.019405082995945122,0.7318892091453495
RandomForest,577784,2,2,True,18,500,4,0.019214125000871718,0.7588388957168413
RandomForest,577784,2,2,True,18,500,5,0.01960108300409047,0.7605934566217034
RandomForest,577784,2,2,True,18,1000,1,0.020944292002241127,0.7468753654865055
RandomForest,577784,2,2,True,18,1000,2,0.021016165999753866,0.7128313339264246
RandomForest,577784,2,2,True,18,1000,3,0.02104283399967244,0.7152922954894909
RandomForest,577784,2,2,True,18,1000,4,0.021195000001171138,0.7137143656537832
RandomForest,577784,2,2,True,18,1000,5,0.019933791001676582,0.7638835194442086
RandomForest,577784,2,2,True,18,2500,1,0.023221958996145986,0.7600366430516692
RandomForest,577784,2,2,True,18,2500,2,0.02345962500112364,0.7431975127814785
RandomForest,577784,2,2,True,18,2500,3,0.025076666002860293,0.750679384860627
RandomForest,577784,2,2,True,18,2500,4,0.024790957999357488,0.7304336217369138
RandomForest,577784,2,2,True,18,2500,5,0.023259333000169136,0.7435725860644373
RandomForest,577784,2,2,True,18,5000,1,0.043534040996746626,0.7460135489010014
RandomForest,577784,2,2,True,18,5000,2,0.04286241599766072,0.7501115036473731
RandomForest,577784,2,2,True,18,5000,3,0.04547725000156788,0.7393238302383047
RandomForest,577784,2,2,True,18,5000,4,0.04131683299783617,0.7354126703120485
RandomForest,577784,2,2,True,18,5000,5,0.04548908300057519,0.7420197439115072
RandomForest,577784,2,2,True,18,10000,1,0.07155437500478001,0.7394645609918804
RandomForest,577784,2,2,True,18,10000,2,0.07055099999706727,0.7448830997838276
RandomForest,577784,2,2,True,18,10000,3,0.07132500000443542,0.7469970733104176
RandomForest,577784,2,2,True,18,10000,4,0.07191479199536843,0.7442685548689859
RandomForest,577784,2,2,True,18,10000,5,0.0691006249981001,0.7459187340141218
RandomForest,577784,2,2,True,36,500,1,0.02031737500510644,0.6865564592415776
RandomForest,577784,2,2,True,36,500,2,0.020179375002044253,0.7308959804115733
RandomForest,577784,2,2,True,36,500,3,0.02030712499981746,0.6872043032180868
RandomForest,577784,2,2,True,36,500,4,0.019116124996799044,0.7372297234851245
RandomForest,577784,2,2,True,36,500,5,0.019554250000510365,0.697864873564418
RandomForest,577784,2,2,True,36,1000,1,0.021677583994460292,0.6935176426347764
RandomForest,577784,2,2,True,36,1000,2,0.021771499996248167,0.7139022449747494
RandomForest,577784,2,2,True,36,1000,3,0.021711959001549985,0.7188134418705174
RandomForest,577784,2,2,True,36,1000,4,0.022012291999999434,0.7063152926317133
RandomForest,577784,2,2,True,36,1000,5,0.02169162499922095,0.6876931464387539
RandomForest,577784,2,2,True,36,2500,1,0.0377913750053267,0.67806881057542
RandomForest,577784,2,2,True,36,2500,2,0.039785749999282416,0.6834675635537109
RandomForest,577784,2,2,True,36,2500,3,0.03812904199730838,0.6723257587255043
RandomForest,577784,2,2,True,36,2500,4,0.03952999999455642,0.6889417904750581
RandomForest,577784,2,2,True,36,2500,5,0.026571832997433376,0.6904234362524728
RandomForest,577784,2,2,True,36,5000,1,0.047048000000359025,0.678178300739529
RandomForest,577784,2,2,True,36,5000,2,0.04557600000407547,0.7121468235635833
RandomForest,577784,2,2,True,36,5000,3,0.04775387500558281,0.6860537145874581
RandomForest,577784,2,2,True,36,5000,4,0.04790883399982704,0.6879476512029528
RandomForest,577784,2,2,True,36,5000,5,0.04762200000550365,0.7124215334148061
RandomForest,577784,2,2,True,36,10000,1,0.07495166699663969,0.6808396368075206
RandomForest,577784,2,2,True,36,10000,2,0.07638399999996182,0.6858897572303264
RandomForest,577784,2,2,True,36,10000,3,0.08488691700040363,0.6961589222287721
RandomForest,577784,2,2,True,36,10000,4,0.07329312499496154,0.6942656930876584
RandomForest,577784,2,2,True,36,10000,5,0.07488775000092573,0.6831812403817082
RandomForest,577784,2,2,True,54,500,1,0.020564834005199373,0.6382475208156067
RandomForest,577784,2,2,True,54,500,2,0.020539042001473717,0.6469025358785498
RandomForest,577784,2,2,True,54,500,3,0.02080770899920026,0.7221411857378538
RandomForest,577784,2,2,True,54,500,4,0.02071079100278439,0.7038911962910654
RandomForest,577784,2,2,True,54,500,5,0.021077458004583605,0.6547173594027862
RandomForest,577784,2,2,True,54,1000,1,0.022740833002899308,0.6874671139145365
RandomForest,577784,2,2,True,54,1000,2,0.022745584006770514,0.6382334029587624
RandomForest,577784,2,2,True,54,1000,3,0.022901125004864298,0.6687599947170443
RandomForest,577784,2,2,True,54,1000,4,0.02278308299719356,0.6578262316566164
RandomForest,577784,2,2,True,54,1000,5,0.02241945800051326,0.6969986312441008
RandomForest,577784,2,2,True,54,2500,1,0.04103874999418622,0.6560187861493513
RandomForest,577784,2,2,True,54,2500,2,0.041141667003103066,0.6224852915983359
RandomForest,577784,2,2,True,54,2500,3,0.041531374998157844,0.6515788350735302
RandomForest,577784,2,2,True,54,2500,4,0.039711208002700005,0.6610813632692036
RandomForest,577784,2,2,True,54,2500,5,0.04137970799638424,0.6125996360795634
RandomForest,577784,2,2,True,54,5000,1,0.04914266599371331,0.6721517272339804
RandomForest,577784,2,2,True,54,5000,2,0.048744416002591606,0.6823631530042049
RandomForest,577784,2,2,True,54,5000,3,0.05081858400080819,0.6718524179153587
RandomForest,577784,2,2,True,54,5000,4,0.0484757499943953,0.6774642768771871
RandomForest,577784,2,2,True,54,5000,5,0.05091895799705526,0.685463596924524
RandomForest,577784,2,2,True,54,10000,1,0.09269691700319527,0.6659741529283099
RandomForest,577784,2,2,True,54,10000,2,0.09322762500232784,0.6678787615635895
RandomForest,577784,2,2,True,54,10000,3,0.09339016699959757,0.6666902159043786
RandomForest,577784,2,2,True,54,10000,4,0.09166979199653724,0.6695353981036786
RandomForest,577784,2,2,True,54,10000,5,0.1489233750035055,0.6645444329472101
RandomForest,580669,2,2,True,18,500,1,0.019472375002806075,0.7368119552866915
RandomForest,580669,2,2,True,18,500,2,0.019187375000910833,0.7813269019428187
RandomForest,580669,2,2,True,18,500,3,0.019437957998889033,0.7142240288644366
RandomForest,580669,2,2,True,18,500,4,0.019514791005349252,0.7642107166150798
RandomForest,580669,2,2,True,18,500,5,0.01950287500221748,0.7693519744911729
RandomForest,580669,2,2,True,18,1000,1,0.020790624999790452,0.742296922140282
RandomForest,580669,2,2,True,18,1000,2,0.0210002079984406,0.710454721293427
RandomForest,580669,2,2,True,18,1000,3,0.02093425000202842,0.7092146147088193
RandomForest,580669,2,2,True,18,1000,4,0.019326459005242214,0.7139781182118965
RandomForest,580669,2,2,True,18,1000,5,0.020865708000201266,0.7564170459830584
RandomForest,580669,2,2,True,18,2500,1,0.025287458003731444,0.7540301701119827
RandomForest,580669,2,2,True,18,2500,2,0.025227917001757305,0.7364108897263737
RandomForest,580669,2,2,True,18,2500,3,0.025461208002525382,0.7473017276830656
RandomForest,580669,2,2,True,18,2500,4,0.025223124997864943,0.7280096912943175
RandomForest,580669,2,2,True,18,2500,5,0.02344045900099445,0.7387485620144598
RandomForest,580669,2,2,True,18,5000,1,0.045164749994000886,0.74343595274005
RandomForest,580669,2,2,True,18,5000,2,0.04186633299832465,0.7445345241172939
RandomForest,580669,2,2,True,18,5000,3,0.045330167005886324,0.7356453226881541
RandomForest,580669,2,2,True,18,5000,4,0.044803917000535876,0.7354786439688142
RandomForest,580669,2,2,True,18,5000,5,0.045024375001958106,0.7360246438500984
RandomForest,580669,2,2,True,18,10000,1,0.0710660420008935,0.736334852623554
RandomForest,580669,2,2,True,18,10000,2,0.0680402080033673,0.7381201153460004
RandomForest,580669,2,2,True,18,10000,3,0.06949129200074822,0.7410087053690371
RandomForest,580669,2,2,True,18,10000,4,0.07125166700279806,0.736825368735329
RandomForest,580669,2,2,True,18,10000,5,0.07114270900638076,0.7404816759053956
RandomForest,580669,2,2,True,36,500,1,0.02011091600434156,0.6755927194658666
RandomForest,580669,2,2,True,36,500,2,0.01991870799975004,0.7282780491303619
RandomForest,580669,2,2,True,36,500,3,0.02039754100405844,0.6783801970192556
RandomForest,580669,2,2,True,36,500,4,0.020364332995086443,0.7314893732917732
RandomForest,580669,2,2,True,36,500,5,0.020301959004427772,0.6956926375966029
RandomForest,580669,2,2,True,36,1000,1,0.022167125003761612,0.6880957964951862
RandomForest,580669,2,2,True,36,1000,2,0.02047583400417352,0.7050391767102951
RandomForest,580669,2,2,True,36,1000,3,0.021239499998046085,0.7100849316939009
RandomForest,580669,2,2,True,36,1000,4,0.022291707995464094,0.7054596273661693
RandomForest,580669,2,2,True,36,1000,5,0.02214954200462671,0.6856043187315133
RandomForest,580669,2,2,True,36,2500,1,0.026930792002531234,0.6767924283158093
RandomForest,580669,2,2,True,36,2500,2,0.038908874994376674,0.6837618164721901
RandomForest,580669,2,2,True,36,2500,3,0.028470583994931076,0.664913458207105
RandomForest,580669,2,2,True,36,2500,4,0.026897707997704856,0.6946758699281104
RandomForest,580669,2,2,True,36,2500,5,0.026923750003334135,0.6897403479313677
RandomForest,580669,2,2,True,36,5000,1,0.04582799999479903,0.6825980873760644
RandomForest,580669,2,2,True,36,5000,2,0.0479148329977761,0.7131016797401681
RandomForest,580669,2,2,True,36,5000,3,0.047674790999735706,0.6864216968836099
RandomForest,580669,2,2,True,36,5000,4,0.047779291999177076,0.6927210414316649
RandomForest,580669,2,2,True,36,5000,5,0.04800237499875948,0.7123271057862787
RandomForest,580669,2,2,True,36,10000,1,0.07576612499542534,0.6815654274638452
RandomForest,580669,2,2,True,36,10000,2,0.07655233299738029,0.6886043543620177
RandomForest,580669,2,2,True,36,10000,3,0.07654008400277235,0.6979101219932358
RandomForest,580669,2,2,True,36,10000,4,0.07580462499754503,0.6944645786844756
RandomForest,580669,2,2,True,36,10000,5,0.0735472079977626,0.6837924984508572
RandomForest,580669,2,2,True,54,500,1,0.01844441600405844,0.6296174542131612
RandomForest,580669,2,2,True,54,500,2,0.020876041002338752,0.6638839503167218
RandomForest,580669,2,2,True,54,500,3,0.02091616599500412,0.7167450403594187
RandomForest,580669,2,2,True,54,500,4,0.020857125004113186,0.6974501367680678
RandomForest,580669,2,2,True,54,500,5,0.020664625000790693,0.6495930006324054
RandomForest,580669,2,2,True,54,1000,1,0.022719291999237612,0.6841283410344634
RandomForest,580669,2,2,True,54,1000,2,0.022880500000610482,0.6325318301034701
RandomForest,580669,2,2,True,54,1000,3,0.022879208001540974,0.663009695659208
RandomForest,580669,2,2,True,54,1000,4,0.022938959002203774,0.6513610629615381
RandomForest,580669,2,2,True,54,1000,5,0.022700291003275197,0.6892799888197612
RandomForest,580669,2,2,True,54,2500,1,0.04135629100346705,0.6546962860919134
RandomForest,580669,2,2,True,54,2500,2,0.04105520900338888,0.6211464762950114
RandomForest,580669,2,2,True,54,2500,3,0.040343958004086744,0.6501010370630972
RandomForest,580669,2,2,True,54,2500,4,0.04129808399738977,0.6550957505380861
RandomForest,580669,2,2,True,54,2500,5,0.04084020799928112,0.6107479900559609
RandomForest,580669,2,2,True,54,5000,1,0.050385750000714324,0.6711317079017571
RandomForest,580669,2,2,True,54,5000,2,0.04962237500149058,0.681515776609799
RandomForest,580669,2,2,True,54,5000,3,0.04861483299464453,0.671212296226541
RandomForest,580669,2,2,True,54,5000,4,0.050804833001166116,0.6774656346980718
RandomForest,580669,2,2,True,54,5000,5,0.05079729200224392,0.6873933260022815
RandomForest,580669,2,2,True,54,10000,1,0.08145291599794291,0.6658936410914146
RandomForest,580669,2,2,True,54,10000,2,0.09066504200018244,0.6672686872881368
RandomForest,580669,2,2,True,54,10000,3,0.09381012499943608,0.666405841241418
RandomForest,580669,2,2,True,54,10000,4,0.08157779199973447,0.6689520599820848
RandomForest,580669,2,2,True,54,10000,5,0.08085795900115045,0.664021184176484
