model,case_index,true_class,predicted_class,correct,feature_count,num_samples,repeat,runtime_seconds,local_fidelity_score
XGBoost,3090,3,2,False,18,500,1,0.01022808300331235,0.4986791592546276
XGBoost,3090,3,2,False,18,500,2,0.00996616699558217,0.5284908939640628
XGBoost,3090,3,2,False,18,500,3,0.00987225000426406,0.532386275141963
XGBoost,3090,3,2,False,18,500,4,0.010112832998856902,0.5197359053605066
XGBoost,3090,3,2,False,18,500,5,0.010151082999072969,0.5109661589802056
XGBoost,3090,3,2,False,18,1000,1,0.01448487499874318,0.4376097878290993
XGBoost,3090,3,2,False,18,1000,2,0.01438620899716625,0.43864327447049
XGBoost,3090,3,2,False,18,1000,3,0.014229291999072302,0.46860642765493976
XGBoost,3090,3,2,False,18,1000,4,0.014546999998856336,0.435872609886532
XGBoost,3090,3,2,False,18,1000,5,0.01434500000323169,0.4899255373220982
XGBoost,3090,3,2,False,18,2500,1,0.027080959000159055,0.47748462810241765
XGBoost,3090,3,2,False,18,2500,2,0.026901708006334957,0.4776219036464354
XGBoost,3090,3,2,False,18,2500,3,0.026994082996679936,0.49679909719139914
XGBoost,3090,3,2,False,18,2500,4,0.027092125004855916,0.4801887690505894
XGBoost,3090,3,2,False,18,2500,5,0.026716207998106256,0.4899316606017694
XGBoost,3090,3,2,False,18,5000,1,0.048607249998894986,0.47908648924372943
XGBoost,3090,3,2,False,18,5000,2,0.04818820800574031,0.4972886200071652
XGBoost,3090,3,2,False,18,5000,3,0.04836295900167897,0.47924944631837796
XGBoost,3090,3,2,False,18,5000,4,0.04792895799619146,0.49013988242706585
XGBoost,3090,3,2,False,18,5000,5,0.04833058399526635,0.47069202748706984
XGBoost,3090,3,2,False,18,10000,1,0.09016833300120197,0.4782891176749423
XGBoost,3090,3,2,False,18,10000,2,0.08952445799513953,0.48236474663941986
XGBoost,3090,3,2,False,18,10000,3,0.08997275000001537,0.4787470553984211
XGBoost,3090,3,2,False,18,10000,4,0.09006854200561065,0.4724826329719154
XGBoost,3090,3,2,False,18,10000,5,0.0906070830023964,0.48623694539031526
XGBoost,3090,3,2,False,36,500,1,0.010789874999318272,0.4813586404873962
XGBoost,3090,3,2,False,36,500,2,0.010730250003689434,0.4263410272530924
XGBoost,3090,3,2,False,36,500,3,0.010509041996556334,0.4729259346016865
XGBoost,3090,3,2,False,36,500,4,0.011686707999615464,0.43813327446823036
XGBoost,3090,3,2,False,36,500,5,0.012350292003247887,0.5145852905404367
XGBoost,3090,3,2,False,36,1000,1,0.018779917001666036,0.4770513534403188
XGBoost,3090,3,2,False,36,1000,2,0.01843275000283029,0.4465539724331855
XGBoost,3090,3,2,False,36,1000,3,0.018563541998446453,0.5345719765165646
XGBoost,3090,3,2,False,36,1000,4,0.018142000000807457,0.47338703166185203
XGBoost,3090,3,2,False,36,1000,5,0.015196791995549574,0.48897794050814825
XGBoost,3090,3,2,False,36,2500,1,0.028782667002815288,0.47338252174771034
XGBoost,3090,3,2,False,36,2500,2,0.028585583000676706,0.5069042960323062
XGBoost,3090,3,2,False,36,2500,3,0.028460582994739525,0.48563440082930587
XGBoost,3090,3,2,False,36,2500,4,0.028334208000160288,0.4764764431855666
XGBoost,3090,3,2,False,36,2500,5,0.02846345900616143,0.47980872859553614
XGBoost,3090,3,2,False,36,5000,1,0.05063704099302413,0.4789073425267296
XGBoost,3090,3,2,False,36,5000,2,0.05062679199909326,0.49577756112403404
XGBoost,3090,3,2,False,36,5000,3,0.05076258299959591,0.4798645249573522
XGBoost,3090,3,2,False,36,5000,4,0.05092950000107521,0.48521767864961807
XGBoost,3090,3,2,False,36,5000,5,0.050825917001930065,0.49635119712678066
XGBoost,3090,3,2,False,36,10000,1,0.09636833400145406,0.4760401029102135
XGBoost,3090,3,2,False,36,10000,2,0.10159333399496973,0.49062398305871147
XGBoost,3090,3,2,False,36,10000,3,0.09446366599877365,0.4812900602311092
XGBoost,3090,3,2,False,36,10000,4,0.09511512500466779,0.4800328921596284
XGBoost,3090,3,2,False,36,10000,5,0.09368629200616851,0.47963473601950435
XGBoost,3090,3,2,False,54,500,1,0.011586624998017214,0.31809289496062576
XGBoost,3090,3,2,False,54,500,2,0.011496500002976973,0.3607616838476001
XGBoost,3090,3,2,False,54,500,3,0.011105291996500455,0.3743543255785797
XGBoost,3090,3,2,False,54,500,4,0.011078249997808598,0.37063599823081594
XGBoost,3090,3,2,False,54,500,5,0.011794666999776382,0.2565923623953852
XGBoost,3090,3,2,False,54,1000,1,0.016110292002849746,0.304919819640719
XGBoost,3090,3,2,False,54,1000,2,0.016253499998128973,0.3092296947586559
XGBoost,3090,3,2,False,54,1000,3,0.015883125000982545,0.33644715846529283
XGBoost,3090,3,2,False,54,1000,4,0.01588633400388062,0.2977706108126734
XGBoost,3090,3,2,False,54,1000,5,0.01615966700046556,0.35045100832367637
XGBoost,3090,3,2,False,54,2500,1,0.030145583004923537,0.2922395819367517
XGBoost,3090,3,2,False,54,2500,2,0.030034541996428743,0.2830272014124895
XGBoost,3090,3,2,False,54,2500,3,0.030222542001865804,0.3001280301717082
XGBoost,3090,3,2,False,54,2500,4,0.030632415997388307,0.29765189433170713
XGBoost,3090,3,2,False,54,2500,5,0.03125745800207369,0.29888819585057047
XGBoost,3090,3,2,False,54,5000,1,0.053780875001393724,0.2834727009767677
XGBoost,3090,3,2,False,54,5000,2,0.05370766599662602,0.286474188450503
XGBoost,3090,3,2,False,54,5000,3,0.05408349999925122,0.29582331737579415
XGBoost,3090,3,2,False,54,5000,4,0.053718832998129074,0.29066055684431114
XGBoost,3090,3,2,False,54,5000,5,0.053510958001425024,0.30263705804527374
XGBoost,3090,3,2,False,54,10000,1,0.1014987909948104,0.29413866119225107
XGBoost,3090,3,2,False,54,10000,2,0.10016824999911478,0.29440585829204524
XGBoost,3090,3,2,False,54,10000,3,0.10044966699933866,0.29175044874415756
XGBoost,3090,3,2,False,54,10000,4,0.09950100000423845,0.27742459179992185
XGBoost,3090,3,2,False,54,10000,5,0.09872754199750489,0.28008971114247583
XGBoost,3723,3,2,False,18,500,1,0.01024899999902118,0.4903719493771984
XGBoost,3723,3,2,False,18,500,2,0.010084000001370441,0.5136946725611022
XGBoost,3723,3,2,False,18,500,3,0.010231332998955622,0.5316640622712764
XGBoost,3723,3,2,False,18,500,4,0.009933291003108025,0.5135405124224709
XGBoost,3723,3,2,False,18,500,5,0.010052333993371576,0.5099970278679408
XGBoost,3723,3,2,False,18,1000,1,0.014485499996226281,0.43500026696587757
XGBoost,3723,3,2,False,18,1000,2,0.014142042004095856,0.44143994208295256
XGBoost,3723,3,2,False,18,1000,3,0.01414587500039488,0.4492594542560078
XGBoost,3723,3,2,False,18,1000,4,0.014214458002243191,0.43088397116469135
XGBoost,3723,3,2,False,18,1000,5,0.01413170900195837,0.4841026472015134
XGBoost,3723,3,2,False,18,2500,1,0.026774582998768892,0.47562688225374583
XGBoost,3723,3,2,False,18,2500,2,0.026735542000096757,0.47957890091061095
XGBoost,3723,3,2,False,18,2500,3,0.02671283300151117,0.49204601921334656
XGBoost,3723,3,2,False,18,2500,4,0.02886141699855216,0.47699157463105335
XGBoost,3723,3,2,False,18,2500,5,0.03174870799557539,0.48726449237872027
XGBoost,3723,3,2,False,18,5000,1,0.05445991600572597,0.4749174939311832
XGBoost,3723,3,2,False,18,5000,2,0.05281533299421426,0.49210341989245754
XGBoost,3723,3,2,False,18,5000,3,0.06402891699690372,0.47604844566953697
XGBoost,3723,3,2,False,18,5000,4,0.04931933399348054,0.48763689960155776
XGBoost,3723,3,2,False,18,5000,5,0.047875999996904284,0.4706579737176426
XGBoost,3723,3,2,False,18,10000,1,0.09003666699572932,0.4754539869492407
XGBoost,3723,3,2,False,18,10000,2,0.08989795899833553,0.4776485462060801
XGBoost,3723,3,2,False,18,10000,3,0.0919754590067896,0.4771502742505388
XGBoost,3723,3,2,False,18,10000,4,0.09068300000217278,0.4722984816229506
XGBoost,3723,3,2,False,18,10000,5,0.08895195800141664,0.48735909337914496
XGBoost,3723,3,2,False,36,500,1,0.010771375003969297,0.44330762694200343
XGBoost,3723,3,2,False,36,500,2,0.010915957995166536,0.38775965367289156
XGBoost,3723,3,2,False,36,500,3,0.010517709000851028,0.42152995251229186
XGBoost,3723,3,2,False,36,500,4,0.01048675000492949,0.408040206296311
XGBoost,3723,3,2,False,36,500,5,0.010537000001932029,0.4732798020505934
XGBoost,3723,3,2,False,36,1000,1,0.015339457997470163,0.4317162206538586
XGBoost,3723,3,2,False,36,1000,2,0.015068624998093583,0.39977546782436135
XGBoost,3723,3,2,False,36,1000,3,0.015442374999111053,0.4832246684673762
XGBoost,3723,3,2,False,36,1000,4,0.015151167004660238,0.4324673267141468
XGBoost,3723,3,2,False,36,1000,5,0.014922624999599066,0.44616344298330846
XGBoost,3723,3,2,False,36,2500,1,0.029424375003145542,0.42664301972185925
XGBoost,3723,3,2,False,36,2500,2,0.02969479199964553,0.45565761106180513
XGBoost,3723,3,2,False,36,2500,3,0.029353666002862155,0.43507028261619285
XGBoost,3723,3,2,False,36,2500,4,0.028815917001338676,0.43180684721836904
XGBoost,3723,3,2,False,36,2500,5,0.028441333000955638,0.43247618369842966
XGBoost,3723,3,2,False,36,5000,1,0.051603040999907535,0.4310272081146924
XGBoost,3723,3,2,False,36,5000,2,0.05117741700087208,0.4451759621221799
XGBoost,3723,3,2,False,36,5000,3,0.05067199999757577,0.4313865343582366
XGBoost,3723,3,2,False,36,5000,4,0.05110224999953061,0.43454215718643807
XGBoost,3723,3,2,False,36,5000,5,0.05083520799962571,0.446729979967328
XGBoost,3723,3,2,False,36,10000,1,0.09553949999826727,0.42506267715084545
XGBoost,3723,3,2,False,36,10000,2,0.09492837500147289,0.44136061047150565
XGBoost,3723,3,2,False,36,10000,3,0.09452662499825237,0.43191151705134023
XGBoost,3723,3,2,False,36,10000,4,0.09394049999536946,0.43226189293002715
XGBoost,3723,3,2,False,36,10000,5,0.09406024999771034,0.43466023567839895
XGBoost,3723,3,2,False,54,500,1,0.011721709000994451,0.31325683686449046
XGBoost,3723,3,2,False,54,500,2,0.01114462500117952,0.3570616546331046
XGBoost,3723,3,2,False,54,500,3,0.01118095799756702,0.3726377120878914
XGBoost,3723,3,2,False,54,500,4,0.011087833998317365,0.3686630106026919
XGBoost,3723,3,2,False,54,500,5,0.010954500001389533,0.25258249746721995
XGBoost,3723,3,2,False,54,1000,1,0.016054958003223874,0.30314354529123844
XGBoost,3723,3,2,False,54,1000,2,0.01612754200323252,0.2562214072453177
XGBoost,3723,3,2,False,54,1000,3,0.018418667001242284,0.33243730516421643
XGBoost,3723,3,2,False,54,1000,4,0.016636291999020614,0.2968737284875468
XGBoost,3723,3,2,False,54,1000,5,0.01637374999700114,0.34961861919998516
XGBoost,3723,3,2,False,54,2500,1,0.030277915997430682,0.2923431352091137
XGBoost,3723,3,2,False,54,2500,2,0.030086250000749715,0.2835107939785263
XGBoost,3723,3,2,False,54,2500,3,0.030220332999306265,0.29766365431096975
XGBoost,3723,3,2,False,54,2500,4,0.03021979099867167,0.29561086361695266
XGBoost,3723,3,2,False,54,2500,5,0.030366250000952277,0.2956374561518118
XGBoost,3723,3,2,False,54,5000,1,0.0543046669990872,0.282360839734923
XGBoost,3723,3,2,False,54,5000,2,0.05388308300462086,0.28539291846248704
XGBoost,3723,3,2,False,54,5000,3,0.053569458999845665,0.2934494094063629
XGBoost,3723,3,2,False,54,5000,4,0.05408933300350327,0.28894685192650926
XGBoost,3723,3,2,False,54,5000,5,0.05353095900500193,0.30182694160854995
XGBoost,3723,3,2,False,54,10000,1,0.1018125409973436,0.2926578342814993
XGBoost,3723,3,2,False,54,10000,2,0.10136837499885587,0.29350254508868234
XGBoost,3723,3,2,False,54,10000,3,0.10030854099750286,0.29085576277230374
XGBoost,3723,3,2,False,54,10000,4,0.09916275000432506,0.27644041067827707
XGBoost,3723,3,2,False,54,10000,5,0.10075554200011538,0.27910434153791575
XGBoost,4607,3,3,True,18,500,1,0.01199958299548598,0.09992204902064894
XGBoost,4607,3,3,True,18,500,2,0.012106417001632508,0.07930674333547982
XGBoost,4607,3,3,True,18,500,3,0.012463083003240172,0.08437238393722168
XGBoost,4607,3,3,True,18,500,4,0.011037084004783537,0.1176775265221931
XGBoost,4607,3,3,True,18,500,5,0.009984332995372824,0.15015130733608228
XGBoost,4607,3,3,True,18,1000,1,0.01727545900212135,0.057515266007990284
XGBoost,4607,3,3,True,18,1000,2,0.014993582997703925,0.061893760212442084
XGBoost,4607,3,3,True,18,1000,3,0.01410391600074945,0.04643627476840173
XGBoost,4607,3,3,True,18,1000,4,0.014495500006887596,0.09139261136019583
XGBoost,4607,3,3,True,18,1000,5,0.014232499997888226,0.05209923125143523
XGBoost,4607,3,3,True,18,2500,1,0.02719783400243614,0.04536347508089256
XGBoost,4607,3,3,True,18,2500,2,0.0320467909987201,0.054560724489814305
XGBoost,4607,3,3,True,18,2500,3,0.03212508300202899,0.05404839134103734
XGBoost,4607,3,3,True,18,2500,4,0.033606083001359366,0.049030997624839645
XGBoost,4607,3,3,True,18,2500,5,0.03258200000709621,0.05073978855890515
XGBoost,4607,3,3,True,18,5000,1,0.05215995899925474,0.038901800037715706
XGBoost,4607,3,3,True,18,5000,2,0.04823716700047953,0.04680571303345926
XGBoost,4607,3,3,True,18,5000,3,0.048124500004632864,0.040977596858490006
XGBoost,4607,3,3,True,18,5000,4,0.04832679100218229,0.04704093228741624
XGBoost,4607,3,3,True,18,5000,5,0.04819554199639242,0.0436513772358843
XGBoost,4607,3,3,True,18,10000,1,0.08982491600181675,0.039492637641202366
XGBoost,4607,3,3,True,18,10000,2,0.08927904199663317,0.040892481659103086
XGBoost,4607,3,3,True,18,10000,3,0.0892230829995242,0.04246121379108725
XGBoost,4607,3,3,True,18,10000,4,0.08936095899844076,0.03820357366989646
XGBoost,4607,3,3,True,18,10000,5,0.08928808299970115,0.04157932575159151
XGBoost,4607,3,3,True,36,500,1,0.010841208000783809,0.1714334283710961
XGBoost,4607,3,3,True,36,500,2,0.010673708995454945,0.182830868905546
XGBoost,4607,3,3,True,36,500,3,0.010519584000576288,0.1414084856721467
XGBoost,4607,3,3,True,36,500,4,0.01037829199776752,0.14808765623908615
XGBoost,4607,3,3,True,36,500,5,0.01049983300617896,0.13568060275365257
XGBoost,4607,3,3,True,36,1000,1,0.015196415995887946,0.0826777375326948
XGBoost,4607,3,3,True,36,1000,2,0.015217374995700084,0.09111458549880547
XGBoost,4607,3,3,True,36,1000,3,0.014942916997824796,0.09309950196567107
XGBoost,4607,3,3,True,36,1000,4,0.014980624997406267,0.07937267850400076
XGBoost,4607,3,3,True,36,1000,5,0.01504216699686367,0.08737076859899484
XGBoost,4607,3,3,True,36,2500,1,0.029859041998861358,0.07199519492254292
XGBoost,4607,3,3,True,36,2500,2,0.028720000002067536,0.050980425440909305
XGBoost,4607,3,3,True,36,2500,3,0.02925416699872585,0.05117765119977624
XGBoost,4607,3,3,True,36,2500,4,0.028994166998018045,0.05359949785639906
XGBoost,4607,3,3,True,36,2500,5,0.028416708002623636,0.061008111124510656
XGBoost,4607,3,3,True,36,5000,1,0.05096629099716665,0.031552996540619715
XGBoost,4607,3,3,True,36,5000,2,0.05107020799914608,0.037902043777413796
XGBoost,4607,3,3,True,36,5000,3,0.051125457997841295,0.03460464618769188
XGBoost,4607,3,3,True,36,5000,4,0.051359916004003026,0.04218635214383348
XGBoost,4607,3,3,True,36,5000,5,0.05185774999699788,0.03457064473172222
XGBoost,4607,3,3,True,36,10000,1,0.0949483330041403,0.029505657553916098
XGBoost,4607,3,3,True,36,10000,2,0.09433549999812385,0.034751077603575986
XGBoost,4607,3,3,True,36,10000,3,0.09453666699846508,0.041224329812975524
XGBoost,4607,3,3,True,36,10000,4,0.09460200000467012,0.028515811246994094
XGBoost,4607,3,3,True,36,10000,5,0.09516750000329921,0.045383091926156305
XGBoost,4607,3,3,True,54,500,1,0.011495375001686625,0.1441170809723411
XGBoost,4607,3,3,True,54,500,2,0.011341167002683505,0.13707650912758196
XGBoost,4607,3,3,True,54,500,3,0.011123374999442603,0.17703268478603795
XGBoost,4607,3,3,True,54,500,4,0.01098995900247246,0.1251315752295722
XGBoost,4607,3,3,True,54,500,5,0.01092649999918649,0.1834406454569657
XGBoost,4607,3,3,True,54,1000,1,0.0160553749956307,0.05598527586382018
XGBoost,4607,3,3,True,54,1000,2,0.016048707999289036,0.08542617248741424
XGBoost,4607,3,3,True,54,1000,3,0.01891908299876377,0.09722110102192394
XGBoost,4607,3,3,True,54,1000,4,0.016431666997959837,0.07404014484457522
XGBoost,4607,3,3,True,54,1000,5,0.01614112500101328,0.09528609898489326
XGBoost,4607,3,3,True,54,2500,1,0.030295958000351675,0.06095632201330137
XGBoost,4607,3,3,True,54,2500,2,0.030212249999749474,0.05816531292992233
XGBoost,4607,3,3,True,54,2500,3,0.030473083003016654,0.07041675891474397
XGBoost,4607,3,3,True,54,2500,4,0.030052250003791414,0.06504484352697981
XGBoost,4607,3,3,True,54,2500,5,0.03053241599991452,0.08997046344645698
XGBoost,4607,3,3,True,54,5000,1,0.053544000002148096,0.04469442839733884
XGBoost,4607,3,3,True,54,5000,2,0.0536143749995972,0.04715865778711803
XGBoost,4607,3,3,True,54,5000,3,0.053328709000197705,0.05108501471109239
XGBoost,4607,3,3,True,54,5000,4,0.05365204199915752,0.049124604181789766
XGBoost,4607,3,3,True,54,5000,5,0.053756542001792695,0.05690720492101009
XGBoost,4607,3,3,True,54,10000,1,0.10086429199873237,0.04923793293196166
XGBoost,4607,3,3,True,54,10000,2,0.09923087499919347,0.048673223138623434
XGBoost,4607,3,3,True,54,10000,3,0.09956045800208813,0.054286799655025586
XGBoost,4607,3,3,True,54,10000,4,0.09990566699707415,0.04956340984798191
XGBoost,4607,3,3,True,54,10000,5,0.09907108300103573,0.04302993152802037
XGBoost,6031,2,2,True,18,500,1,0.010694541000702884,0.48312588788016786
XGBoost,6031,2,2,True,18,500,2,0.010133541996765416,0.5239008486225096
XGBoost,6031,2,2,True,18,500,3,0.011444249998021405,0.5273613621465175
XGBoost,6031,2,2,True,18,500,4,0.010757417003333103,0.5088123035785546
XGBoost,6031,2,2,True,18,500,5,0.009922708006342873,0.4969239639187407
XGBoost,6031,2,2,True,18,1000,1,0.014233916997909546,0.431508255722156
XGBoost,6031,2,2,True,18,1000,2,0.014147707996016834,0.4403605717842979
XGBoost,6031,2,2,True,18,1000,3,0.014090999997279141,0.4457184832562293
XGBoost,6031,2,2,True,18,1000,4,0.014004749995365273,0.4322213195611425
XGBoost,6031,2,2,True,18,1000,5,0.014348208002047613,0.4853558637253571
XGBoost,6031,2,2,True,18,2500,1,0.027220958007092122,0.4723113797146625
XGBoost,6031,2,2,True,18,2500,2,0.027259791997494176,0.47014422710614934
XGBoost,6031,2,2,True,18,2500,3,0.026689624995924532,0.49014078780297754
XGBoost,6031,2,2,True,18,2500,4,0.0274415419989964,0.47498693365228395
XGBoost,6031,2,2,True,18,2500,5,0.02687108300597174,0.48126748150731913
XGBoost,6031,2,2,True,18,5000,1,0.04855870799656259,0.4701002512293755
XGBoost,6031,2,2,True,18,5000,2,0.0482081250011106,0.48858322065447046
XGBoost,6031,2,2,True,18,5000,3,0.04827366700192215,0.46941489869639585
XGBoost,6031,2,2,True,18,5000,4,0.04824779099726584,0.48363576455006907
XGBoost,6031,2,2,True,18,5000,5,0.0914560830060509,0.4668245244945225
XGBoost,6031,2,2,True,18,10000,1,0.09072279199608602,0.4710445600554891
XGBoost,6031,2,2,True,18,10000,2,0.08876158299972303,0.47486834033094116
XGBoost,6031,2,2,True,18,10000,3,0.08932704199833097,0.4726523485552113
XGBoost,6031,2,2,True,18,10000,4,0.08860683300008532,0.46741581208727057
XGBoost,6031,2,2,True,18,10000,5,0.08786991699889768,0.4814182687119257
XGBoost,6031,2,2,True,36,500,1,0.010579667003185023,0.438848639558859
XGBoost,6031,2,2,True,36,500,2,0.01053966699691955,0.3807925033525681
XGBoost,6031,2,2,True,36,500,3,0.010411000002932269,0.42126106111396533
XGBoost,6031,2,2,True,36,500,4,0.010476667004695628,0.3996113899319911
XGBoost,6031,2,2,True,36,500,5,0.010551833001954947,0.46587985786935693
XGBoost,6031,2,2,True,36,1000,1,0.015194833002169617,0.42840366465500823
XGBoost,6031,2,2,True,36,1000,2,0.015088958003616426,0.39948873146629393
XGBoost,6031,2,2,True,36,1000,3,0.015232000005198643,0.484433388690961
XGBoost,6031,2,2,True,36,1000,4,0.015077957999892533,0.4265754987091763
XGBoost,6031,2,2,True,36,1000,5,0.014990000003308523,0.4427727162351801
XGBoost,6031,2,2,True,36,2500,1,0.029087875002005603,0.4186665385752171
XGBoost,6031,2,2,True,36,2500,2,0.02929345799930161,0.4508566525451373
XGBoost,6031,2,2,True,36,2500,3,0.029084707995934878,0.4313606191501673
XGBoost,6031,2,2,True,36,2500,4,0.028575999996974133,0.42967236644378726
XGBoost,6031,2,2,True,36,2500,5,0.028579958001500927,0.42902980950946656
XGBoost,6031,2,2,True,36,5000,1,0.05129241699614795,0.42684424253776854
XGBoost,6031,2,2,True,36,5000,2,0.051143416996637825,0.4409494640343
XGBoost,6031,2,2,True,36,5000,3,0.05180166700301925,0.42688975101310855
XGBoost,6031,2,2,True,36,5000,4,0.0513960419993964,0.4322888483861077
XGBoost,6031,2,2,True,36,5000,5,0.05116199999611126,0.4429431926152617
XGBoost,6031,2,2,True,36,10000,1,0.09457537499838509,0.42239675797699594
XGBoost,6031,2,2,True,36,10000,2,0.09474795899586752,0.4360852759892524
XGBoost,6031,2,2,True,36,10000,3,0.10416108299978077,0.42609074618461895
XGBoost,6031,2,2,True,36,10000,4,0.099111666000681,0.42416122979530535
XGBoost,6031,2,2,True,36,10000,5,0.15174616700096522,0.43191072456683166
XGBoost,6031,2,2,True,54,500,1,0.027632541001366917,0.30880164371974506
XGBoost,6031,2,2,True,54,500,2,0.026018166994617786,0.35697394940735894
XGBoost,6031,2,2,True,54,500,3,0.020657166998717003,0.37103992623281923
XGBoost,6031,2,2,True,54,500,4,0.02923187499982305,0.3636581778444906
XGBoost,6031,2,2,True,54,500,5,0.02180495799984783,0.2500602024687715
XGBoost,6031,2,2,True,54,1000,1,0.03379987499647541,0.3036060053431071
XGBoost,6031,2,2,True,54,1000,2,0.031105417001526803,0.3014911824659988
XGBoost,6031,2,2,True,54,1000,3,0.024856416996044572,0.3358768553221163
XGBoost,6031,2,2,True,54,1000,4,0.02018441700056428,0.2987421930035222
XGBoost,6031,2,2,True,54,1000,5,0.018491417002223898,0.34983701021068037
XGBoost,6031,2,2,True,54,2500,1,0.03537504199630348,0.29202791635648884
XGBoost,6031,2,2,True,54,2500,2,0.03477716700581368,0.2830065566069999
XGBoost,6031,2,2,True,54,2500,3,0.030808791998424567,0.29905197547074236
XGBoost,6031,2,2,True,54,2500,4,0.030031500005861744,0.29641586796158936
XGBoost,6031,2,2,True,54,2500,5,0.03015979199699359,0.2940934090823134
XGBoost,6031,2,2,True,54,5000,1,0.053934916999423876,0.2828242869960085
XGBoost,6031,2,2,True,54,5000,2,0.053625250002369285,0.2856014290960738
XGBoost,6031,2,2,True,54,5000,3,0.06246316699980525,0.2941216833833308
XGBoost,6031,2,2,True,54,5000,4,0.06358808300137753,0.28925056104959923
XGBoost,6031,2,2,True,54,5000,5,0.07222462500067195,0.3027854845102431
XGBoost,6031,2,2,True,54,10000,1,0.11091058300371515,0.29373380608776145
XGBoost,6031,2,2,True,54,10000,2,0.16457045800052583,0.294203252315529
XGBoost,6031,2,2,True,54,10000,3,0.14386308300163364,0.2915241391555655
XGBoost,6031,2,2,True,54,10000,4,0.11678699999902165,0.2770105090432381
XGBoost,6031,2,2,True,54,10000,5,0.10417554100422421,0.2797560039319643
XGBoost,7875,5,1,False,18,500,1,0.010162833001231775,0.04150216635013737
XGBoost,7875,5,1,False,18,500,2,0.010041207999165636,0.03195768840939062
XGBoost,7875,5,1,False,18,500,3,0.010069874995679129,0.042258063695747694
XGBoost,7875,5,1,False,18,500,4,0.00984920900373254,0.029061269536878265
XGBoost,7875,5,1,False,18,500,5,0.009860958998615388,0.0338571838155991
XGBoost,7875,5,1,False,18,1000,1,0.014352917001815513,0.03832838889892454
XGBoost,7875,5,1,False,18,1000,2,0.014498832999379374,0.025733916760098507
XGBoost,7875,5,1,False,18,1000,3,0.0143094579980243,0.048099158399449116
XGBoost,7875,5,1,False,18,1000,4,0.014271749998442829,0.030406763307996854
XGBoost,7875,5,1,False,18,1000,5,0.014278416994784493,0.03391680883132342
XGBoost,7875,5,1,False,18,2500,1,0.027365499998268206,0.03609751627019164
XGBoost,7875,5,1,False,18,2500,2,0.027437834003649186,0.025332561496273276
XGBoost,7875,5,1,False,18,2500,3,0.027058500003477093,0.028936985529074644
XGBoost,7875,5,1,False,18,2500,4,0.026736334002634976,0.03727971698529342
XGBoost,7875,5,1,False,18,2500,5,0.027049417003581766,0.024740553093252293
XGBoost,7875,5,1,False,18,5000,1,0.049413583998102695,0.013580273748613703
XGBoost,7875,5,1,False,18,5000,2,0.04793266599881463,0.021813051105320835
XGBoost,7875,5,1,False,18,5000,3,0.04788858299434651,0.0215230879934889
XGBoost,7875,5,1,False,18,5000,4,0.047554875003697816,0.024325476665653767
XGBoost,7875,5,1,False,18,5000,5,0.048615209001582116,0.024180330867580868
XGBoost,7875,5,1,False,18,10000,1,0.08966508299636189,0.020930504948245332
XGBoost,7875,5,1,False,18,10000,2,0.08938370800024131,0.01995314909281376
XGBoost,7875,5,1,False,18,10000,3,0.09476025000185473,0.01709873795388006
XGBoost,7875,5,1,False,18,10000,4,0.12519466700177873,0.01944028939402187
XGBoost,7875,5,1,False,18,10000,5,0.1296321249974426,0.0240929360223322
XGBoost,7875,5,1,False,36,500,1,0.015696458001912106,0.046448341672613136
XGBoost,7875,5,1,False,36,500,2,0.013809791998937726,0.06176172719495576
XGBoost,7875,5,1,False,36,500,3,0.014134958997601643,0.05283126285008288
XGBoost,7875,5,1,False,36,500,4,0.01538937500299653,0.046764976299353944
XGBoost,7875,5,1,False,36,500,5,0.014293249994807411,0.05658150740485346
XGBoost,7875,5,1,False,36,1000,1,0.01856250000128057,0.03725135334006413
XGBoost,7875,5,1,False,36,1000,2,0.01610366599925328,0.06398953842466715
XGBoost,7875,5,1,False,36,1000,3,0.01560095800232375,0.07469295578682467
XGBoost,7875,5,1,False,36,1000,4,0.015891082999587525,0.018886782142294445
XGBoost,7875,5,1,False,36,1000,5,0.016178917001525406,0.03557071690975244
XGBoost,7875,5,1,False,36,2500,1,0.028656416994635947,0.032742918496181606
XGBoost,7875,5,1,False,36,2500,2,0.028637957999308128,0.025519709003994584
XGBoost,7875,5,1,False,36,2500,3,0.02856779199646553,0.026122444140861734
XGBoost,7875,5,1,False,36,2500,4,0.028522041997348424,0.03356441063531934
XGBoost,7875,5,1,False,36,2500,5,0.028578875004313886,0.029783357116344056
XGBoost,7875,5,1,False,36,5000,1,0.05098445800103946,0.02726194937887505
XGBoost,7875,5,1,False,36,5000,2,0.05126045900397003,0.02102904218930368
XGBoost,7875,5,1,False,36,5000,3,0.05126670900062891,0.014742580204450073
XGBoost,7875,5,1,False,36,5000,4,0.05089962499914691,0.017160867630825027
XGBoost,7875,5,1,False,36,5000,5,0.0509516669990262,0.017616449305483006
XGBoost,7875,5,1,False,36,10000,1,0.1030454580031801,0.02146083800445564
XGBoost,7875,5,1,False,36,10000,2,0.10826458300289232,0.02047007558465086
XGBoost,7875,5,1,False,36,10000,3,0.10206704099982744,0.020508950279231275
XGBoost,7875,5,1,False,36,10000,4,0.1475470410005073,0.027224604638906524
XGBoost,7875,5,1,False,36,10000,5,0.1621884999985923,0.019827531567929713
XGBoost,7875,5,1,False,54,500,1,0.01632524999877205,0.11490017214328807
XGBoost,7875,5,1,False,54,500,2,0.014065333001781255,0.10062542499022797
XGBoost,7875,5,1,False,54,500,3,0.01425879199814517,0.034681607026317396
XGBoost,7875,5,1,False,54,500,4,0.014975124999182299,0.034473816929054935
XGBoost,7875,5,1,False,54,500,5,0.012222332996316254,0.14952465963491857
XGBoost,7875,5,1,False,54,1000,1,0.016764416999649256,0.07279429512460023
XGBoost,7875,5,1,False,54,1000,2,0.01697095800045645,0.06771992612024114
XGBoost,7875,5,1,False,54,1000,3,0.016747166999266483,0.05494421008230177
XGBoost,7875,5,1,False,54,1000,4,0.01661170800070977,0.09023732749575886
XGBoost,7875,5,1,False,54,1000,5,0.018523250000725966,0.07372611224799785
XGBoost,7875,5,1,False,54,2500,1,0.03102470799785806,0.05758716434489353
XGBoost,7875,5,1,False,54,2500,2,0.030439791997196153,0.0756594184830981
XGBoost,7875,5,1,False,54,2500,3,0.03026654099812731,0.065173833949556
XGBoost,7875,5,1,False,54,2500,4,0.030098916999122594,0.0772326275311459
XGBoost,7875,5,1,False,54,2500,5,0.03087766699900385,0.07885262258107595
XGBoost,7875,5,1,False,54,5000,1,0.05625325000437442,0.07434419922925761
XGBoost,7875,5,1,False,54,5000,2,0.057037375001527835,0.0768456877521706
XGBoost,7875,5,1,False,54,5000,3,0.06056837499636458,0.0659959111171412
XGBoost,7875,5,1,False,54,5000,4,0.06024674999935087,0.07564912937822976
XGBoost,7875,5,1,False,54,5000,5,0.056322583004657645,0.069154502822949
XGBoost,7875,5,1,False,54,10000,1,0.10223375000350643,0.06743649691273712
XGBoost,7875,5,1,False,54,10000,2,0.10723437499837019,0.06567992856993021
XGBoost,7875,5,1,False,54,10000,3,0.10133595800289186,0.07342267667910185
XGBoost,7875,5,1,False,54,10000,4,0.10236533400166081,0.06865030330746724
XGBoost,7875,5,1,False,54,10000,5,0.10310008299711626,0.07998169469616356
XGBoost,181720,0,0,True,18,500,1,0.012391958996886387,0.4017042336990668
XGBoost,181720,0,0,True,18,500,2,0.011375959002180025,0.4046832201022391
XGBoost,181720,0,0,True,18,500,3,0.011274083000898827,0.3803433155335606
XGBoost,181720,0,0,True,18,500,4,0.009940249998180661,0.4361511177713584
XGBoost,181720,0,0,True,18,500,5,0.010054042002593633,0.39727336686390335
XGBoost,181720,0,0,True,18,1000,1,0.014392125005542766,0.35217938365604584
XGBoost,181720,0,0,True,18,1000,2,0.014328541001304984,0.38460696583584997
XGBoost,181720,0,0,True,18,1000,3,0.014284167002188042,0.3900643498443116
XGBoost,181720,0,0,True,18,1000,4,0.014162790997943375,0.38877161447161546
XGBoost,181720,0,0,True,18,1000,5,0.014110292002442293,0.3917158601183067
XGBoost,181720,0,0,True,18,2500,1,0.027888750002603047,0.39335659877707907
XGBoost,181720,0,0,True,18,2500,2,0.02771016699989559,0.38932273548758667
XGBoost,181720,0,0,True,18,2500,3,0.0272840420002467,0.3829014928242588
XGBoost,181720,0,0,True,18,2500,4,0.027127875000587665,0.39484308693909176
XGBoost,181720,0,0,True,18,2500,5,0.02707854099571705,0.412639285446334
XGBoost,181720,0,0,True,18,5000,1,0.04823612499603769,0.3782279358095266
XGBoost,181720,0,0,True,18,5000,2,0.050733459000184666,0.3754426182939028
XGBoost,181720,0,0,True,18,5000,3,0.04879004099348094,0.36423156718502103
XGBoost,181720,0,0,True,18,5000,4,0.05249516599724302,0.38098927504223257
XGBoost,181720,0,0,True,18,5000,5,0.058022375000291504,0.3589366292472823
XGBoost,181720,0,0,True,18,10000,1,0.10185716699925251,0.3696065912286213
XGBoost,181720,0,0,True,18,10000,2,0.11253049999504583,0.3881428086417794
XGBoost,181720,0,0,True,18,10000,3,0.12738254100258928,0.3791172400575944
XGBoost,181720,0,0,True,18,10000,4,0.11872512500121957,0.3859059375566126
XGBoost,181720,0,0,True,18,10000,5,0.10717520899925148,0.3611648504868913
XGBoost,181720,0,0,True,36,500,1,0.012799457996152341,0.39878812568202293
XGBoost,181720,0,0,True,36,500,2,0.012157249999290798,0.431936650485354
XGBoost,181720,0,0,True,36,500,3,0.012068541996995918,0.43985380346530956
XGBoost,181720,0,0,True,36,500,4,0.011840291001135483,0.45746175561403035
XGBoost,181720,0,0,True,36,500,5,0.010549124999670312,0.4014264567857676
XGBoost,181720,0,0,True,36,1000,1,0.01542833300482016,0.38434042277572167
XGBoost,181720,0,0,True,36,1000,2,0.015187666002020705,0.38376953544839765
XGBoost,181720,0,0,True,36,1000,3,0.01517495800362667,0.35528082751192425
XGBoost,181720,0,0,True,36,1000,4,0.015316167002310976,0.4082919085612464
XGBoost,181720,0,0,True,36,1000,5,0.0150237499983632,0.41154579453471474
XGBoost,181720,0,0,True,36,2500,1,0.03275191599823302,0.37413714843544044
XGBoost,181720,0,0,True,36,2500,2,0.030223333000321873,0.38486563757964476
XGBoost,181720,0,0,True,36,2500,3,0.0295257500038133,0.3798885137470921
XGBoost,181720,0,0,True,36,2500,4,0.0286083340033656,0.3767771970629066
XGBoost,181720,0,0,True,36,2500,5,0.028905624996696133,0.40269695608484324
XGBoost,181720,0,0,True,36,5000,1,0.05245595799351577,0.3732856416910232
XGBoost,181720,0,0,True,36,5000,2,0.05109791600261815,0.38251595758987655
XGBoost,181720,0,0,True,36,5000,3,0.050976250000530854,0.36785940402021744
XGBoost,181720,0,0,True,36,5000,4,0.051968833002320025,0.3856222002464217
XGBoost,181720,0,0,True,36,5000,5,0.05164808400149923,0.35938581099335776
XGBoost,181720,0,0,True,36,10000,1,0.1013816249978845,0.37616381997808757
XGBoost,181720,0,0,True,36,10000,2,0.10582375000376487,0.3743436606496442
XGBoost,181720,0,0,True,36,10000,3,0.0998968749991036,0.38112205942445954
XGBoost,181720,0,0,True,36,10000,4,0.09946787499939092,0.3743233859779107
XGBoost,181720,0,0,True,36,10000,5,0.0971451250006794,0.36762505372069976
XGBoost,181720,0,0,True,54,500,1,0.012913667000248097,0.30443060556207957
XGBoost,181720,0,0,True,54,500,2,0.012843416996474843,0.3139310322566592
XGBoost,181720,0,0,True,54,500,3,0.01257537500350736,0.3359296408266519
XGBoost,181720,0,0,True,54,500,4,0.012845374993048608,0.3823953678296145
XGBoost,181720,0,0,True,54,500,5,0.014131000003544614,0.3652591100717866
XGBoost,181720,0,0,True,54,1000,1,0.016865582998434547,0.2914243212036258
XGBoost,181720,0,0,True,54,1000,2,0.015949415996146854,0.2938702651658789
XGBoost,181720,0,0,True,54,1000,3,0.015921750004054047,0.2891398311255311
XGBoost,181720,0,0,True,54,1000,4,0.016164291999302804,0.3410042402030712
XGBoost,181720,0,0,True,54,1000,5,0.016917375003686175,0.3576255206770045
XGBoost,181720,0,0,True,54,2500,1,0.032894208998186514,0.3269390045842615
XGBoost,181720,0,0,True,54,2500,2,0.030600167003285605,0.3285418626310488
XGBoost,181720,0,0,True,54,2500,3,0.03100554199772887,0.3407519944199261
XGBoost,181720,0,0,True,54,2500,4,0.030187625001417473,0.3343200153597631
XGBoost,181720,0,0,True,54,2500,5,0.03081245799694443,0.34015815628179724
XGBoost,181720,0,0,True,54,5000,1,0.054291542001010384,0.32113322088485685
XGBoost,181720,0,0,True,54,5000,2,0.05327366600249661,0.31555058006456627
XGBoost,181720,0,0,True,54,5000,3,0.05322287500166567,0.31560413617237393
XGBoost,181720,0,0,True,54,5000,4,0.05346183399524307,0.31807603905245196
XGBoost,181720,0,0,True,54,5000,5,0.05331137500616023,0.32707282711826124
XGBoost,181720,0,0,True,54,10000,1,0.10740575000090757,0.31859167687218914
XGBoost,181720,0,0,True,54,10000,2,0.10044079100043746,0.32234738549392083
XGBoost,181720,0,0,True,54,10000,3,0.10020587500184774,0.3199582631728195
XGBoost,181720,0,0,True,54,10000,4,0.10048429199378006,0.32648252036056746
XGBoost,181720,0,0,True,54,10000,5,0.10271683300379664,0.3195481869333663
XGBoost,217040,1,0,False,18,500,1,0.010840167000424117,0.11018007020060694
XGBoost,217040,1,0,False,18,500,2,0.00992983299511252,0.11454283884504901
XGBoost,217040,1,0,False,18,500,3,0.009770374999789055,0.1084247347254863
XGBoost,217040,1,0,False,18,500,4,0.009716957996715792,0.14182664839748582
XGBoost,217040,1,0,False,18,500,5,0.009717041997646447,0.12632953147233483
XGBoost,217040,1,0,False,18,1000,1,0.014284917000622954,0.14403738352680995
XGBoost,217040,1,0,False,18,1000,2,0.014066208997974172,0.09703898294247937
XGBoost,217040,1,0,False,18,1000,3,0.014265375000832137,0.13464309433906219
XGBoost,217040,1,0,False,18,1000,4,0.014116500002273824,0.11518553950064592
XGBoost,217040,1,0,False,18,1000,5,0.014239416996133514,0.14153693918069676
XGBoost,217040,1,0,False,18,2500,1,0.027239584000199102,0.1172882498375023
XGBoost,217040,1,0,False,18,2500,2,0.026988959005393554,0.10301189882393147
XGBoost,217040,1,0,False,18,2500,3,0.02686229199753143,0.1218614408415003
XGBoost,217040,1,0,False,18,2500,4,0.026654708999558352,0.10935610106151838
XGBoost,217040,1,0,False,18,2500,5,0.026660832998459227,0.10535310194934
XGBoost,217040,1,0,False,18,5000,1,0.04773095899872715,0.12435340770686876
XGBoost,217040,1,0,False,18,5000,2,0.048059458000352606,0.10504015545432599
XGBoost,217040,1,0,False,18,5000,3,0.04776616700110026,0.12264989181702335
XGBoost,217040,1,0,False,18,5000,4,0.047261416002584156,0.12423922278912669
XGBoost,217040,1,0,False,18,5000,5,0.048691833995690104,0.11698634198710756
XGBoost,217040,1,0,False,18,10000,1,0.09361050000006799,0.11237500018662705
XGBoost,217040,1,0,False,18,10000,2,0.09986195900273742,0.102080828745025
XGBoost,217040,1,0,False,18,10000,3,0.10134433300117962,0.10973380776713193
XGBoost,217040,1,0,False,18,10000,4,0.10685095799999544,0.11102117079684948
XGBoost,217040,1,0,False,18,10000,5,0.10843924999790033,0.11865339873543757
XGBoost,217040,1,0,False,36,500,1,0.012290750004467554,0.13763374104569515
XGBoost,217040,1,0,False,36,500,2,0.01259099999879254,0.10100730360848376
XGBoost,217040,1,0,False,36,500,3,0.014074042002903298,0.10006422567562334
XGBoost,217040,1,0,False,36,500,4,0.012701791994913947,0.10449429796989196
XGBoost,217040,1,0,False,36,500,5,0.012835165995056741,0.12423381353482588
XGBoost,217040,1,0,False,36,1000,1,0.018251916000735946,0.13427690920110558
XGBoost,217040,1,0,False,36,1000,2,0.016938624998147134,0.10532315172729256
XGBoost,217040,1,0,False,36,1000,3,0.018429875002766494,0.133174265437763
XGBoost,217040,1,0,False,36,1000,4,0.017058791003364604,0.09961975111274257
XGBoost,217040,1,0,False,36,1000,5,0.018745792003755923,0.11097303026004457
XGBoost,217040,1,0,False,36,2500,1,0.050801917001081165,0.10924223163886149
XGBoost,217040,1,0,False,36,2500,2,0.05034433299442753,0.09042763771004636
XGBoost,217040,1,0,False,36,2500,3,0.07061608300136868,0.07459848010559789
XGBoost,217040,1,0,False,36,2500,4,0.055535042003612034,0.11552733345655863
XGBoost,217040,1,0,False,36,2500,5,0.07561383299616864,0.10437934420839468
XGBoost,217040,1,0,False,36,5000,1,0.08725991599931149,0.12178071593129947
XGBoost,217040,1,0,False,36,5000,2,0.07359058300062316,0.09037481937854752
XGBoost,217040,1,0,False,36,5000,3,0.06299320900143357,0.11458212145014446
XGBoost,217040,1,0,False,36,5000,4,0.05898741599958157,0.09967644242145879
XGBoost,217040,1,0,False,36,5000,5,0.0573917080037063,0.10575095548629321
XGBoost,217040,1,0,False,36,10000,1,0.10420970900304383,0.10492815267244182
XGBoost,217040,1,0,False,36,10000,2,0.09567124999739463,0.09725789395912521
XGBoost,217040,1,0,False,36,10000,3,0.10139304200129118,0.10223229675308843
XGBoost,217040,1,0,False,36,10000,4,0.10782541699882131,0.09352876036480351
XGBoost,217040,1,0,False,36,10000,5,0.10828700000274694,0.0987150076480332
XGBoost,217040,1,0,False,54,500,1,0.014630707999458537,0.12754303951675272
XGBoost,217040,1,0,False,54,500,2,0.01341883400164079,0.13618052405702397
XGBoost,217040,1,0,False,54,500,3,0.014828790997853503,0.11028937155291318
XGBoost,217040,1,0,False,54,500,4,0.015460833004908636,0.09518650538890583
XGBoost,217040,1,0,False,54,500,5,0.01454412499879254,0.16027239438766727
XGBoost,217040,1,0,False,54,1000,1,0.019498125002428424,0.12637429276868772
XGBoost,217040,1,0,False,54,1000,2,0.01973345800070092,0.11036551614097889
XGBoost,217040,1,0,False,54,1000,3,0.017805208000936545,0.13710421386403693
XGBoost,217040,1,0,False,54,1000,4,0.02129475000401726,0.11274206827782651
XGBoost,217040,1,0,False,54,1000,5,0.01658675000362564,0.1135455089970755
XGBoost,217040,1,0,False,54,2500,1,0.030662542005302384,0.11428919633431445
XGBoost,217040,1,0,False,54,2500,2,0.03017079100391129,0.08978373984427568
XGBoost,217040,1,0,False,54,2500,3,0.030185416995664127,0.10548307781656951
XGBoost,217040,1,0,False,54,2500,4,0.030476790998363867,0.11188479473411317
XGBoost,217040,1,0,False,54,2500,5,0.0304104999959236,0.08986474121770016
XGBoost,217040,1,0,False,54,5000,1,0.055438499999581836,0.11394166796569705
XGBoost,217040,1,0,False,54,5000,2,0.0552724169974681,0.10936796429491913
XGBoost,217040,1,0,False,54,5000,3,0.0578929170005722,0.11197743829756202
XGBoost,217040,1,0,False,54,5000,4,0.05759774999751244,0.10671146991725688
XGBoost,217040,1,0,False,54,5000,5,0.05406770799891092,0.10946190803810618
XGBoost,217040,1,0,False,54,10000,1,0.10199187500256812,0.1128459037684475
XGBoost,217040,1,0,False,54,10000,2,0.10008516700327164,0.09631678802326216
XGBoost,217040,1,0,False,54,10000,3,0.10193299999809824,0.10874953062493042
XGBoost,217040,1,0,False,54,10000,4,0.10813833300198894,0.10189453818871641
XGBoost,217040,1,0,False,54,10000,5,0.11427679200278362,0.1101675752357888
XGBoost,218570,1,1,True,18,500,1,0.011449625002569519,0.2658004907861995
XGBoost,218570,1,1,True,18,500,2,0.011154959000123199,0.28911021374999335
XGBoost,218570,1,1,True,18,500,3,0.010096332996909041,0.3113795497023576
XGBoost,218570,1,1,True,18,500,4,0.009923750003508758,0.3150953194928614
XGBoost,218570,1,1,True,18,500,5,0.00990504199580755,0.25874644063859153
XGBoost,218570,1,1,True,18,1000,1,0.014539875002810732,0.27178361756060077
XGBoost,218570,1,1,True,18,1000,2,0.014557583999703638,0.26964778239119425
XGBoost,218570,1,1,True,18,1000,3,0.014350042001751717,0.3069172231131825
XGBoost,218570,1,1,True,18,1000,4,0.014480125006230082,0.27909069688454624
XGBoost,218570,1,1,True,18,1000,5,0.014245625003241003,0.27643442610857294
XGBoost,218570,1,1,True,18,2500,1,0.027057375002186745,0.3028057130128512
XGBoost,218570,1,1,True,18,2500,2,0.029560999995737802,0.3063358499568726
XGBoost,218570,1,1,True,18,2500,3,0.02951187500002561,0.30563233026330894
XGBoost,218570,1,1,True,18,2500,4,0.030067833999055438,0.283681935694001
XGBoost,218570,1,1,True,18,2500,5,0.027737999997043516,0.304688980777021
XGBoost,218570,1,1,True,18,5000,1,0.04791079099959461,0.28064918351604806
XGBoost,218570,1,1,True,18,5000,2,0.04808041600335855,0.2888489181695262
XGBoost,218570,1,1,True,18,5000,3,0.04828162500052713,0.28691121614948867
XGBoost,218570,1,1,True,18,5000,4,0.04766070800542366,0.30825684534164155
XGBoost,218570,1,1,True,18,5000,5,0.04888475000188919,0.2681898623650818
XGBoost,218570,1,1,True,18,10000,1,0.09083074999944074,0.2781167228067871
XGBoost,218570,1,1,True,18,10000,2,0.08811045800393913,0.2927695732130158
XGBoost,218570,1,1,True,18,10000,3,0.09199104199797148,0.2837339928294802
XGBoost,218570,1,1,True,18,10000,4,0.10546154199982993,0.29422118599267777
XGBoost,218570,1,1,True,18,10000,5,0.12230658400221728,0.2803768947932842
XGBoost,218570,1,1,True,36,500,1,0.014427375004743226,0.282709626978205
XGBoost,218570,1,1,True,36,500,2,0.012237540999194607,0.24125520258959543
XGBoost,218570,1,1,True,36,500,3,0.011843667001812719,0.315697647483996
XGBoost,218570,1,1,True,36,500,4,0.012649459000385832,0.24997556317045777
XGBoost,218570,1,1,True,36,500,5,0.012353083002381027,0.23468957993491935
XGBoost,218570,1,1,True,36,1000,1,0.015384582999104168,0.2847494447676093
XGBoost,218570,1,1,True,36,1000,2,0.017363999999361113,0.2890551675427965
XGBoost,218570,1,1,True,36,1000,3,0.016419042003690265,0.3103587201842536
XGBoost,218570,1,1,True,36,1000,4,0.01686008400429273,0.2765584550086052
XGBoost,218570,1,1,True,36,1000,5,0.016633709004963748,0.24038740708756434
XGBoost,218570,1,1,True,36,2500,1,0.02906516700022621,0.26513648137105794
XGBoost,218570,1,1,True,36,2500,2,0.029105292000167537,0.2827788302228528
XGBoost,218570,1,1,True,36,2500,3,0.03337512500002049,0.2677676586315151
XGBoost,218570,1,1,True,36,2500,4,0.03423774999828311,0.2826568606169958
XGBoost,218570,1,1,True,36,2500,5,0.03482212500239257,0.2814234259228251
XGBoost,218570,1,1,True,36,5000,1,0.05930791699938709,0.2735126079182011
XGBoost,218570,1,1,True,36,5000,2,0.05383454200637061,0.266571764641095
XGBoost,218570,1,1,True,36,5000,3,0.05174129200167954,0.25593988273225454
XGBoost,218570,1,1,True,36,5000,4,0.05910420800501015,0.259222395127358
XGBoost,218570,1,1,True,36,5000,5,0.05840300000272691,0.26940537271542464
XGBoost,218570,1,1,True,36,10000,1,0.11837258300511166,0.2646901423622524
XGBoost,218570,1,1,True,36,10000,2,0.12076666700158967,0.2647122966161721
XGBoost,218570,1,1,True,36,10000,3,0.10724466700048652,0.27210631071879876
XGBoost,218570,1,1,True,36,10000,4,0.1076682500060997,0.28126197394432506
XGBoost,218570,1,1,True,36,10000,5,0.10302079199755099,0.26308555392062893
XGBoost,218570,1,1,True,54,500,1,0.011524665998877026,0.21725729131395255
XGBoost,218570,1,1,True,54,500,2,0.011371083004632965,0.2650045291894765
XGBoost,218570,1,1,True,54,500,3,0.01113904199883109,0.2844471096222624
XGBoost,218570,1,1,True,54,500,4,0.011224083005799912,0.2820761818268621
XGBoost,218570,1,1,True,54,500,5,0.011174665996804833,0.20718101338050865
XGBoost,218570,1,1,True,54,1000,1,0.01626833299815189,0.21302874497507918
XGBoost,218570,1,1,True,54,1000,2,0.01616387499962002,0.25230753685710106
XGBoost,218570,1,1,True,54,1000,3,0.015900625003268942,0.30389687971403045
XGBoost,218570,1,1,True,54,1000,4,0.016429166003945284,0.23003771722092148
XGBoost,218570,1,1,True,54,1000,5,0.019313292003062088,0.22205975101749276
XGBoost,218570,1,1,True,54,2500,1,0.03044045899878256,0.21405290908797348
XGBoost,218570,1,1,True,54,2500,2,0.03023320799547946,0.24471387098121267
XGBoost,218570,1,1,True,54,2500,3,0.030760374997043982,0.25573249811654564
XGBoost,218570,1,1,True,54,2500,4,0.0300579579998157,0.22708500541190346
XGBoost,218570,1,1,True,54,2500,5,0.030376249997061677,0.21821511062764276
XGBoost,218570,1,1,True,54,5000,1,0.05823058399982983,0.23742909132520662
XGBoost,218570,1,1,True,54,5000,2,0.0550552089989651,0.23258467343417766
XGBoost,218570,1,1,True,54,5000,3,0.0559977919983794,0.2386373041090506
XGBoost,218570,1,1,True,54,5000,4,0.0539392919963575,0.2353179030895859
XGBoost,218570,1,1,True,54,5000,5,0.05362099999911152,0.23809495480758225
XGBoost,218570,1,1,True,54,10000,1,0.10183379200316267,0.22444576791247206
XGBoost,218570,1,1,True,54,10000,2,0.10088016699592117,0.243679888507904
XGBoost,218570,1,1,True,54,10000,3,0.09968629100330872,0.23572381082531035
XGBoost,218570,1,1,True,54,10000,4,0.09834999999293359,0.229477550151867
XGBoost,218570,1,1,True,54,10000,5,0.09820229199976893,0.22239447661064915
XGBoost,261275,6,6,True,18,500,1,0.00992920900171157,0.17709800845780654
XGBoost,261275,6,6,True,18,500,2,0.009967750003852416,0.20640708086301407
XGBoost,261275,6,6,True,18,500,3,0.011600083998928312,0.20879727132698134
XGBoost,261275,6,6,True,18,500,4,0.01028020899684634,0.20779596037887738
XGBoost,261275,6,6,True,18,500,5,0.010016791005909909,0.19674928354268506
XGBoost,261275,6,6,True,18,1000,1,0.014417915997910313,0.23552661543110265
XGBoost,261275,6,6,True,18,1000,2,0.014338041997689288,0.1789685520682298
XGBoost,261275,6,6,True,18,1000,3,0.014249833002395462,0.17739574281824733
XGBoost,261275,6,6,True,18,1000,4,0.01594558299984783,0.22779340032256334
XGBoost,261275,6,6,True,18,1000,5,0.01452975000574952,0.17947973261975625
XGBoost,261275,6,6,True,18,2500,1,0.0270961249989341,0.18637535751982814
XGBoost,261275,6,6,True,18,2500,2,0.028270832997804973,0.17026659556096702
XGBoost,261275,6,6,True,18,2500,3,0.02726379199884832,0.18426975019388447
XGBoost,261275,6,6,True,18,2500,4,0.02702720900560962,0.17040310552521543
XGBoost,261275,6,6,True,18,2500,5,0.02720575000421377,0.19293200680807432
XGBoost,261275,6,6,True,18,5000,1,0.05210441600502236,0.16710313974975877
XGBoost,261275,6,6,True,18,5000,2,0.050138749997131526,0.1676373912895739
XGBoost,261275,6,6,True,18,5000,3,0.05198237500007963,0.17541322079139288
XGBoost,261275,6,6,True,18,5000,4,0.05216012500022771,0.18190501811994964
XGBoost,261275,6,6,True,18,5000,5,0.0515669579981477,0.16698750510153115
XGBoost,261275,6,6,True,18,10000,1,0.11427462499705143,0.17943855557753408
XGBoost,261275,6,6,True,18,10000,2,0.30872691699914867,0.17275965661476667
XGBoost,261275,6,6,True,18,10000,3,0.12880745800066506,0.16790664669519606
XGBoost,261275,6,6,True,18,10000,4,0.10834645900467876,0.17813355030229983
XGBoost,261275,6,6,True,18,10000,5,0.1025197089984431,0.17369517757199227
XGBoost,261275,6,6,True,36,500,1,0.014132707998214755,0.1638699378067412
XGBoost,261275,6,6,True,36,500,2,0.01423787500243634,0.224615256481133
XGBoost,261275,6,6,True,36,500,3,0.012747749999107327,0.21187295570734754
XGBoost,261275,6,6,True,36,500,4,0.013197415995819028,0.2050473537397427
XGBoost,261275,6,6,True,36,500,5,0.01298020900139818,0.2560481156326313
XGBoost,261275,6,6,True,36,1000,1,0.018645083997398615,0.1972998518763931
XGBoost,261275,6,6,True,36,1000,2,0.018773207993945107,0.18535521032924684
XGBoost,261275,6,6,True,36,1000,3,0.01954212500277208,0.18461496275577827
XGBoost,261275,6,6,True,36,1000,4,0.019327957998029888,0.1916332208372412
XGBoost,261275,6,6,True,36,1000,5,0.0195476669978234,0.16746876625715712
XGBoost,261275,6,6,True,36,2500,1,0.03524720900168177,0.1728326280804452
XGBoost,261275,6,6,True,36,2500,2,0.03478533299494302,0.16821045465876927
XGBoost,261275,6,6,True,36,2500,3,0.03306524999788962,0.1820485311435901
XGBoost,261275,6,6,True,36,2500,4,0.03250429200124927,0.1751620188089188
XGBoost,261275,6,6,True,36,2500,5,0.02952033299516188,0.17265797590614396
XGBoost,261275,6,6,True,36,5000,1,0.052780417005124036,0.1691331098562111
XGBoost,261275,6,6,True,36,5000,2,0.0591242499940563,0.17366068250645772
XGBoost,261275,6,6,True,36,5000,3,0.06202620900148759,0.16727329264824753
XGBoost,261275,6,6,True,36,5000,4,0.06013345899555134,0.1844077180378808
XGBoost,261275,6,6,True,36,5000,5,0.060641583004326094,0.1758531482471124
XGBoost,261275,6,6,True,36,10000,1,0.11442083300062222,0.17521281629274976
XGBoost,261275,6,6,True,36,10000,2,0.11405770799319725,0.1674366890015544
XGBoost,261275,6,6,True,36,10000,3,0.11029420900013065,0.16880070233280176
XGBoost,261275,6,6,True,36,10000,4,0.10669433300063247,0.1835184026843536
XGBoost,261275,6,6,True,36,10000,5,0.10711891599930823,0.17270312412950983
XGBoost,261275,6,6,True,54,500,1,0.012766166997607797,0.2605647166540055
XGBoost,261275,6,6,True,54,500,2,0.011247750000620726,0.2664105933770542
XGBoost,261275,6,6,True,54,500,3,0.011041791003663093,0.23863555502262657
XGBoost,261275,6,6,True,54,500,4,0.0110114160052035,0.2993829437160801
XGBoost,261275,6,6,True,54,500,5,0.010987875000864733,0.22967640289465474
XGBoost,261275,6,6,True,54,1000,1,0.01620020800328348,0.25932243318691484
XGBoost,261275,6,6,True,54,1000,2,0.017037542005709838,0.2554937424327468
XGBoost,261275,6,6,True,54,1000,3,0.016011792002245784,0.24950652777172166
XGBoost,261275,6,6,True,54,1000,4,0.0163076250028098,0.20157925880849858
XGBoost,261275,6,6,True,54,1000,5,0.016142166998179164,0.21923938064472015
XGBoost,261275,6,6,True,54,2500,1,0.030358332995092496,0.22302033755374961
XGBoost,261275,6,6,True,54,2500,2,0.03009320799901616,0.21635115481425582
XGBoost,261275,6,6,True,54,2500,3,0.030013875002623536,0.1987935867777375
XGBoost,261275,6,6,True,54,2500,4,0.03001054099877365,0.22808574803206583
XGBoost,261275,6,6,True,54,2500,5,0.030290665999928024,0.21881904544823905
XGBoost,261275,6,6,True,54,5000,1,0.05381725000188453,0.22621870225982943
XGBoost,261275,6,6,True,54,5000,2,0.06223175000195624,0.21522774669926625
XGBoost,261275,6,6,True,54,5000,3,0.07743045800452819,0.2208675256370708
XGBoost,261275,6,6,True,54,5000,4,0.1299260419982602,0.2186897351318705
XGBoost,261275,6,6,True,54,5000,5,0.06475316699652467,0.20235678873909024
XGBoost,261275,6,6,True,54,10000,1,0.12018329199781874,0.2033309304046258
XGBoost,261275,6,6,True,54,10000,2,0.11854974999732804,0.19820455980313445
XGBoost,261275,6,6,True,54,10000,3,0.13881812500039814,0.2050864566368512
XGBoost,261275,6,6,True,54,10000,4,0.13574070799950277,0.20197290916363764
XGBoost,261275,6,6,True,54,10000,5,0.12349291700229514,0.20624659426250835
XGBoost,278541,5,5,True,18,500,1,0.012255957997695077,0.15329568988840414
XGBoost,278541,5,5,True,18,500,2,0.012240583993843757,0.16877866024079424
XGBoost,278541,5,5,True,18,500,3,0.01196420899941586,0.11979513019398214
XGBoost,278541,5,5,True,18,500,4,0.011658167000859976,0.1818084205414876
XGBoost,278541,5,5,True,18,500,5,0.011257250000198837,0.22185126392965582
XGBoost,278541,5,5,True,18,1000,1,0.016660416004015133,0.12983626829707506
XGBoost,278541,5,5,True,18,1000,2,0.015896791002887767,0.14396261429648693
XGBoost,278541,5,5,True,18,1000,3,0.016725957997550722,0.14895745071444666
XGBoost,278541,5,5,True,18,1000,4,0.016340165995643474,0.16173093549846151
XGBoost,278541,5,5,True,18,1000,5,0.01671845800592564,0.1741070951618744
XGBoost,278541,5,5,True,18,2500,1,0.027529708997462876,0.13144075326741
XGBoost,278541,5,5,True,18,2500,2,0.027148458000738174,0.1360255002553964
XGBoost,278541,5,5,True,18,2500,3,0.02698291600245284,0.1361730287545131
XGBoost,278541,5,5,True,18,2500,4,0.027293417006148957,0.14240044856980238
XGBoost,278541,5,5,True,18,2500,5,0.02686895900114905,0.14965916037711713
XGBoost,278541,5,5,True,18,5000,1,0.05400716599979205,0.1216797793156742
XGBoost,278541,5,5,True,18,5000,2,0.0491003749993979,0.13601833721269918
XGBoost,278541,5,5,True,18,5000,3,0.05241383399697952,0.1503908631059615
XGBoost,278541,5,5,True,18,5000,4,0.04890750000049593,0.1374794472962092
XGBoost,278541,5,5,True,18,5000,5,0.04866287500044564,0.1321178834567771
XGBoost,278541,5,5,True,18,10000,1,0.10374374999810243,0.14676007269691294
XGBoost,278541,5,5,True,18,10000,2,0.13816445900010876,0.13789743070946037
XGBoost,278541,5,5,True,18,10000,3,0.15609054199740058,0.14089584385111076
XGBoost,278541,5,5,True,18,10000,4,0.12002733299596002,0.141093249030407
XGBoost,278541,5,5,True,18,10000,5,0.1114722919955966,0.14871514583523193
XGBoost,278541,5,5,True,36,500,1,0.013045250001596287,0.18426196295466224
XGBoost,278541,5,5,True,36,500,2,0.014159874997858424,0.14774110215925185
XGBoost,278541,5,5,True,36,500,3,0.01318987500417279,0.1609855343708938
XGBoost,278541,5,5,True,36,500,4,0.01291204200242646,0.15705615124836547
XGBoost,278541,5,5,True,36,500,5,0.014046790995053016,0.16835340054138537
XGBoost,278541,5,5,True,36,1000,1,0.01835808299802011,0.1613926513527365
XGBoost,278541,5,5,True,36,1000,2,0.016288291997625493,0.14251733873865946
XGBoost,278541,5,5,True,36,1000,3,0.015464999996765982,0.1973195111025129
XGBoost,278541,5,5,True,36,1000,4,0.016172499999811407,0.12510504157200586
XGBoost,278541,5,5,True,36,1000,5,0.015577707999909762,0.13218996119190374
XGBoost,278541,5,5,True,36,2500,1,0.02885166600026423,0.12803582950339187
XGBoost,278541,5,5,True,36,2500,2,0.029167332999350037,0.13530616274290208
XGBoost,278541,5,5,True,36,2500,3,0.029102957996656187,0.12516721721554813
XGBoost,278541,5,5,True,36,2500,4,0.02883395900425967,0.1458467031223083
XGBoost,278541,5,5,True,36,2500,5,0.02885654200508725,0.12933922157441946
XGBoost,278541,5,5,True,36,5000,1,0.05204754199803574,0.12769091131324117
XGBoost,278541,5,5,True,36,5000,2,0.05187991599814268,0.12593837755881543
XGBoost,278541,5,5,True,36,5000,3,0.050855583998782095,0.12917573696388995
XGBoost,278541,5,5,True,36,5000,4,0.05172941600176273,0.1325339895158778
XGBoost,278541,5,5,True,36,5000,5,0.05101712499890709,0.12732355341778723
XGBoost,278541,5,5,True,36,10000,1,0.10010733300441643,0.12458368614781623
XGBoost,278541,5,5,True,36,10000,2,0.10663983300037216,0.12564322707608022
XGBoost,278541,5,5,True,36,10000,3,0.11752212500141468,0.12603860210704765
XGBoost,278541,5,5,True,36,10000,4,0.12120475000119768,0.1305114855648266
XGBoost,278541,5,5,True,36,10000,5,0.12585350000153994,0.13494989567866167
XGBoost,278541,5,5,True,54,500,1,0.013052666996372864,0.13062396085963168
XGBoost,278541,5,5,True,54,500,2,0.012780040997313336,0.16770537545434339
XGBoost,278541,5,5,True,54,500,3,0.012714750002487563,0.15534431330163834
XGBoost,278541,5,5,True,54,500,4,0.012688625000009779,0.16649090174394876
XGBoost,278541,5,5,True,54,500,5,0.011233917000936344,0.1704714926443296
XGBoost,278541,5,5,True,54,1000,1,0.015965958999004215,0.14611016636629792
XGBoost,278541,5,5,True,54,1000,2,0.015896375000011176,0.13680923686288826
XGBoost,278541,5,5,True,54,1000,3,0.015967208993970416,0.18495522642278706
XGBoost,278541,5,5,True,54,1000,4,0.015827457995328587,0.13252549312724127
XGBoost,278541,5,5,True,54,1000,5,0.016790957997727674,0.12644990789133126
XGBoost,278541,5,5,True,54,2500,1,0.03033654099999694,0.0918257810848172
XGBoost,278541,5,5,True,54,2500,2,0.02986087500175927,0.12383868763725214
XGBoost,278541,5,5,True,54,2500,3,0.030605209001805633,0.13039361664755766
XGBoost,278541,5,5,True,54,2500,4,0.030483665999781806,0.1120747333622446
XGBoost,278541,5,5,True,54,2500,5,0.030412541003897786,0.1130894909883513
XGBoost,278541,5,5,True,54,5000,1,0.053384665996418335,0.1071796311280514
XGBoost,278541,5,5,True,54,5000,2,0.05402312499791151,0.10310925971674034
XGBoost,278541,5,5,True,54,5000,3,0.053424707999511156,0.11533040607803202
XGBoost,278541,5,5,True,54,5000,4,0.05328112499410054,0.11050029484488666
XGBoost,278541,5,5,True,54,5000,5,0.05319487499946263,0.11585532242634577
XGBoost,278541,5,5,True,54,10000,1,0.10033745799591998,0.10385454032789732
XGBoost,278541,5,5,True,54,10000,2,0.09933750000345754,0.11013814158659174
XGBoost,278541,5,5,True,54,10000,3,0.10022612500324612,0.11011132135551605
XGBoost,278541,5,5,True,54,10000,4,0.1040255830012029,0.10168510790350227
XGBoost,278541,5,5,True,54,10000,5,0.1003072079984122,0.10727557257597709
XGBoost,335219,4,1,False,18,500,1,0.011990374994638842,0.15826462523140583
XGBoost,335219,4,1,False,18,500,2,0.010644957998010796,0.17058474477136554
XGBoost,335219,4,1,False,18,500,3,0.009940957999788225,0.18732567826515656
XGBoost,335219,4,1,False,18,500,4,0.009895000002870802,0.18231017797669913
XGBoost,335219,4,1,False,18,500,5,0.010008124998421408,0.21941129171311202
XGBoost,335219,4,1,False,18,1000,1,0.014326749995234422,0.12375784141650548
XGBoost,335219,4,1,False,18,1000,2,0.01483600000210572,0.1593063550424122
XGBoost,335219,4,1,False,18,1000,3,0.014318958994408604,0.1507119950819915
XGBoost,335219,4,1,False,18,1000,4,0.014090292002947535,0.1501272961167801
XGBoost,335219,4,1,False,18,1000,5,0.014389374999154825,0.1941303423581422
XGBoost,335219,4,1,False,18,2500,1,0.027073666999058332,0.17246217597796853
XGBoost,335219,4,1,False,18,2500,2,0.027027584001189098,0.159577251427924
XGBoost,335219,4,1,False,18,2500,3,0.026595458999508992,0.17181986701255803
XGBoost,335219,4,1,False,18,2500,4,0.026996250002412125,0.1639298779944156
XGBoost,335219,4,1,False,18,2500,5,0.02672966600221116,0.17330238607464687
XGBoost,335219,4,1,False,18,5000,1,0.04789687500306172,0.17866312511112248
XGBoost,335219,4,1,False,18,5000,2,0.04786462500487687,0.17694258994476775
XGBoost,335219,4,1,False,18,5000,3,0.050463874998968095,0.16729474216802265
XGBoost,335219,4,1,False,18,5000,4,0.04823825000494253,0.184338497537057
XGBoost,335219,4,1,False,18,5000,5,0.04827920800016727,0.17657147755880143
XGBoost,335219,4,1,False,18,10000,1,0.08996387500519631,0.16790005818384568
XGBoost,335219,4,1,False,18,10000,2,0.08941783299815143,0.16487487830091196
XGBoost,335219,4,1,False,18,10000,3,0.09094995800114702,0.17176164120289483
XGBoost,335219,4,1,False,18,10000,4,0.0964022090047365,0.17108747868496454
XGBoost,335219,4,1,False,18,10000,5,0.09594995900260983,0.1870753793816643
XGBoost,335219,4,1,False,36,500,1,0.013123707998602185,0.046900309740366075
XGBoost,335219,4,1,False,36,500,2,0.012283791998925153,0.05084300888596904
XGBoost,335219,4,1,False,36,500,3,0.012063041001965757,0.05044220390195853
XGBoost,335219,4,1,False,36,500,4,0.011918625001271721,0.039610658671254684
XGBoost,335219,4,1,False,36,500,5,0.011945458005357068,0.06766470000475733
XGBoost,335219,4,1,False,36,1000,1,0.017223167000338435,0.0365275260044432
XGBoost,335219,4,1,False,36,1000,2,0.017653332994086668,0.06286068189619187
XGBoost,335219,4,1,False,36,1000,3,0.01645595899753971,0.07161053476375734
XGBoost,335219,4,1,False,36,1000,4,0.015111791995877866,0.022933978284350287
XGBoost,335219,4,1,False,36,1000,5,0.015277833001164254,0.04609413847251753
XGBoost,335219,4,1,False,36,2500,1,0.029054334001557436,0.03488536911868012
XGBoost,335219,4,1,False,36,2500,2,0.028830249997554347,0.03720266932470373
XGBoost,335219,4,1,False,36,2500,3,0.028698834001261275,0.03817764729346129
XGBoost,335219,4,1,False,36,2500,4,0.028365666999889072,0.043624186693243416
XGBoost,335219,4,1,False,36,2500,5,0.028585041996848304,0.037203146992352276
XGBoost,335219,4,1,False,36,5000,1,0.05102875000011409,0.0354453591628372
XGBoost,335219,4,1,False,36,5000,2,0.05091375000483822,0.014633570717018096
XGBoost,335219,4,1,False,36,5000,3,0.05062424999778159,0.020942034652571717
XGBoost,335219,4,1,False,36,5000,4,0.05030395799985854,0.029886948745213582
XGBoost,335219,4,1,False,36,5000,5,0.05044704200554406,0.034052122007231844
XGBoost,335219,4,1,False,36,10000,1,0.09396387499873526,0.02857181517140095
XGBoost,335219,4,1,False,36,10000,2,0.09903612500056624,0.026264672090977825
XGBoost,335219,4,1,False,36,10000,3,0.09645112499856623,0.03109031337663304
XGBoost,335219,4,1,False,36,10000,4,0.09780533400044078,0.03902433524293025
XGBoost,335219,4,1,False,36,10000,5,0.09964370899979258,0.03513438458464124
XGBoost,335219,4,1,False,54,500,1,0.01143700000102399,0.11499098553499576
XGBoost,335219,4,1,False,54,500,2,0.01112033399840584,0.10095447184993411
XGBoost,335219,4,1,False,54,500,3,0.011183082999195904,0.07341058868067296
XGBoost,335219,4,1,False,54,500,4,0.01112124999781372,0.034224626577220585
XGBoost,335219,4,1,False,54,500,5,0.01107854199653957,0.14881774531029257
XGBoost,335219,4,1,False,54,1000,1,0.016200459001993295,0.07366493854965206
XGBoost,335219,4,1,False,54,1000,2,0.016084582995972596,0.06705644354465035
XGBoost,335219,4,1,False,54,1000,3,0.016129791001731064,0.05574559960293868
XGBoost,335219,4,1,False,54,1000,4,0.015878457998041995,0.09203803546068456
XGBoost,335219,4,1,False,54,1000,5,0.016092291996756103,0.07351667927059868
XGBoost,335219,4,1,False,54,2500,1,0.030320458005007822,0.056833877300211166
XGBoost,335219,4,1,False,54,2500,2,0.030513624995364808,0.07015664214577233
XGBoost,335219,4,1,False,54,2500,3,0.030415875000471715,0.06420867128882468
XGBoost,335219,4,1,False,54,2500,4,0.030505124996125232,0.07624719306303263
XGBoost,335219,4,1,False,54,2500,5,0.030640707998827565,0.07878838515818709
XGBoost,335219,4,1,False,54,5000,1,0.05333904199505923,0.07390062294004252
XGBoost,335219,4,1,False,54,5000,2,0.05403195800317917,0.07876013342017774
XGBoost,335219,4,1,False,54,5000,3,0.05494195799838053,0.07232192096087875
XGBoost,335219,4,1,False,54,5000,4,0.05357375000312459,0.08503013352120137
XGBoost,335219,4,1,False,54,5000,5,0.053846499999053776,0.0687201751998111
XGBoost,335219,4,1,False,54,10000,1,0.09982920799666317,0.06911974476455274
XGBoost,335219,4,1,False,54,10000,2,0.10015762499824632,0.06473801958181225
XGBoost,335219,4,1,False,54,10000,3,0.10063300000183517,0.07274868262766321
XGBoost,335219,4,1,False,54,10000,4,0.10046295899519464,0.06843520966618588
XGBoost,335219,4,1,False,54,10000,5,0.10010441700433148,0.07953409564904168
XGBoost,364769,6,6,True,18,500,1,0.010345041999244131,0.6207446866663507
XGBoost,364769,6,6,True,18,500,2,0.009998790999816265,0.566604468355766
XGBoost,364769,6,6,True,18,500,3,0.009894750000967178,0.518150842260835
XGBoost,364769,6,6,True,18,500,4,0.010013874998549,0.5228022762223623
XGBoost,364769,6,6,True,18,500,5,0.009893791997455992,0.5664733448221417
XGBoost,364769,6,6,True,18,1000,1,0.01429525000276044,0.598201089086789
XGBoost,364769,6,6,True,18,1000,2,0.01413887499802513,0.5242656835621644
XGBoost,364769,6,6,True,18,1000,3,0.014168082998367026,0.5761013448509323
XGBoost,364769,6,6,True,18,1000,4,0.01457562499854248,0.5456905066003059
XGBoost,364769,6,6,True,18,1000,5,0.014294458000222221,0.5970641711875456
XGBoost,364769,6,6,True,18,2500,1,0.0274012089939788,0.5520068245926932
XGBoost,364769,6,6,True,18,2500,2,0.027231416999711655,0.5725325399740913
XGBoost,364769,6,6,True,18,2500,3,0.02666620800300734,0.5607750963155254
XGBoost,364769,6,6,True,18,2500,4,0.02866150000045309,0.5691061664178971
XGBoost,364769,6,6,True,18,2500,5,0.02762520900432719,0.5518832011552668
XGBoost,364769,6,6,True,18,5000,1,0.047966833000828046,0.5399153138771134
XGBoost,364769,6,6,True,18,5000,2,0.04782116600108566,0.5252608293585602
XGBoost,364769,6,6,True,18,5000,3,0.048283541000273544,0.5371575274185216
XGBoost,364769,6,6,True,18,5000,4,0.048480500001460314,0.5499676404833531
XGBoost,364769,6,6,True,18,5000,5,0.04831104200275149,0.5492068515584807
XGBoost,364769,6,6,True,18,10000,1,0.08998245900147595,0.5565319764733936
XGBoost,364769,6,6,True,18,10000,2,0.08854504199553048,0.557223794818715
XGBoost,364769,6,6,True,18,10000,3,0.08844412500184262,0.540557879522785
XGBoost,364769,6,6,True,18,10000,4,0.10780962499848101,0.546634044952665
XGBoost,364769,6,6,True,18,10000,5,0.1094066249934258,0.5448691807667101
XGBoost,364769,6,6,True,36,500,1,0.012520917000074405,0.5544903395029108
XGBoost,364769,6,6,True,36,500,2,0.01278137500048615,0.5599275012526753
XGBoost,364769,6,6,True,36,500,3,0.012201124998682644,0.48585251732438217
XGBoost,364769,6,6,True,36,500,4,0.012117874997784384,0.5351094210352301
XGBoost,364769,6,6,True,36,500,5,0.012185499996121507,0.5672072773255833
XGBoost,364769,6,6,True,36,1000,1,0.01749891700455919,0.5219778613924476
XGBoost,364769,6,6,True,36,1000,2,0.017237082996871322,0.4966746851886389
XGBoost,364769,6,6,True,36,1000,3,0.01701274999504676,0.549895564101396
XGBoost,364769,6,6,True,36,1000,4,0.01719891700486187,0.5149833268245423
XGBoost,364769,6,6,True,36,1000,5,0.01580837499932386,0.5493431968194098
XGBoost,364769,6,6,True,36,2500,1,0.02952720799657982,0.5107698678874448
XGBoost,364769,6,6,True,36,2500,2,0.029186749998189043,0.5181321219319988
XGBoost,364769,6,6,True,36,2500,3,0.028614458002266474,0.5231651428516935
XGBoost,364769,6,6,True,36,2500,4,0.028702083000098355,0.5430507741739428
XGBoost,364769,6,6,True,36,2500,5,0.02865491600095993,0.5224078097334692
XGBoost,364769,6,6,True,36,5000,1,0.05133787500381004,0.5366037248835844
XGBoost,364769,6,6,True,36,5000,2,0.05081058300129371,0.5331433667063217
XGBoost,364769,6,6,True,36,5000,3,0.05053054200106999,0.5190114180123433
XGBoost,364769,6,6,True,36,5000,4,0.050919000001158565,0.5295285981978116
XGBoost,364769,6,6,True,36,5000,5,0.05120275000081165,0.5387687396915775
XGBoost,364769,6,6,True,36,10000,1,0.09459429100388661,0.5349000727040648
XGBoost,364769,6,6,True,36,10000,2,0.10735779199603712,0.5154735066863225
XGBoost,364769,6,6,True,36,10000,3,0.11538616699544946,0.511495565799277
XGBoost,364769,6,6,True,36,10000,4,0.1376115419989219,0.5335226497436756
XGBoost,364769,6,6,True,36,10000,5,0.15773816599539714,0.5217321481378365
XGBoost,364769,6,6,True,54,500,1,0.017164042001240887,0.2816859469334264
XGBoost,364769,6,6,True,54,500,2,0.014148834001389332,0.26618909704272065
XGBoost,364769,6,6,True,54,500,3,0.014124916997388937,0.2479447398564648
XGBoost,364769,6,6,True,54,500,4,0.014240708005672786,0.3139692901222195
XGBoost,364769,6,6,True,54,500,5,0.013280291001137812,0.24219932619876028
XGBoost,364769,6,6,True,54,1000,1,0.01687050000327872,0.27052975361081133
XGBoost,364769,6,6,True,54,1000,2,0.01630562500213273,0.25667012353569807
XGBoost,364769,6,6,True,54,1000,3,0.01705170800414635,0.2481500763440534
XGBoost,364769,6,6,True,54,1000,4,0.016834875001222827,0.202163520320918
XGBoost,364769,6,6,True,54,1000,5,0.01676749999751337,0.21883311278536177
XGBoost,364769,6,6,True,54,2500,1,0.030880250000336673,0.2254344443857934
XGBoost,364769,6,6,True,54,2500,2,0.030626833002315834,0.21957973735266922
XGBoost,364769,6,6,True,54,2500,3,0.030016500000783708,0.20095452763132926
XGBoost,364769,6,6,True,54,2500,4,0.030192625003110152,0.23192144242274715
XGBoost,364769,6,6,True,54,2500,5,0.030760458001168445,0.21944277464620499
XGBoost,364769,6,6,True,54,5000,1,0.055477374997281004,0.2285231968380682
XGBoost,364769,6,6,True,54,5000,2,0.05496583299827762,0.21617421605385434
XGBoost,364769,6,6,True,54,5000,3,0.05437379200157011,0.22307907961014117
XGBoost,364769,6,6,True,54,5000,4,0.053452000000106636,0.22043674275439118
XGBoost,364769,6,6,True,54,5000,5,0.05387887499819044,0.20456075409208485
XGBoost,364769,6,6,True,54,10000,1,0.10078450000582961,0.20557891244455073
XGBoost,364769,6,6,True,54,10000,2,0.1038704169986886,0.19956907430683413
XGBoost,364769,6,6,True,54,10000,3,0.10045595900010085,0.20638151085030243
XGBoost,364769,6,6,True,54,10000,4,0.10076816700166091,0.20316622021124364
XGBoost,364769,6,6,True,54,10000,5,0.10318345799896633,0.20758142114289369
XGBoost,368080,6,6,True,18,500,1,0.011450917001639027,0.6355465767489258
XGBoost,368080,6,6,True,18,500,2,0.011232999997446314,0.5733205887014459
XGBoost,368080,6,6,True,18,500,3,0.01120108400209574,0.5345495096233668
XGBoost,368080,6,6,True,18,500,4,0.01155570899572922,0.5708200885670954
XGBoost,368080,6,6,True,18,500,5,0.011469916993519291,0.5866616599797219
XGBoost,368080,6,6,True,18,1000,1,0.016199333003896754,0.6136480680621486
XGBoost,368080,6,6,True,18,1000,2,0.016288874998281244,0.5412887550734478
XGBoost,368080,6,6,True,18,1000,3,0.016673250000167172,0.5946144549301543
XGBoost,368080,6,6,True,18,1000,4,0.016147624999575783,0.562222185077375
XGBoost,368080,6,6,True,18,1000,5,0.014394666002772283,0.606356572533316
XGBoost,368080,6,6,True,18,2500,1,0.027662458996928763,0.5680617115597963
XGBoost,368080,6,6,True,18,2500,2,0.02755545800027903,0.584717414038282
XGBoost,368080,6,6,True,18,2500,3,0.02708979199815076,0.5748834780320715
XGBoost,368080,6,6,True,18,2500,4,0.02714904199820012,0.577491649866555
XGBoost,368080,6,6,True,18,2500,5,0.02786799999739742,0.568488437192544
XGBoost,368080,6,6,True,18,5000,1,0.050218250005855225,0.5553610803929498
XGBoost,368080,6,6,True,18,5000,2,0.054852875000506174,0.5460970968862213
XGBoost,368080,6,6,True,18,5000,3,0.05491295800311491,0.5551336920029023
XGBoost,368080,6,6,True,18,5000,4,0.05581816599442391,0.5671605860266918
XGBoost,368080,6,6,True,18,5000,5,0.0555006670037983,0.5673495865151559
XGBoost,368080,6,6,True,18,10000,1,0.101619250002841,0.5729081521521106
XGBoost,368080,6,6,True,18,10000,2,0.10125320799852489,0.5725380312444927
XGBoost,368080,6,6,True,18,10000,3,0.10298420899925986,0.5510808900054402
XGBoost,368080,6,6,True,18,10000,4,0.1032866669993382,0.5659062052619517
XGBoost,368080,6,6,True,18,10000,5,0.10031158300262177,0.5583007916215024
XGBoost,368080,6,6,True,36,500,1,0.012909457997011486,0.5667231397456756
XGBoost,368080,6,6,True,36,500,2,0.012886208998679649,0.5626661838488094
XGBoost,368080,6,6,True,36,500,3,0.012093042001652066,0.516457945932371
XGBoost,368080,6,6,True,36,500,4,0.010589958998025395,0.5491547790498197
XGBoost,368080,6,6,True,36,500,5,0.011022958999092225,0.5751189882555421
XGBoost,368080,6,6,True,36,1000,1,0.015783333998115268,0.5422352723862703
XGBoost,368080,6,6,True,36,1000,2,0.019514125000569038,0.5069161481322504
XGBoost,368080,6,6,True,36,1000,3,0.0158574579982087,0.5613788762033158
XGBoost,368080,6,6,True,36,1000,4,0.015996666996215936,0.524379633260861
XGBoost,368080,6,6,True,36,1000,5,0.015890875001787208,0.5663596148690828
XGBoost,368080,6,6,True,36,2500,1,0.029639084001246374,0.5268793001346329
XGBoost,368080,6,6,True,36,2500,2,0.02895458300190512,0.5278786070541885
XGBoost,368080,6,6,True,36,2500,3,0.0338705000031041,0.5335147304560792
XGBoost,368080,6,6,True,36,2500,4,0.03019995800423203,0.5587774786593287
XGBoost,368080,6,6,True,36,2500,5,0.029628332995343953,0.5356576014441181
XGBoost,368080,6,6,True,36,5000,1,0.05232320899813203,0.5483679650260891
XGBoost,368080,6,6,True,36,5000,2,0.0539533749979455,0.544907929941618
XGBoost,368080,6,6,True,36,5000,3,0.051009625000006054,0.5282402440910801
XGBoost,368080,6,6,True,36,5000,4,0.05159708300197963,0.5422521819518298
XGBoost,368080,6,6,True,36,5000,5,0.052046165998035576,0.5508743680672012
XGBoost,368080,6,6,True,36,10000,1,0.09540725000260863,0.5508952060632956
XGBoost,368080,6,6,True,36,10000,2,0.09751845800201409,0.5316371208606929
XGBoost,368080,6,6,True,36,10000,3,0.10336745800304925,0.5212873584715197
XGBoost,368080,6,6,True,36,10000,4,0.10738783299893839,0.5464621373711579
XGBoost,368080,6,6,True,36,10000,5,0.10681699999986449,0.5371650482644413
XGBoost,368080,6,6,True,54,500,1,0.012977083002624568,0.28312320540066216
XGBoost,368080,6,6,True,54,500,2,0.01281491599365836,0.2696677223733459
XGBoost,368080,6,6,True,54,500,3,0.011316249998344574,0.24732089314656258
XGBoost,368080,6,6,True,54,500,4,0.011140000002342276,0.309930593196594
XGBoost,368080,6,6,True,54,500,5,0.01279979199898662,0.23926330242381944
XGBoost,368080,6,6,True,54,1000,1,0.016503250000823755,0.2677986124498619
XGBoost,368080,6,6,True,54,1000,2,0.016155416997207794,0.25560601722806675
XGBoost,368080,6,6,True,54,1000,3,0.015901749997283332,0.24688987572013288
XGBoost,368080,6,6,True,54,1000,4,0.016359624998585787,0.20201268978711073
XGBoost,368080,6,6,True,54,1000,5,0.017171207997307647,0.21758332887966525
XGBoost,368080,6,6,True,54,2500,1,0.03038383400416933,0.22481190542344898
XGBoost,368080,6,6,True,54,2500,2,0.031039583001984283,0.21834595008178992
XGBoost,368080,6,6,True,54,2500,3,0.03024845800246112,0.20034318715834676
XGBoost,368080,6,6,True,54,2500,4,0.030981457995949313,0.22538262261019903
XGBoost,368080,6,6,True,54,2500,5,0.03134624999802327,0.21909366185429102
XGBoost,368080,6,6,True,54,5000,1,0.05452108300232794,0.22695869924204737
XGBoost,368080,6,6,True,54,5000,2,0.05626762499741744,0.2181702073974423
XGBoost,368080,6,6,True,54,5000,3,0.054187040994293056,0.2223732257760841
XGBoost,368080,6,6,True,54,5000,4,0.05459391600015806,0.2172478901252376
XGBoost,368080,6,6,True,54,5000,5,0.054278584000712726,0.20783595593920212
XGBoost,368080,6,6,True,54,10000,1,0.10268237499985844,0.20370926220745622
XGBoost,368080,6,6,True,54,10000,2,0.10112425000261283,0.19897848373676974
XGBoost,368080,6,6,True,54,10000,3,0.10151487500115763,0.20878066648153093
XGBoost,368080,6,6,True,54,10000,4,0.10123383299651323,0.20217339619967578
XGBoost,368080,6,6,True,54,10000,5,0.10655175000283634,0.20857388924065368
XGBoost,370120,4,1,False,18,500,1,0.010480791999725625,0.22896749662899196
XGBoost,370120,4,1,False,18,500,2,0.011673458000586834,0.2719387792844331
XGBoost,370120,4,1,False,18,500,3,0.010415042001113761,0.28628858896506515
XGBoost,370120,4,1,False,18,500,4,0.009930542000802234,0.2958265624224409
XGBoost,370120,4,1,False,18,500,5,0.009768666997842956,0.253508580949971
XGBoost,370120,4,1,False,18,1000,1,0.014382208995812107,0.2516004365749782
XGBoost,370120,4,1,False,18,1000,2,0.01407900000049267,0.24238719911289863
XGBoost,370120,4,1,False,18,1000,3,0.014139500002784189,0.2797194642079439
XGBoost,370120,4,1,False,18,1000,4,0.014093874997342937,0.25806191002871004
XGBoost,370120,4,1,False,18,1000,5,0.014041166999959387,0.2895258363651023
XGBoost,370120,4,1,False,18,2500,1,0.026965999997628387,0.271417748826978
XGBoost,370120,4,1,False,18,2500,2,0.027390208997530863,0.29057550666178134
XGBoost,370120,4,1,False,18,2500,3,0.02674254199519055,0.2781540697644965
XGBoost,370120,4,1,False,18,2500,4,0.027026542004023213,0.2638301096484119
XGBoost,370120,4,1,False,18,2500,5,0.0269140000018524,0.2744958575636174
XGBoost,370120,4,1,False,18,5000,1,0.04914708300202619,0.2597416280805903
XGBoost,370120,4,1,False,18,5000,2,0.04786187499848893,0.26709010540715483
XGBoost,370120,4,1,False,18,5000,3,0.04817404200002784,0.27471434518107307
XGBoost,370120,4,1,False,18,5000,4,0.048713708005379885,0.2748898161899792
XGBoost,370120,4,1,False,18,5000,5,0.049469083998701535,0.2538427973011105
XGBoost,370120,4,1,False,18,10000,1,0.0901934169960441,0.2589835861813321
XGBoost,370120,4,1,False,18,10000,2,0.08828391700080829,0.27061646142271634
XGBoost,370120,4,1,False,18,10000,3,0.08835983299650252,0.26533014468103144
XGBoost,370120,4,1,False,18,10000,4,0.09212808399752248,0.27906345473495864
XGBoost,370120,4,1,False,18,10000,5,0.1099949999988894,0.26877993202708816
XGBoost,370120,4,1,False,36,500,1,0.014061250003578607,0.25999862369010285
XGBoost,370120,4,1,False,36,500,2,0.014081207998970058,0.24342171043760152
XGBoost,370120,4,1,False,36,500,3,0.01326741700177081,0.32996522221035074
XGBoost,370120,4,1,False,36,500,4,0.012562666997837368,0.2657910890110645
XGBoost,370120,4,1,False,36,500,5,0.012206749997858424,0.24075081661858555
XGBoost,370120,4,1,False,36,1000,1,0.017775457999960054,0.28459116810424
XGBoost,370120,4,1,False,36,1000,2,0.01724566700431751,0.3116227255283237
XGBoost,370120,4,1,False,36,1000,3,0.01518370800476987,0.325276667430786
XGBoost,370120,4,1,False,36,1000,4,0.015366832994914148,0.29832272726195674
XGBoost,370120,4,1,False,36,1000,5,0.015449416001501959,0.2655349023202994
XGBoost,370120,4,1,False,36,2500,1,0.029352208999625873,0.2758018364916358
XGBoost,370120,4,1,False,36,2500,2,0.03271620799932862,0.3080652730864033
XGBoost,370120,4,1,False,36,2500,3,0.02971395799977472,0.28802005558718935
XGBoost,370120,4,1,False,36,2500,4,0.02865120900241891,0.29060473913523976
XGBoost,370120,4,1,False,36,2500,5,0.028374625006108545,0.29399606646001086
XGBoost,370120,4,1,False,36,5000,1,0.052237667005101684,0.29389392079738497
XGBoost,370120,4,1,False,36,5000,2,0.05057791600120254,0.28273676407286796
XGBoost,370120,4,1,False,36,5000,3,0.05178108299878659,0.28396212022013834
XGBoost,370120,4,1,False,36,5000,4,0.05078620800486533,0.28419323354593173
XGBoost,370120,4,1,False,36,5000,5,0.050885959004517645,0.29720263196509744
XGBoost,370120,4,1,False,36,10000,1,0.0954027080006199,0.2877039110678772
XGBoost,370120,4,1,False,36,10000,2,0.09396829199977219,0.2852529805319517
XGBoost,370120,4,1,False,36,10000,3,0.09385166699939873,0.2907665981151871
XGBoost,370120,4,1,False,36,10000,4,0.0950309580002795,0.29364884426401516
XGBoost,370120,4,1,False,36,10000,5,0.10111370799859287,0.2852502036296066
XGBoost,370120,4,1,False,54,500,1,0.01533129199378891,0.21345210923173874
XGBoost,370120,4,1,False,54,500,2,0.014801958001044113,0.26443056138723486
XGBoost,370120,4,1,False,54,500,3,0.014928707998478785,0.2836739060515272
XGBoost,370120,4,1,False,54,500,4,0.016081125002529006,0.2801319790965484
XGBoost,370120,4,1,False,54,500,5,0.015538291998382192,0.20477777509030504
XGBoost,370120,4,1,False,54,1000,1,0.018540832999860868,0.21374583062113162
XGBoost,370120,4,1,False,54,1000,2,0.018751541996607557,0.2520010404545566
XGBoost,370120,4,1,False,54,1000,3,0.018499166995752603,0.30250599496514474
XGBoost,370120,4,1,False,54,1000,4,0.018532000001869164,0.22863470198317026
XGBoost,370120,4,1,False,54,1000,5,0.016483334002259653,0.22173841864712496
XGBoost,370120,4,1,False,54,2500,1,0.030966291997174267,0.21456394945470092
XGBoost,370120,4,1,False,54,2500,2,0.031088208001165185,0.24667465534649513
XGBoost,370120,4,1,False,54,2500,3,0.03095454200229142,0.25197251762838846
XGBoost,370120,4,1,False,54,2500,4,0.03119095899455715,0.22743134841393664
XGBoost,370120,4,1,False,54,2500,5,0.031351416000688914,0.21824747440146552
XGBoost,370120,4,1,False,54,5000,1,0.05451945799723035,0.23722113830091718
XGBoost,370120,4,1,False,54,5000,2,0.05420320900157094,0.23263810348757918
XGBoost,370120,4,1,False,54,5000,3,0.053636333999747876,0.2382909842423907
XGBoost,370120,4,1,False,54,5000,4,0.05334062500332948,0.23534571925239667
XGBoost,370120,4,1,False,54,5000,5,0.05361770799936494,0.23866056546513192
XGBoost,370120,4,1,False,54,10000,1,0.10389820899581537,0.22456554856386157
XGBoost,370120,4,1,False,54,10000,2,0.1001807499997085,0.24378796823869497
XGBoost,370120,4,1,False,54,10000,3,0.10278250000556,0.23617580054152376
XGBoost,370120,4,1,False,54,10000,4,0.10241991599468747,0.22991776626165716
XGBoost,370120,4,1,False,54,10000,5,0.10167245799675584,0.2224960681160577
XGBoost,398913,0,0,True,18,500,1,0.010997208002663683,0.12166617784934142
XGBoost,398913,0,0,True,18,500,2,0.010368167000706308,0.12840711064331556
XGBoost,398913,0,0,True,18,500,3,0.01026304200058803,0.13366087491734135
XGBoost,398913,0,0,True,18,500,4,0.01000170799670741,0.15782296102305626
XGBoost,398913,0,0,True,18,500,5,0.011014416995749343,0.15288051748587672
XGBoost,398913,0,0,True,18,1000,1,0.015000375002273358,0.15825734093868715
XGBoost,398913,0,0,True,18,1000,2,0.014840583004115615,0.12327027724301243
XGBoost,398913,0,0,True,18,1000,3,0.014268500002799556,0.1668437091830307
XGBoost,398913,0,0,True,18,1000,4,0.01456112499727169,0.17138048389246474
XGBoost,398913,0,0,True,18,1000,5,0.014906166004948318,0.17090776760703597
XGBoost,398913,0,0,True,18,2500,1,0.027649000003293622,0.15021622861266848
XGBoost,398913,0,0,True,18,2500,2,0.028081958000257146,0.12590542700240048
XGBoost,398913,0,0,True,18,2500,3,0.02799008399597369,0.1434468936842438
XGBoost,398913,0,0,True,18,2500,4,0.029571083003247622,0.13955119689347395
XGBoost,398913,0,0,True,18,2500,5,0.029165291001845617,0.1370341807200548
XGBoost,398913,0,0,True,18,5000,1,0.04987637500016717,0.1484558624276453
XGBoost,398913,0,0,True,18,5000,2,0.051718750000873115,0.12942466381453555
XGBoost,398913,0,0,True,18,5000,3,0.05104162499628728,0.1334187879584452
XGBoost,398913,0,0,True,18,5000,4,0.0517888749964186,0.14993866016924706
XGBoost,398913,0,0,True,18,5000,5,0.05222395800228696,0.13777842578070587
XGBoost,398913,0,0,True,18,10000,1,0.10729516600258648,0.1394609532179929
XGBoost,398913,0,0,True,18,10000,2,0.13930666699889116,0.12904009454715049
XGBoost,398913,0,0,True,18,10000,3,0.12618341600318672,0.13532944427637228
XGBoost,398913,0,0,True,18,10000,4,0.10311849999561673,0.14166824008085754
XGBoost,398913,0,0,True,18,10000,5,0.10213520800607512,0.1448170331991101
XGBoost,398913,0,0,True,36,500,1,0.01174245799484197,0.13765282438123572
XGBoost,398913,0,0,True,36,500,2,0.010722083003201988,0.10641569462371692
XGBoost,398913,0,0,True,36,500,3,0.0105109590003849,0.11729462395424495
XGBoost,398913,0,0,True,36,500,4,0.010396667006716598,0.10360141755039043
XGBoost,398913,0,0,True,36,500,5,0.01047337499767309,0.12858861570944968
XGBoost,398913,0,0,True,36,1000,1,0.014979667001171038,0.13361117728680516
XGBoost,398913,0,0,True,36,1000,2,0.014856624999083579,0.11363020013535818
XGBoost,398913,0,0,True,36,1000,3,0.016393624995544087,0.14901784826394127
XGBoost,398913,0,0,True,36,1000,4,0.016094874998088926,0.09957763433381672
XGBoost,398913,0,0,True,36,1000,5,0.015120958996703848,0.11059299472068584
XGBoost,398913,0,0,True,36,2500,1,0.028806207999878097,0.11496151022679102
XGBoost,398913,0,0,True,36,2500,2,0.02886041600140743,0.09049037179042685
XGBoost,398913,0,0,True,36,2500,3,0.02859316599642625,0.08075979756999552
XGBoost,398913,0,0,True,36,2500,4,0.028682749994914047,0.12180697305885313
XGBoost,398913,0,0,True,36,2500,5,0.02856745800090721,0.10398483169734418
XGBoost,398913,0,0,True,36,5000,1,0.050834334004321136,0.12111730633847695
XGBoost,398913,0,0,True,36,5000,2,0.05115345800004434,0.09666915220671368
XGBoost,398913,0,0,True,36,5000,3,0.05085937499825377,0.10522205618300029
XGBoost,398913,0,0,True,36,5000,4,0.051360749996092636,0.11481627422924001
XGBoost,398913,0,0,True,36,5000,5,0.05106691700348165,0.1106466900109877
XGBoost,398913,0,0,True,36,10000,1,0.09438545800367137,0.11325131291209911
XGBoost,398913,0,0,True,36,10000,2,0.09430791699560359,0.10181343178569524
XGBoost,398913,0,0,True,36,10000,3,0.09502212499501184,0.10778720712140688
XGBoost,398913,0,0,True,36,10000,4,0.09392400000069756,0.1000046952420458
XGBoost,398913,0,0,True,36,10000,5,0.09544429199740989,0.10793721144511303
XGBoost,398913,0,0,True,54,500,1,0.011852750001708046,0.12621955055637735
XGBoost,398913,0,0,True,54,500,2,0.011374749999959022,0.13482644729989357
XGBoost,398913,0,0,True,54,500,3,0.011206957999092992,0.10018052427093171
XGBoost,398913,0,0,True,54,500,4,0.011110042003565468,0.09208730373123841
XGBoost,398913,0,0,True,54,500,5,0.011139207999804057,0.15628306344748932
XGBoost,398913,0,0,True,54,1000,1,0.01606841700413497,0.12460619364116687
XGBoost,398913,0,0,True,54,1000,2,0.016304915996443015,0.09519908657061182
XGBoost,398913,0,0,True,54,1000,3,0.01880054200591985,0.13622366685934595
XGBoost,398913,0,0,True,54,1000,4,0.016353749997506384,0.10783343207581486
XGBoost,398913,0,0,True,54,1000,5,0.01628833399445284,0.1131308086901559
XGBoost,398913,0,0,True,54,2500,1,0.03064691699546529,0.11404012930049623
XGBoost,398913,0,0,True,54,2500,2,0.03107799999997951,0.08963761776779167
XGBoost,398913,0,0,True,54,2500,3,0.033639959001448005,0.1049498549569663
XGBoost,398913,0,0,True,54,2500,4,0.03649066700018011,0.10831621238558442
XGBoost,398913,0,0,True,54,2500,5,0.03253425000002608,0.08980235881706355
XGBoost,398913,0,0,True,54,5000,1,0.054013209002732765,0.11889382335059806
XGBoost,398913,0,0,True,54,5000,2,0.054530708002857864,0.10880792421513596
XGBoost,398913,0,0,True,54,5000,3,0.05372699999861652,0.11110300151573382
XGBoost,398913,0,0,True,54,5000,4,0.05391712499840651,0.12668977141222393
XGBoost,398913,0,0,True,54,5000,5,0.05634404200100107,0.10935453488203317
XGBoost,398913,0,0,True,54,10000,1,0.11110366699722363,0.11246258192916692
XGBoost,398913,0,0,True,54,10000,2,0.1030519580017426,0.09642891870342596
XGBoost,398913,0,0,True,54,10000,3,0.12252170899591874,0.10976786034742037
XGBoost,398913,0,0,True,54,10000,4,0.20318124999903375,0.10829085864727728
XGBoost,398913,0,0,True,54,10000,5,0.18322283400630113,0.10964172789688098
XGBoost,426277,1,1,True,18,500,1,0.017376749994582497,0.254816901304429
XGBoost,426277,1,1,True,18,500,2,0.015283000000636093,0.312899333492897
XGBoost,426277,1,1,True,18,500,3,0.013276790996314958,0.32310022974788677
XGBoost,426277,1,1,True,18,500,4,0.013699333001568448,0.3218833846089887
XGBoost,426277,1,1,True,18,500,5,0.013485916999343317,0.28414236771464685
XGBoost,426277,1,1,True,18,1000,1,0.0190014589970815,0.28811002932484897
XGBoost,426277,1,1,True,18,1000,2,0.018509749999793712,0.2867867421987559
XGBoost,426277,1,1,True,18,1000,3,0.018008250001003034,0.328339838775085
XGBoost,426277,1,1,True,18,1000,4,0.015165333999902941,0.292934442464743
XGBoost,426277,1,1,True,18,1000,5,0.015102083998499438,0.3019381251077453
XGBoost,426277,1,1,True,18,2500,1,0.028138542002125178,0.30234602170146896
XGBoost,426277,1,1,True,18,2500,2,0.02803670799767133,0.31549832053036886
XGBoost,426277,1,1,True,18,2500,3,0.02822474999993574,0.31462948139649594
XGBoost,426277,1,1,True,18,2500,4,0.02777675000106683,0.29292980278418046
XGBoost,426277,1,1,True,18,2500,5,0.02715245799481636,0.3121292022214327
XGBoost,426277,1,1,True,18,5000,1,0.05505954099498922,0.29430670940165027
XGBoost,426277,1,1,True,18,5000,2,0.06335829100135015,0.302372998442067
XGBoost,426277,1,1,True,18,5000,3,0.050300791997869965,0.3061557553797528
XGBoost,426277,1,1,True,18,5000,4,0.050540833006380126,0.3187216556147109
XGBoost,426277,1,1,True,18,5000,5,0.0518415000042296,0.2838518852605393
XGBoost,426277,1,1,True,18,10000,1,0.10238479200052097,0.28924590378609016
XGBoost,426277,1,1,True,18,10000,2,0.11715804199775448,0.30015629002433175
XGBoost,426277,1,1,True,18,10000,3,0.1288840000052005,0.29834246908660744
XGBoost,426277,1,1,True,18,10000,4,0.14182545799849322,0.3089111484156212
XGBoost,426277,1,1,True,18,10000,5,0.12583283300045878,0.29946463621350894
XGBoost,426277,1,1,True,36,500,1,0.015852666001592297,0.2682311772733097
XGBoost,426277,1,1,True,36,500,2,0.014727124995260965,0.2518591699956536
XGBoost,426277,1,1,True,36,500,3,0.01256650000141235,0.33457393028347704
XGBoost,426277,1,1,True,36,500,4,0.013409042003331706,0.2655651637254075
XGBoost,426277,1,1,True,36,500,5,0.013505458999134135,0.25021488872353603
XGBoost,426277,1,1,True,36,1000,1,0.019246500000008382,0.2843152774890858
XGBoost,426277,1,1,True,36,1000,2,0.01841545799834421,0.30550115470727357
XGBoost,426277,1,1,True,36,1000,3,0.01778783299960196,0.32570226362244337
XGBoost,426277,1,1,True,36,1000,4,0.016362000002118293,0.30067569213075207
XGBoost,426277,1,1,True,36,1000,5,0.016679166998073924,0.26864588645361187
XGBoost,426277,1,1,True,36,2500,1,0.031180667006992735,0.2766322513372578
XGBoost,426277,1,1,True,36,2500,2,0.032550833995628636,0.3022899903695858
XGBoost,426277,1,1,True,36,2500,3,0.03155695899476996,0.2860662460988813
XGBoost,426277,1,1,True,36,2500,4,0.030697416004841216,0.2906869540555622
XGBoost,426277,1,1,True,36,2500,5,0.029427749999740627,0.2937865762759845
XGBoost,426277,1,1,True,36,5000,1,0.05492470799799776,0.2866892170537123
XGBoost,426277,1,1,True,36,5000,2,0.0552027090016054,0.2852625971868079
XGBoost,426277,1,1,True,36,5000,3,0.05784637499891687,0.28581624442441633
XGBoost,426277,1,1,True,36,5000,4,0.06735220900009153,0.2887189868979896
XGBoost,426277,1,1,True,36,5000,5,0.17780900000070687,0.2907296006186074
XGBoost,426277,1,1,True,36,10000,1,0.5487009160060552,0.28760962647799104
XGBoost,426277,1,1,True,36,10000,2,0.19073083300463622,0.2869808655402768
XGBoost,426277,1,1,True,36,10000,3,0.11845850000099745,0.28870159252566696
XGBoost,426277,1,1,True,36,10000,4,0.11673762500140583,0.29548991096084565
XGBoost,426277,1,1,True,36,10000,5,0.11333983299846295,0.28333371407819496
XGBoost,426277,1,1,True,54,500,1,0.013666207996720914,0.21765794774779457
XGBoost,426277,1,1,True,54,500,2,0.013802790999761783,0.2700100279772957
XGBoost,426277,1,1,True,54,500,3,0.01195433300017612,0.28520890193085224
XGBoost,426277,1,1,True,54,500,4,0.012353459002042655,0.2725293890702237
XGBoost,426277,1,1,True,54,500,5,0.01276295800198568,0.20682644176255438
XGBoost,426277,1,1,True,54,1000,1,0.017253750003874302,0.21376805671481702
XGBoost,426277,1,1,True,54,1000,2,0.016898499998205807,0.25311758181995614
XGBoost,426277,1,1,True,54,1000,3,0.017950500005099457,0.3040040809878004
XGBoost,426277,1,1,True,54,1000,4,0.017149084000266157,0.22911934070973428
XGBoost,426277,1,1,True,54,1000,5,0.017658791002759244,0.2237514148791938
XGBoost,426277,1,1,True,54,2500,1,0.03312924999772804,0.21421926476578623
XGBoost,426277,1,1,True,54,2500,2,0.03139704200293636,0.24541589580449374
XGBoost,426277,1,1,True,54,2500,3,0.03196025000215741,0.2520735243748353
XGBoost,426277,1,1,True,54,2500,4,0.035436207996099256,0.22707869847052975
XGBoost,426277,1,1,True,54,2500,5,0.03233100000215927,0.2183405136733303
XGBoost,426277,1,1,True,54,5000,1,0.07077662499796133,0.23761632072767114
XGBoost,426277,1,1,True,54,5000,2,0.05728362499939976,0.23266683933451948
XGBoost,426277,1,1,True,54,5000,3,0.05706883299717447,0.23877439139560763
XGBoost,426277,1,1,True,54,5000,4,0.056728790994384326,0.23555950135890502
XGBoost,426277,1,1,True,54,5000,5,0.060018249998393,0.23796950316000276
XGBoost,426277,1,1,True,54,10000,1,0.10541345900128363,0.22459614221765678
XGBoost,426277,1,1,True,54,10000,2,0.10634012499940582,0.23534194190964386
XGBoost,426277,1,1,True,54,10000,3,0.1051320830010809,0.23278389720710024
XGBoost,426277,1,1,True,54,10000,4,0.11282620800193399,0.2296441721865885
XGBoost,426277,1,1,True,54,10000,5,0.15207420800288673,0.2224641044658009
XGBoost,426841,4,1,False,18,500,1,0.022120792003988754,0.046640858436371446
XGBoost,426841,4,1,False,18,500,2,0.01684837500215508,0.033760481170192036
XGBoost,426841,4,1,False,18,500,3,0.014065957999264356,0.03192734811005238
XGBoost,426841,4,1,False,18,500,4,0.013837416001479141,0.05300418484066516
XGBoost,426841,4,1,False,18,500,5,0.01252991699584527,0.03405131528550054
XGBoost,426841,4,1,False,18,1000,1,0.017466375000367407,0.045285434338986685
XGBoost,426841,4,1,False,18,1000,2,0.017134083005657885,0.035359249046942764
XGBoost,426841,4,1,False,18,1000,3,0.017305791996477637,0.03425345809929026
XGBoost,426841,4,1,False,18,1000,4,0.015364999999292195,0.03065474168544513
XGBoost,426841,4,1,False,18,1000,5,0.014834959001746029,0.040902980578987336
XGBoost,426841,4,1,False,18,2500,1,0.028091708998545073,0.02921391505114246
XGBoost,426841,4,1,False,18,2500,2,0.028591250003955793,0.03793427378406855
XGBoost,426841,4,1,False,18,2500,3,0.028643625002587214,0.022243627058297744
XGBoost,426841,4,1,False,18,2500,4,0.02827270800480619,0.03161475246691814
XGBoost,426841,4,1,False,18,2500,5,0.028444791998481378,0.03176479783367814
XGBoost,426841,4,1,False,18,5000,1,0.04982662499969592,0.01891600243310987
XGBoost,426841,4,1,False,18,5000,2,0.05008879200613592,0.02439317546845976
XGBoost,426841,4,1,False,18,5000,3,0.051672125002369285,0.02354184668185788
XGBoost,426841,4,1,False,18,5000,4,0.05148537499917438,0.02203006781156358
XGBoost,426841,4,1,False,18,5000,5,0.05143833300098777,0.029243517147014897
XGBoost,426841,4,1,False,18,10000,1,0.09725924999656854,0.01973084522419788
XGBoost,426841,4,1,False,18,10000,2,0.10301275000529131,0.01961954857432524
XGBoost,426841,4,1,False,18,10000,3,0.10433258300326997,0.019774829352790846
XGBoost,426841,4,1,False,18,10000,4,0.10470920900115743,0.019495348009535896
XGBoost,426841,4,1,False,18,10000,5,0.10499733300093794,0.02720515135766377
XGBoost,426841,4,1,False,36,500,1,0.013000583996472415,0.04889808479993285
XGBoost,426841,4,1,False,36,500,2,0.012221332995977718,0.05036417609699817
XGBoost,426841,4,1,False,36,500,3,0.012206667001009919,0.052356908968439475
XGBoost,426841,4,1,False,36,500,4,0.012298582994844764,0.030832040008010986
XGBoost,426841,4,1,False,36,500,5,0.010864084004424512,0.053275717519062904
XGBoost,426841,4,1,False,36,1000,1,0.015561915999569464,0.03952925754617642
XGBoost,426841,4,1,False,36,1000,2,0.01580616700084647,0.06205870749729059
XGBoost,426841,4,1,False,36,1000,3,0.015526250004768372,0.07290695166963101
XGBoost,426841,4,1,False,36,1000,4,0.01630983300128719,0.023978976388677076
XGBoost,426841,4,1,False,36,1000,5,0.01628366699878825,0.03709822605745128
XGBoost,426841,4,1,False,36,2500,1,0.029761792000499554,0.02733663648893292
XGBoost,426841,4,1,False,36,2500,2,0.029557834001025185,0.0295266525366239
XGBoost,426841,4,1,False,36,2500,3,0.029600207999465056,0.03140069972391768
XGBoost,426841,4,1,False,36,2500,4,0.0294730840032571,0.034581611772599996
XGBoost,426841,4,1,False,36,2500,5,0.02938374999939697,0.025772062730628154
XGBoost,426841,4,1,False,36,5000,1,0.05291095899883658,0.030722222951085953
XGBoost,426841,4,1,False,36,5000,2,0.05180766600096831,0.015216142787272346
XGBoost,426841,4,1,False,36,5000,3,0.05178370900102891,0.016442197570586625
XGBoost,426841,4,1,False,36,5000,4,0.052275415997428354,0.0171706791642543
XGBoost,426841,4,1,False,36,5000,5,0.051764292002189904,0.027330029988434368
XGBoost,426841,4,1,False,36,10000,1,0.09645666599681135,0.020600121071708166
XGBoost,426841,4,1,False,36,10000,2,0.09547050000401214,0.02140569668892256
XGBoost,426841,4,1,False,36,10000,3,0.09988770900235977,0.020645892622406126
XGBoost,426841,4,1,False,36,10000,4,0.11134395800036145,0.02902953834205646
XGBoost,426841,4,1,False,36,10000,5,0.31605962500179885,0.02541752991748425
XGBoost,426841,4,1,False,54,500,1,0.01831629200023599,0.1127808555359292
XGBoost,426841,4,1,False,54,500,2,0.013334458002645988,0.10392920732725186
XGBoost,426841,4,1,False,54,500,3,0.013582749998022337,0.08016295878686786
XGBoost,426841,4,1,False,54,500,4,0.011571957998967264,0.033940866062115105
XGBoost,426841,4,1,False,54,500,5,0.011668749997625127,0.15031218957333092
XGBoost,426841,4,1,False,54,1000,1,0.016561832999286707,0.0745518922158882
XGBoost,426841,4,1,False,54,1000,2,0.016515707997314166,0.06733652283679681
XGBoost,426841,4,1,False,54,1000,3,0.01639916600106517,0.05460587296066399
XGBoost,426841,4,1,False,54,1000,4,0.0171413330026553,0.08656588378355079
XGBoost,426841,4,1,False,54,1000,5,0.016996167003526352,0.07552397857999704
XGBoost,426841,4,1,False,54,2500,1,0.03139091599587118,0.05742364271822853
XGBoost,426841,4,1,False,54,2500,2,0.03127195900015067,0.06998017519553124
XGBoost,426841,4,1,False,54,2500,3,0.031383416993776336,0.06500604413188293
XGBoost,426841,4,1,False,54,2500,4,0.030834832999971695,0.07690237438142433
XGBoost,426841,4,1,False,54,2500,5,0.030802708002738655,0.07902983131108376
XGBoost,426841,4,1,False,54,5000,1,0.05450083300092956,0.07363617066948325
XGBoost,426841,4,1,False,54,5000,2,0.0545879999990575,0.07894372404594074
XGBoost,426841,4,1,False,54,5000,3,0.0545797919985489,0.07269980483969696
XGBoost,426841,4,1,False,54,5000,4,0.054457166996144224,0.07574924038084174
XGBoost,426841,4,1,False,54,5000,5,0.06028395800240105,0.0691467176485745
XGBoost,426841,4,1,False,54,10000,1,0.10264175000338582,0.06937010369388918
XGBoost,426841,4,1,False,54,10000,2,0.10209962500084657,0.06518104740324271
XGBoost,426841,4,1,False,54,10000,3,0.10037004199693911,0.0731565801455033
XGBoost,426841,4,1,False,54,10000,4,0.10088020800321829,0.0688054132814857
XGBoost,426841,4,1,False,54,10000,5,0.10696441600157414,0.08016769415329827
XGBoost,561670,0,0,True,18,500,1,0.011773124999308493,0.14304137099060643
XGBoost,561670,0,0,True,18,500,2,0.01034879199869465,0.15465731996348708
XGBoost,561670,0,0,True,18,500,3,0.010673500000848435,0.1651883875314013
XGBoost,561670,0,0,True,18,500,4,0.010555291002674494,0.18757106203126195
XGBoost,561670,0,0,True,18,500,5,0.015322915998694953,0.17142184437079644
XGBoost,561670,0,0,True,18,1000,1,0.026766000002680812,0.19718435731585093
XGBoost,561670,0,0,True,18,1000,2,0.024303792000864632,0.132327568141957
XGBoost,561670,0,0,True,18,1000,3,0.022854750000988133,0.2081585977243482
XGBoost,561670,0,0,True,18,1000,4,0.023709832996246405,0.18782648298582294
XGBoost,561670,0,0,True,18,1000,5,0.01778970799932722,0.20310882728030422
XGBoost,561670,0,0,True,18,2500,1,0.032101832999615,0.1725961411799678
XGBoost,561670,0,0,True,18,2500,2,0.03106816599756712,0.14870290416754228
XGBoost,561670,0,0,True,18,2500,3,0.03148312499979511,0.172200392182272
XGBoost,561670,0,0,True,18,2500,4,0.035178917001758236,0.1526001345417226
XGBoost,561670,0,0,True,18,2500,5,0.035603791002358776,0.14483486884803665
XGBoost,561670,0,0,True,18,5000,1,0.06443362500431249,0.16083134989086856
XGBoost,561670,0,0,True,18,5000,2,0.08063091600342887,0.1540899739365873
XGBoost,561670,0,0,True,18,5000,3,0.0722486669983482,0.163063747587761
XGBoost,561670,0,0,True,18,5000,4,0.06388850000075763,0.17108094689265707
XGBoost,561670,0,0,True,18,5000,5,0.05741837499954272,0.16464353300843526
XGBoost,561670,0,0,True,18,10000,1,0.1095582080015447,0.16221897008616526
XGBoost,561670,0,0,True,18,10000,2,0.1630688340010238,0.14779772209766795
XGBoost,561670,0,0,True,18,10000,3,0.1563373329991009,0.15663800590254007
XGBoost,561670,0,0,True,18,10000,4,0.12531270799809135,0.159941534185437
XGBoost,561670,0,0,True,18,10000,5,0.16401450000557816,0.1671095150046049
XGBoost,561670,0,0,True,36,500,1,0.01713479099998949,0.12878690018391725
XGBoost,561670,0,0,True,36,500,2,0.014360207998834085,0.11165877203193553
XGBoost,561670,0,0,True,36,500,3,0.012366166993160732,0.11359829876254224
XGBoost,561670,0,0,True,36,500,4,0.013220542001363356,0.11294636732852292
XGBoost,561670,0,0,True,36,500,5,0.012153707997640595,0.13523968443188894
XGBoost,561670,0,0,True,36,1000,1,0.016685374997905456,0.14952855886316674
XGBoost,561670,0,0,True,36,1000,2,0.015890624999883585,0.11040227823666482
XGBoost,561670,0,0,True,36,1000,3,0.015958249998220708,0.1478252189449506
XGBoost,561670,0,0,True,36,1000,4,0.0172971249994589,0.10500845832867356
XGBoost,561670,0,0,True,36,1000,5,0.015636625001206994,0.12456584829587192
XGBoost,561670,0,0,True,36,2500,1,0.02912458300124854,0.1265602275869615
XGBoost,561670,0,0,True,36,2500,2,0.03054754099866841,0.1032966926618446
XGBoost,561670,0,0,True,36,2500,3,0.029206041996076237,0.09011449462013132
XGBoost,561670,0,0,True,36,2500,4,0.029118874997948296,0.11524395324087378
XGBoost,561670,0,0,True,36,2500,5,0.028901709003548604,0.10988211910563839
XGBoost,561670,0,0,True,36,5000,1,0.051303958003700245,0.12376209808087246
XGBoost,561670,0,0,True,36,5000,2,0.05146612499811454,0.10587981833377924
XGBoost,561670,0,0,True,36,5000,3,0.052105125003436115,0.12206573390591724
XGBoost,561670,0,0,True,36,5000,4,0.05189375000190921,0.11351562934789727
XGBoost,561670,0,0,True,36,5000,5,0.05202037500566803,0.12043293210332129
XGBoost,561670,0,0,True,36,10000,1,0.0959848329948727,0.11755959352923151
XGBoost,561670,0,0,True,36,10000,2,0.09527120900020236,0.10735468786372937
XGBoost,561670,0,0,True,36,10000,3,0.09860291599761695,0.10662553745414993
XGBoost,561670,0,0,True,36,10000,4,0.10726133400021354,0.1112052854391451
XGBoost,561670,0,0,True,36,10000,5,0.21620866599550936,0.11670442234962342
XGBoost,561670,0,0,True,54,500,1,0.021126291001564823,0.12836907876886228
XGBoost,561670,0,0,True,54,500,2,0.015048124994791579,0.12495915036113892
XGBoost,561670,0,0,True,54,500,3,0.012954458994499873,0.11644401995598608
XGBoost,561670,0,0,True,54,500,4,0.013070250002783723,0.09600041678177851
XGBoost,561670,0,0,True,54,500,5,0.012922458001412451,0.15428523540616323
XGBoost,561670,0,0,True,54,1000,1,0.016514791997906286,0.12481249134162509
XGBoost,561670,0,0,True,54,1000,2,0.016172875002666842,0.09725295059858208
XGBoost,561670,0,0,True,54,1000,3,0.016282167001918424,0.138169937690785
XGBoost,561670,0,0,True,54,1000,4,0.01705200000287732,0.1099251320385276
XGBoost,561670,0,0,True,54,1000,5,0.01625274999969406,0.11552052738454188
XGBoost,561670,0,0,True,54,2500,1,0.030811083001026418,0.11539649105245042
XGBoost,561670,0,0,True,54,2500,2,0.030632750000222586,0.105372990138479
XGBoost,561670,0,0,True,54,2500,3,0.030311709000670817,0.10660526597216236
XGBoost,561670,0,0,True,54,2500,4,0.031533708999631926,0.10962082412986407
XGBoost,561670,0,0,True,54,2500,5,0.031260208001185674,0.09081657792492137
XGBoost,561670,0,0,True,54,5000,1,0.0542835419983021,0.1255710517484897
XGBoost,561670,0,0,True,54,5000,2,0.05493429100170033,0.11057146304491483
XGBoost,561670,0,0,True,54,5000,3,0.054594790999544784,0.11191243573476961
XGBoost,561670,0,0,True,54,5000,4,0.05539566600054968,0.11724717050920308
XGBoost,561670,0,0,True,54,5000,5,0.05389675000333227,0.11982338915921609
XGBoost,561670,0,0,True,54,10000,1,0.10081712499959394,0.124389572246274
XGBoost,561670,0,0,True,54,10000,2,0.10451783399912529,0.09679061456565607
XGBoost,561670,0,0,True,54,10000,3,0.10111150000011548,0.10907369452078108
XGBoost,561670,0,0,True,54,10000,4,0.10142487499979325,0.1129711250780363
XGBoost,561670,0,0,True,54,10000,5,0.1608276670012856,0.12286585731143607
XGBoost,575655,5,2,False,18,500,1,0.014458625002589542,0.7132384444108772
XGBoost,575655,5,2,False,18,500,2,0.013730999999097548,0.7201236926060051
XGBoost,575655,5,2,False,18,500,3,0.013343291000637691,0.7050126685152233
XGBoost,575655,5,2,False,18,500,4,0.013575875003880356,0.6781885402340844
XGBoost,575655,5,2,False,18,500,5,0.012371958000585437,0.7525634831617318
XGBoost,575655,5,2,False,18,1000,1,0.017082000005757436,0.6686056277677718
XGBoost,575655,5,2,False,18,1000,2,0.01645216700126184,0.6668256554912255
XGBoost,575655,5,2,False,18,1000,3,0.016819333999592345,0.6891182609478657
XGBoost,575655,5,2,False,18,1000,4,0.018210624999483116,0.6761494294972117
XGBoost,575655,5,2,False,18,1000,5,0.016837499999383,0.755795151034771
XGBoost,575655,5,2,False,18,2500,1,0.031465250001929235,0.7018920559598657
XGBoost,575655,5,2,False,18,2500,2,0.031265708996215835,0.7123417031518384
XGBoost,575655,5,2,False,18,2500,3,0.028674084001977462,0.68901948548361
XGBoost,575655,5,2,False,18,2500,4,0.027830915998492856,0.7139389315291844
XGBoost,575655,5,2,False,18,2500,5,0.027798249997431412,0.7161884574262205
XGBoost,575655,5,2,False,18,5000,1,0.04861733299912885,0.6853478138119333
XGBoost,575655,5,2,False,18,5000,2,0.048983207998389844,0.7103724865157933
XGBoost,575655,5,2,False,18,5000,3,0.050610624995897524,0.7005707270556334
XGBoost,575655,5,2,False,18,5000,4,0.053751375002320856,0.6976220124434016
XGBoost,575655,5,2,False,18,5000,5,0.055359624995617196,0.7074811589401431
XGBoost,575655,5,2,False,18,10000,1,0.10313058299652766,0.6826673869023501
XGBoost,575655,5,2,False,18,10000,2,0.10172654199413955,0.6939262896510296
XGBoost,575655,5,2,False,18,10000,3,0.10657766600343166,0.6908379279551748
XGBoost,575655,5,2,False,18,10000,4,0.12038504100200953,0.6852883450558497
XGBoost,575655,5,2,False,18,10000,5,0.11733237499720417,0.7018866001112267
XGBoost,575655,5,2,False,36,500,1,0.012664334004512057,0.4469451426573132
XGBoost,575655,5,2,False,36,500,2,0.01215470799797913,0.39209115889964186
XGBoost,575655,5,2,False,36,500,3,0.01230154100630898,0.4278104499472941
XGBoost,575655,5,2,False,36,500,4,0.01286699999764096,0.41243906354297455
XGBoost,575655,5,2,False,36,500,5,0.011446415999671444,0.47173909011807047
XGBoost,575655,5,2,False,36,1000,1,0.015582708998408634,0.42886014893104485
XGBoost,575655,5,2,False,36,1000,2,0.015364749997388572,0.39593616377142526
XGBoost,575655,5,2,False,36,1000,3,0.015709457999037113,0.48190823071961963
XGBoost,575655,5,2,False,36,1000,4,0.015572291995340493,0.4387079529638577
XGBoost,575655,5,2,False,36,1000,5,0.015676542003348004,0.45296548084912436
XGBoost,575655,5,2,False,36,2500,1,0.029000834001635667,0.43686108152845515
XGBoost,575655,5,2,False,36,2500,2,0.02914808300556615,0.46252070349596996
XGBoost,575655,5,2,False,36,2500,3,0.029320000001462176,0.4437220228463341
XGBoost,575655,5,2,False,36,2500,4,0.029018166998866946,0.4390802420832891
XGBoost,575655,5,2,False,36,2500,5,0.029225833000964485,0.4355676047069442
XGBoost,575655,5,2,False,36,5000,1,0.051915666001150385,0.4378550351061795
XGBoost,575655,5,2,False,36,5000,2,0.05142558399529662,0.45229719227168463
XGBoost,575655,5,2,False,36,5000,3,0.051763041999947745,0.43578435313825437
XGBoost,575655,5,2,False,36,5000,4,0.05231616699893493,0.44150516486988667
XGBoost,575655,5,2,False,36,5000,5,0.05161433399916859,0.45378581265460805
XGBoost,575655,5,2,False,36,10000,1,0.09830458299984457,0.42985573623564177
XGBoost,575655,5,2,False,36,10000,2,0.0987276669984567,0.44801068368222174
XGBoost,575655,5,2,False,36,10000,3,0.0988512499970966,0.4408978639739035
XGBoost,575655,5,2,False,36,10000,4,0.10636995800450677,0.440503150887957
XGBoost,575655,5,2,False,36,10000,5,0.1075892919980106,0.44050462585468886
XGBoost,575655,5,2,False,54,500,1,0.013868458001525141,0.32625128146562654
XGBoost,575655,5,2,False,54,500,2,0.013409125000180211,0.36017855075120875
XGBoost,575655,5,2,False,54,500,3,0.012863916999776848,0.3768151590863912
XGBoost,575655,5,2,False,54,500,4,0.011406709003495052,0.371358927426354
XGBoost,575655,5,2,False,54,500,5,0.01323404200229561,0.24058124950479165
XGBoost,575655,5,2,False,54,1000,1,0.016584167002292816,0.3049720035739547
XGBoost,575655,5,2,False,54,1000,2,0.016232500005571637,0.29874745987216866
XGBoost,575655,5,2,False,54,1000,3,0.01615062500059139,0.33468063984348706
XGBoost,575655,5,2,False,54,1000,4,0.016643249997287057,0.299094904871257
XGBoost,575655,5,2,False,54,1000,5,0.016312958003254607,0.3536888112557328
XGBoost,575655,5,2,False,54,2500,1,0.03217883400066057,0.29170636804614825
XGBoost,575655,5,2,False,54,2500,2,0.03072516700194683,0.283649351928543
XGBoost,575655,5,2,False,54,2500,3,0.03204645899677416,0.29982369153451915
XGBoost,575655,5,2,False,54,2500,4,0.030899500001396518,0.2962079030528796
XGBoost,575655,5,2,False,54,2500,5,0.031003083997347858,0.2962559898762621
XGBoost,575655,5,2,False,54,5000,1,0.05420150000281865,0.2836649295180006
XGBoost,575655,5,2,False,54,5000,2,0.054531165995285846,0.28582575446337266
XGBoost,575655,5,2,False,54,5000,3,0.05438583299837774,0.2946312323192686
XGBoost,575655,5,2,False,54,5000,4,0.0562536249999539,0.2899707949633239
XGBoost,575655,5,2,False,54,5000,5,0.05439729199861176,0.30244175523428785
XGBoost,575655,5,2,False,54,10000,1,0.1016373750026105,0.29377821594269926
XGBoost,575655,5,2,False,54,10000,2,0.10300716699566692,0.2939662080042237
XGBoost,575655,5,2,False,54,10000,3,0.10154579200025182,0.29138666160894244
XGBoost,575655,5,2,False,54,10000,4,0.10578425000130665,0.2769525097425738
XGBoost,575655,5,2,False,54,10000,5,0.10820312500436557,0.27973691814602886
XGBoost,577784,2,2,True,18,500,1,0.01219275000039488,0.7970523446224885
XGBoost,577784,2,2,True,18,500,2,0.011439833004260436,0.8164403733687291
XGBoost,577784,2,2,True,18,500,3,0.010584959003608674,0.8168115261383004
XGBoost,577784,2,2,True,18,500,4,0.010497291994397528,0.8331551094876744
XGBoost,577784,2,2,True,18,500,5,0.010205333994235843,0.821939382194691
XGBoost,577784,2,2,True,18,1000,1,0.01481074999901466,0.7627575355848404
XGBoost,577784,2,2,True,18,1000,2,0.014759249999769963,0.7781660252878628
XGBoost,577784,2,2,True,18,1000,3,0.014966750000894535,0.777636316899454
XGBoost,577784,2,2,True,18,1000,4,0.01505741599976318,0.7317219136540445
XGBoost,577784,2,2,True,18,1000,5,0.014639083005022258,0.8077168874496344
XGBoost,577784,2,2,True,18,2500,1,0.02757079200091539,0.7978494110466444
XGBoost,577784,2,2,True,18,2500,2,0.02813820900337305,0.7912077302859667
XGBoost,577784,2,2,True,18,2500,3,0.02769166699727066,0.7918001523423531
XGBoost,577784,2,2,True,18,2500,4,0.028085707999707665,0.7858873848028478
XGBoost,577784,2,2,True,18,2500,5,0.027688708003552165,0.8035526912049924
XGBoost,577784,2,2,True,18,5000,1,0.04887391599913826,0.8029707364164418
XGBoost,577784,2,2,True,18,5000,2,0.048910999998042826,0.8179664759920967
XGBoost,577784,2,2,True,18,5000,3,0.049960583994106855,0.8009095245702657
XGBoost,577784,2,2,True,18,5000,4,0.054593875000136904,0.8100815865665725
XGBoost,577784,2,2,True,18,5000,5,0.05358012499345932,0.8013913736307361
XGBoost,577784,2,2,True,18,10000,1,0.09826374999829568,0.7951510647467281
XGBoost,577784,2,2,True,18,10000,2,0.10327720899658743,0.7985324700767759
XGBoost,577784,2,2,True,18,10000,3,0.10769787499884842,0.8029756177550575
XGBoost,577784,2,2,True,18,10000,4,0.11566737500106683,0.7998862603704239
XGBoost,577784,2,2,True,18,10000,5,0.11227237500133924,0.808600786390277
XGBoost,577784,2,2,True,36,500,1,0.013103125005727634,0.4448171023769806
XGBoost,577784,2,2,True,36,500,2,0.012312459002714604,0.4000519573163016
XGBoost,577784,2,2,True,36,500,3,0.012441290993592702,0.4556612360467821
XGBoost,577784,2,2,True,36,500,4,0.01135062499815831,0.4103731422467426
XGBoost,577784,2,2,True,36,500,5,0.010938958999759052,0.4831824070813405
XGBoost,577784,2,2,True,36,1000,1,0.015901999999186955,0.4332550128303454
XGBoost,577784,2,2,True,36,1000,2,0.015379832999315113,0.39846092113302367
XGBoost,577784,2,2,True,36,1000,3,0.01548449999972945,0.486571356267118
XGBoost,577784,2,2,True,36,1000,4,0.015541207998467144,0.43731399017053574
XGBoost,577784,2,2,True,36,1000,5,0.01610591699864017,0.4528175361333848
XGBoost,577784,2,2,True,36,2500,1,0.028911790999700315,0.43304545134127126
XGBoost,577784,2,2,True,36,2500,2,0.02915591700002551,0.4595072630553346
XGBoost,577784,2,2,True,36,2500,3,0.02945870799885597,0.4458379536798931
XGBoost,577784,2,2,True,36,2500,4,0.028860291000455618,0.439934815503504
XGBoost,577784,2,2,True,36,2500,5,0.028912750000017695,0.43252427647167735
XGBoost,577784,2,2,True,36,5000,1,0.05249091600126121,0.43122768876768713
XGBoost,577784,2,2,True,36,5000,2,0.05139554200286511,0.45138112098497774
XGBoost,577784,2,2,True,36,5000,3,0.05209483399812598,0.4317014777378204
XGBoost,577784,2,2,True,36,5000,4,0.05143795800540829,0.43763101430117524
XGBoost,577784,2,2,True,36,5000,5,0.05199229199934052,0.4565083819315755
XGBoost,577784,2,2,True,36,10000,1,0.09577262499806238,0.4268051279768088
XGBoost,577784,2,2,True,36,10000,2,0.09498054199502803,0.44546909328879225
XGBoost,577784,2,2,True,36,10000,3,0.0963072500017006,0.4372671779679944
XGBoost,577784,2,2,True,36,10000,4,0.09596316699753515,0.4381286193732986
XGBoost,577784,2,2,True,36,10000,5,0.15412641700095264,0.43551301747779403
XGBoost,577784,2,2,True,54,500,1,0.012935083002957981,0.31892123463702937
XGBoost,577784,2,2,True,54,500,2,0.012971375006600283,0.34746022063741433
XGBoost,577784,2,2,True,54,500,3,0.0130723330003093,0.38893039219902026
XGBoost,577784,2,2,True,54,500,4,0.014225207996787503,0.38861558843625865
XGBoost,577784,2,2,True,54,500,5,0.01329608300147811,0.2549241645316912
XGBoost,577784,2,2,True,54,1000,1,0.01879400000325404,0.30808373493984587
XGBoost,577784,2,2,True,54,1000,2,0.017380917000991758,0.30350791560250534
XGBoost,577784,2,2,True,54,1000,3,0.01649337499839021,0.33207305170831536
XGBoost,577784,2,2,True,54,1000,4,0.0164381670037983,0.3002870212663463
XGBoost,577784,2,2,True,54,1000,5,0.01612004200433148,0.3598081652601236
XGBoost,577784,2,2,True,54,2500,1,0.030989374994533136,0.29427757307714664
XGBoost,577784,2,2,True,54,2500,2,0.030703874996106606,0.2858705780558257
XGBoost,577784,2,2,True,54,2500,3,0.031018999994557817,0.30032449012091644
XGBoost,577784,2,2,True,54,2500,4,0.030854041993734427,0.2976675749525528
XGBoost,577784,2,2,True,54,2500,5,0.030781042005401105,0.29425748227542303
XGBoost,577784,2,2,True,54,5000,1,0.05439387499791337,0.28427247582652093
XGBoost,577784,2,2,True,54,5000,2,0.05476608299795771,0.2874796698682247
XGBoost,577784,2,2,True,54,5000,3,0.05452858300122898,0.2960949092827705
XGBoost,577784,2,2,True,54,5000,4,0.05462387500301702,0.2912026611263919
XGBoost,577784,2,2,True,54,5000,5,0.0543372910033213,0.3037928982871301
XGBoost,577784,2,2,True,54,10000,1,0.10374874999979511,0.29411790512983393
XGBoost,577784,2,2,True,54,10000,2,0.10090829199907603,0.2951228339087959
XGBoost,577784,2,2,True,54,10000,3,0.10219716600113316,0.29226298024137976
XGBoost,577784,2,2,True,54,10000,4,0.10633162500016624,0.2776359322582572
XGBoost,577784,2,2,True,54,10000,5,0.1042194169931463,0.2807038737905193
XGBoost,580669,2,2,True,18,500,1,0.01034816700121155,0.7927281369740679
XGBoost,580669,2,2,True,18,500,2,0.010628583004290704,0.8139048488248022
XGBoost,580669,2,2,True,18,500,3,0.010912625002674758,0.8150003542304036
XGBoost,580669,2,2,True,18,500,4,0.010153791998163797,0.8352195668852386
XGBoost,580669,2,2,True,18,500,5,0.009989292004320305,0.8227052794200223
XGBoost,580669,2,2,True,18,1000,1,0.014778083997953217,0.7649244546426509
XGBoost,580669,2,2,True,18,1000,2,0.015368915999715682,0.7768160251888219
XGBoost,580669,2,2,True,18,1000,3,0.014825416998064611,0.775009841517586
XGBoost,580669,2,2,True,18,1000,4,0.014445833003264852,0.7356381467931586
XGBoost,580669,2,2,True,18,1000,5,0.014964916997996625,0.8069748766064246
XGBoost,580669,2,2,True,18,2500,1,0.02749795799900312,0.8003781668904394
XGBoost,580669,2,2,True,18,2500,2,0.028142957999079954,0.7919638543017868
XGBoost,580669,2,2,True,18,2500,3,0.028143124996859115,0.7931189235355565
XGBoost,580669,2,2,True,18,2500,4,0.02758633300254587,0.7899644817328709
XGBoost,580669,2,2,True,18,2500,5,0.027676707999489736,0.8039760202533512
XGBoost,580669,2,2,True,18,5000,1,0.049135708999529015,0.8040423418048199
XGBoost,580669,2,2,True,18,5000,2,0.048986125002556946,0.8181718954529373
XGBoost,580669,2,2,True,18,5000,3,0.049290667004243005,0.8023748272488088
XGBoost,580669,2,2,True,18,5000,4,0.04869000000326196,0.8126235598632281
XGBoost,580669,2,2,True,18,5000,5,0.05038833399885334,0.8028120480885707
XGBoost,580669,2,2,True,18,10000,1,0.09055070800241083,0.7973686355236582
XGBoost,580669,2,2,True,18,10000,2,0.09004845799790928,0.7994477283353968
XGBoost,580669,2,2,True,18,10000,3,0.09251416700135451,0.8047716231670415
XGBoost,580669,2,2,True,18,10000,4,0.10224070800177287,0.79989451693257
XGBoost,580669,2,2,True,18,10000,5,0.1128919999973732,0.8089721201943536
XGBoost,580669,2,2,True,36,500,1,0.014580874994862825,0.44634981010135877
XGBoost,580669,2,2,True,36,500,2,0.012699917002464645,0.3983068870457398
XGBoost,580669,2,2,True,36,500,3,0.012205667000671383,0.42674165958952237
XGBoost,580669,2,2,True,36,500,4,0.012306083001021761,0.4039019526619134
XGBoost,580669,2,2,True,36,500,5,0.01216158299939707,0.4790420832653578
XGBoost,580669,2,2,True,36,1000,1,0.015461249997315463,0.44258617085597496
XGBoost,580669,2,2,True,36,1000,2,0.015683375000662636,0.39741402567331385
XGBoost,580669,2,2,True,36,1000,3,0.016355499996279832,0.48302732679421534
XGBoost,580669,2,2,True,36,1000,4,0.015333542003645562,0.4316709552578313
XGBoost,580669,2,2,True,36,1000,5,0.01550479199795518,0.4584034313773546
XGBoost,580669,2,2,True,36,2500,1,0.02920658400398679,0.4328373731872289
XGBoost,580669,2,2,True,36,2500,2,0.029448166002111975,0.4635081102053987
XGBoost,580669,2,2,True,36,2500,3,0.02932524999778252,0.4449223323654875
XGBoost,580669,2,2,True,36,2500,4,0.029269667000335176,0.4427382131321884
XGBoost,580669,2,2,True,36,2500,5,0.0297722920004162,0.44061795932959924
XGBoost,580669,2,2,True,36,5000,1,0.052001915995788295,0.44096337393207874
XGBoost,580669,2,2,True,36,5000,2,0.051342374994419515,0.45095123549640304
XGBoost,580669,2,2,True,36,5000,3,0.05179245799808996,0.4404666951347702
XGBoost,580669,2,2,True,36,5000,4,0.05141854200337548,0.440783606389611
XGBoost,580669,2,2,True,36,5000,5,0.05278866699518403,0.4528301424362532
XGBoost,580669,2,2,True,36,10000,1,0.09681112499674782,0.4270985916154141
XGBoost,580669,2,2,True,36,10000,2,0.09549100000003818,0.4503203679999044
XGBoost,580669,2,2,True,36,10000,3,0.0961550000065472,0.4413019981416807
XGBoost,580669,2,2,True,36,10000,4,0.09640058300283272,0.4415025145918785
XGBoost,580669,2,2,True,36,10000,5,0.09590695900260471,0.44363851959986966
XGBoost,580669,2,2,True,54,500,1,0.012237124996318016,0.3181862773596664
XGBoost,580669,2,2,True,54,500,2,0.011772541001846548,0.3474820443222728
XGBoost,580669,2,2,True,54,500,3,0.011843707994557917,0.3919007382554215
XGBoost,580669,2,2,True,54,500,4,0.011543874999915715,0.3928170260018128
XGBoost,580669,2,2,True,54,500,5,0.011498041996674147,0.27404306100590325
XGBoost,580669,2,2,True,54,1000,1,0.016401333996327594,0.3078310890700363
XGBoost,580669,2,2,True,54,1000,2,0.01641820900113089,0.3042079426089572
XGBoost,580669,2,2,True,54,1000,3,0.016189540998311713,0.33113777397377053
XGBoost,580669,2,2,True,54,1000,4,0.016652792000968475,0.301489654825985
XGBoost,580669,2,2,True,54,1000,5,0.01645012500375742,0.3594675526591451
XGBoost,580669,2,2,True,54,2500,1,0.031073874997673556,0.2944969861122507
XGBoost,580669,2,2,True,54,2500,2,0.030972250002378132,0.2856704210662182
XGBoost,580669,2,2,True,54,2500,3,0.03142429099534638,0.30066048973861714
XGBoost,580669,2,2,True,54,2500,4,0.030974417000834364,0.29803951901452974
XGBoost,580669,2,2,True,54,2500,5,0.03431974999693921,0.29398949513608674
XGBoost,580669,2,2,True,54,5000,1,0.054908375001105014,0.28452827416485227
XGBoost,580669,2,2,True,54,5000,2,0.05503591699380195,0.2878279736868474
XGBoost,580669,2,2,True,54,5000,3,0.05447462500160327,0.29648823908069766
XGBoost,580669,2,2,True,54,5000,4,0.05427583300479455,0.29156212001633985
XGBoost,580669,2,2,True,54,5000,5,0.05455049999727635,0.30376668712047783
XGBoost,580669,2,2,True,54,10000,1,0.10129029199742945,0.2948253013978802
XGBoost,580669,2,2,True,54,10000,2,0.10335483299422776,0.29518439406621855
XGBoost,580669,2,2,True,54,10000,3,0.10097316599421902,0.29255578121959114
XGBoost,580669,2,2,True,54,10000,4,0.10207304100185866,0.2778905660426214
XGBoost,580669,2,2,True,54,10000,5,0.10568583299755119,0.28091234601849324
